[16:10:49] [main/INFO]: ModLauncher running: args [--username, StarrFluff, --version, neoforge-21.1.234, --gameDir, E:\Minecraft Modding\Instances\DragonKnights DEV (1), --assetsDir, E:\Minecraft Modding\Install\assets, --assetIndex, 17, --uuid, 46c14c2ab87146bfbaf24c17c2ab9141, --accessToken, ❄❄❄❄❄❄❄❄, --clientId, 1003dba-4c8097-8a37d7-664f0e-8b5906, --xuid, 2535420474499486, --userType, msa, --versionType, release, --width, 1024, --height, 768, --quickPlayPath, E:\Minecraft Modding\Quickplay\9d225ace-56af-4f6a-9a1c-f712e537cd35.json, , , , --fml.neoForgeVersion, 21.1.234, --fml.fmlVersion, 4.0.42, --fml.mcVersion, 1.21.1, --fml.neoFormVersion, 20240808.144430, --launchTarget, forgeclient]
[16:10:49] [main/INFO]: JVM identified as Eclipse Adoptium OpenJDK 64-Bit Server VM 21.0.10+7-LTS
[16:10:49] [main/INFO]: ModLauncher 11.0.5+main.901c6ea8 starting: java version 21.0.10 by Eclipse Adoptium; OS Windows 11 arch amd64 version 10.0
[16:10:51] [main/INFO]: Searching for graphics cards...
[16:10:51] [main/INFO]: Found graphics adapter: AdapterInfo{vendor=AMD, description='AMD Radeon(TM) Graphics', adapterType=0x00002323, openglIcdFilePath='C:\WINDOWS\System32\DriverStore\FileRepository\u0199286.inf_amd64_154faf4486d4b311\B025819\atig6pxx.dll', openglIcdVersion=32.0.21043.5001}
[16:10:51] [main/INFO]: Found graphics adapter: AdapterInfo{vendor=NVIDIA, description='NVIDIA GeForce RTX 4070 Ti', adapterType=0x0000031B, openglIcdFilePath='C:\WINDOWS\System32\DriverStore\FileRepository\nv_dispig.inf_amd64_f4c7a2fd13e0f763\nvoglv64.dll', openglIcdVersion=32.0.15.9186}
[16:10:51] [main/WARN]: Sodium has applied one or more workarounds to prevent crashes or other issues on your system: [NVIDIA_THREADED_OPTIMIZATIONS_BROKEN, AMD_GAME_OPTIMIZATION_BROKEN]
[16:10:51] [main/WARN]: This is not necessarily an issue, but it may result in certain features or optimizations being disabled. You can sometimes fix these issues by upgrading your graphics driver.
[16:10:51] [main/INFO]: Modifying process environment to apply workarounds for the NVIDIA graphics driver...
[16:10:51] [main/INFO]: Loading ImmediateWindowProvider fmlearlywindow
[16:10:51] [main/INFO]: Trying GL version 4.6
[16:10:51] [main/INFO]: Requested GL version 4.6 got version 4.6
[16:10:51] [main/INFO]: SpongePowered MIXIN Subsystem Version=0.8.7 Source=union:/E:/Minecraft%20Modding/Install/libraries/net/fabricmc/sponge-mixin/0.15.2+mixin.0.8.7/sponge-mixin-0.15.2+mixin.0.8.7.jar%23121!/ Service=ModLauncher Env=CLIENT
[16:10:51] [pool-2-thread-1/INFO]: GL info: NVIDIA GeForce RTX 4070 Ti/PCIe/SSE2 GL version 4.6.0 NVIDIA 591.86, NVIDIA Corporation
[16:10:51] [main/INFO]: Found mod file "client-1.21.1-20240808.144430-srg.jar" [locator: production client provider +net.neoforged:neoforge:21.1.234:client]
[16:10:51] [main/INFO]: Found mod file "neoforge-21.1.234-universal.jar" [locator: PathBasedLocator[name=neoforge, paths=[E:\Minecraft Modding\Install\libraries\net\neoforged\neoforge\21.1.234\neoforge-21.1.234-universal.jar]], reader: mod manifest]
[16:10:51] [main/INFO]: Found mod file "net.caffeinemc.sodium-neoforge-0.8.12+mc1.21.1-mod.jar" [locator: net.caffeinemc.mods.sodium.service.SodiumServiceModLocator@127e70c5, reader: mod manifest]
[16:10:51] [main/INFO]: Found mod file "fabric-rendering-data-attachment-v1-0.3.48+73761d2e19.jar" [locator: net.caffeinemc.mods.sodium.service.SodiumServiceModLocator@127e70c5, reader: mod manifest]
[16:10:51] [main/INFO]: Found mod file "fabric-renderer-api-v1-3.4.1+9125b6dc19.jar" [locator: net.caffeinemc.mods.sodium.service.SodiumServiceModLocator@127e70c5, reader: mod manifest]
[16:10:51] [main/INFO]: Found mod file "fabric-block-view-api-v2-1.0.10+9afaaf8c19.jar" [locator: net.caffeinemc.mods.sodium.service.SodiumServiceModLocator@127e70c5, reader: mod manifest]
[16:10:51] [main/INFO]: Found mod file "fabric-api-base-0.4.42+d1308ded19.jar" [locator: net.caffeinemc.mods.sodium.service.SodiumServiceModLocator@127e70c5, reader: mod manifest]
[16:10:51] [main/INFO]: Found mod file "addonslib-neoforge-1.21.1-1.13.jar" [locator: {mods folder locator at E:\Minecraft Modding\Instances\DragonKnights DEV (1)\mods}, reader: mod manifest]
[16:10:51] [main/INFO]: Found mod file "aeronauticscompat-1.1.2.jar" [locator: {mods folder locator at E:\Minecraft Modding\Instances\DragonKnights DEV (1)\mods}, reader: mod manifest]
[16:10:51] [main/INFO]: Found mod file "alexscaves-2.0.10.jar" [locator: {mods folder locator at E:\Minecraft Modding\Instances\DragonKnights DEV (1)\mods}, reader: mod manifest]
[16:10:51] [main/INFO]: Found mod file "alexsmobs-1.22.17.jar" [locator: {mods folder locator at E:\Minecraft Modding\Instances\DragonKnights DEV (1)\mods}, reader: mod manifest]
[16:10:51] [main/INFO]: Found mod file "almostunified-neoforge-1.21.1-1.4.2.jar" [locator: {mods folder locator at E:\Minecraft Modding\Instances\DragonKnights DEV (1)\mods}, reader: mod manifest]
[16:10:51] [main/INFO]: Found mod file "almostunified_ie-neoforge-1.21.1-1.0.1.jar" [locator: {mods folder locator at E:\Minecraft Modding\Instances\DragonKnights DEV (1)\mods}, reader: mod manifest]
[16:10:51] [main/INFO]: Found mod file "AmbientSounds_NEOFORGE_v6.3.8_mc1.21.1.jar" [locator: {mods folder locator at E:\Minecraft Modding\Instances\DragonKnights DEV (1)\mods}, reader: mod manifest]
[16:10:51] [main/INFO]: Found mod file "amendments-1.21-2.0.15-neoforge.jar" [locator: {mods folder locator at E:\Minecraft Modding\Instances\DragonKnights DEV (1)\mods}, reader: mod manifest]
[16:10:51] [main/INFO]: Found mod file "appleskin-neoforge-mc1.21-3.0.9.jar" [locator: {mods folder locator at E:\Minecraft Modding\Instances\DragonKnights DEV (1)\mods}, reader: mod manifest]
[16:10:51] [main/INFO]: Found mod file "architectury-13.0.8-neoforge.jar" [locator: {mods folder locator at E:\Minecraft Modding\Instances\DragonKnights DEV (1)\mods}, reader: mod manifest]
[16:10:51] [main/INFO]: Found mod file "artifacts-neoforge-13.2.1.jar" [locator: {mods folder locator at E:\Minecraft Modding\Instances\DragonKnights DEV (1)\mods}, reader: mod manifest]
[16:10:51] [main/INFO]: Found mod file "athena-neoforge-1.21.1-4.0.6.jar" [locator: {mods folder locator at E:\Minecraft Modding\Instances\DragonKnights DEV (1)\mods}, reader: mod manifest]
[16:10:51] [main/INFO]: Found mod file "autumnity-1.21.1-6.0.1.jar" [locator: {mods folder locator at E:\Minecraft Modding\Instances\DragonKnights DEV (1)\mods}, reader: mod manifest]
[16:10:51] [main/INFO]: Found mod file "baguettelib-1.21.1-NeoForge-2.0.3.jar" [locator: {mods folder locator at E:\Minecraft Modding\Instances\DragonKnights DEV (1)\mods}, reader: mod manifest]
[16:10:51] [main/INFO]: Found mod file "balm-neoforge-1.21.1-21.0.59.jar" [locator: {mods folder locator at E:\Minecraft Modding\Instances\DragonKnights DEV (1)\mods}, reader: mod manifest]
[16:10:51] [main/INFO]: Found mod file "barbequesdelight-1.3.0.jar" [locator: {mods folder locator at E:\Minecraft Modding\Instances\DragonKnights DEV (1)\mods}, reader: mod manifest]
[16:10:51] [main/INFO]: Found mod file "bellsandwhistles-0.4.7-1.21.1.jar" [locator: {mods folder locator at E:\Minecraft Modding\Instances\DragonKnights DEV (1)\mods}, reader: mod manifest]
[16:10:51] [main/INFO]: Found mod file "betterdays-1.21.1-3.3.6.3-NEOFORGE.jar" [locator: {mods folder locator at E:\Minecraft Modding\Instances\DragonKnights DEV (1)\mods}, reader: mod manifest]
[16:10:51] [main/INFO]: Found mod file "BetterThirdPerson-neoforge-1.9.0.jar" [locator: {mods folder locator at E:\Minecraft Modding\Instances\DragonKnights DEV (1)\mods}, reader: mod manifest]
[16:10:51] [main/INFO]: Found mod file "biolith-neoforge-3.0.14.jar" [locator: {mods folder locator at E:\Minecraft Modding\Instances\DragonKnights DEV (1)\mods}, reader: mod manifest]
[16:10:51] [main/INFO]: Found mod file "BiomesOPlenty-neoforge-1.21.1-21.1.0.14.jar" [locator: {mods folder locator at E:\Minecraft Modding\Instances\DragonKnights DEV (1)\mods}, reader: mod manifest]
[16:10:51] [main/INFO]: Found mod file "bits_n_bobs-0.0.44.jar" [locator: {mods folder locator at E:\Minecraft Modding\Instances\DragonKnights DEV (1)\mods}, reader: mod manifest]
[16:10:51] [main/INFO]: Found mod file "blueprint-1.21.1-8.1.0.jar" [locator: {mods folder locator at E:\Minecraft Modding\Instances\DragonKnights DEV (1)\mods}, reader: mod manifest]
[16:10:51] [main/INFO]: Found mod file "born_in_chaos_[Neoforge]_1.21.1_1.7.6.jar" [locator: {mods folder locator at E:\Minecraft Modding\Instances\DragonKnights DEV (1)\mods}, reader: mod manifest]
[16:10:51] [main/INFO]: Found mod file "borninconfiguration-3.2.2.jar" [locator: {mods folder locator at E:\Minecraft Modding\Instances\DragonKnights DEV (1)\mods}, reader: mod manifest]
[16:10:51] [main/INFO]: Found mod file "BuildGuide-1.21-0.4.9.jar" [locator: {mods folder locator at E:\Minecraft Modding\Instances\DragonKnights DEV (1)\mods}, reader: mod manifest]
[16:10:51] [main/INFO]: Found mod file "buzzier_bees-1.21.1-7.0.1.jar" [locator: {mods folder locator at E:\Minecraft Modding\Instances\DragonKnights DEV (1)\mods}, reader: mod manifest]
[16:10:51] [main/INFO]: Found mod file "c2me-neoforge-mc1.21.1-0.3.0+alpha.0.93.jar" [locator: {mods folder locator at E:\Minecraft Modding\Instances\DragonKnights DEV (1)\mods}, reader: mod manifest]
[16:10:51] [main/INFO]: Found mod file "carryon-neoforge-1.21.1-2.2.4.4.jar" [locator: {mods folder locator at E:\Minecraft Modding\Instances\DragonKnights DEV (1)\mods}, reader: mod manifest]
[16:10:51] [main/INFO]: Found mod file "chipped-neoforge-1.21.1-4.0.2.jar" [locator: {mods folder locator at E:\Minecraft Modding\Instances\DragonKnights DEV (1)\mods}, reader: mod manifest]
[16:10:51] [main/INFO]: Found mod file "citadel-1.21.1-2.7.6.jar" [locator: {mods folder locator at E:\Minecraft Modding\Instances\DragonKnights DEV (1)\mods}, reader: mod manifest]
[16:10:51] [main/INFO]: Found mod file "citadel-2.7.0-1.21.1.jar" [locator: {mods folder locator at E:\Minecraft Modding\Instances\DragonKnights DEV (1)\mods}, reader: mod manifest]
[16:10:51] [main/INFO]: Found mod file "connectivity-1.21.1-7.6.jar" [locator: {mods folder locator at E:\Minecraft Modding\Instances\DragonKnights DEV (1)\mods}, reader: mod manifest]
[16:10:51] [main/INFO]: Found mod file "copycats-3.0.4+mc.1.21.1-neoforge.jar" [locator: {mods folder locator at E:\Minecraft Modding\Instances\DragonKnights DEV (1)\mods}, reader: mod manifest]
[16:10:51] [main/INFO]: Found mod file "corpse-neoforge-1.21.1-1.1.13.jar" [locator: {mods folder locator at E:\Minecraft Modding\Instances\DragonKnights DEV (1)\mods}, reader: mod manifest]
[16:10:51] [main/INFO]: Found mod file "corpsecurioscompat-1.21.1-NeoForge-3.1.3.jar" [locator: {mods folder locator at E:\Minecraft Modding\Instances\DragonKnights DEV (1)\mods}, reader: mod manifest]
[16:10:51] [main/INFO]: Found mod file "craftingtweaks-neoforge-1.21.1-21.1.10.jar" [locator: {mods folder locator at E:\Minecraft Modding\Instances\DragonKnights DEV (1)\mods}, reader: mod manifest]
[16:10:51] [main/INFO]: Found mod file "create-1.21.1-6.0.10.jar" [locator: {mods folder locator at E:\Minecraft Modding\Instances\DragonKnights DEV (1)\mods}, reader: mod manifest]
[16:10:51] [main/INFO]: Found mod file "create-aeronautics-bundled-1.21.1-1.3.0.jar" [locator: {mods folder locator at E:\Minecraft Modding\Instances\DragonKnights DEV (1)\mods}, reader: mod manifest]
[16:10:51] [main/INFO]: Found mod file "create-dyn-light-2.3.1-sodium-sable.jar" [locator: {mods folder locator at E:\Minecraft Modding\Instances\DragonKnights DEV (1)\mods}, reader: mod manifest]
[16:10:51] [main/INFO]: Found mod file "create-dyn-light-forge-1.21.1-2.0.1.jar" [locator: {mods folder locator at E:\Minecraft Modding\Instances\DragonKnights DEV (1)\mods}, reader: mod manifest]
[16:10:51] [main/INFO]: Found mod file "create-more-girder-2.1.2-neo.jar" [locator: {mods folder locator at E:\Minecraft Modding\Instances\DragonKnights DEV (1)\mods}, reader: mod manifest]
[16:10:51] [main/INFO]: Found mod file "create_aeronautics_transmission_linkage-0.2.5.jar" [locator: {mods folder locator at E:\Minecraft Modding\Instances\DragonKnights DEV (1)\mods}, reader: mod manifest]
[16:10:51] [main/INFO]: Found mod file "create_bb-1.0.7-1.21.1-Neoforge.jar" [locator: {mods folder locator at E:\Minecraft Modding\Instances\DragonKnights DEV (1)\mods}, reader: mod manifest]
[16:10:51] [main/INFO]: Found mod file "create_chipped-1.2.0-neoforge-1.21.1.jar" [locator: {mods folder locator at E:\Minecraft Modding\Instances\DragonKnights DEV (1)\mods}, reader: mod manifest]
[16:10:51] [main/INFO]: Found mod file "create_connected-1.3.1-mc1.21.1.jar" [locator: {mods folder locator at E:\Minecraft Modding\Instances\DragonKnights DEV (1)\mods}, reader: mod manifest]
[16:10:51] [main/INFO]: Found mod file "createaddition-1.6.0.jar" [locator: {mods folder locator at E:\Minecraft Modding\Instances\DragonKnights DEV (1)\mods}, reader: mod manifest]
[16:10:51] [main/INFO]: Found mod file "createaddoncompatibility-neoforge-1.21.1-1.0.0.jar" [locator: {mods folder locator at E:\Minecraft Modding\Instances\DragonKnights DEV (1)\mods}, reader: mod manifest]
[16:10:51] [main/INFO]: Found mod file "CreateAeronauticsCopycatWing-1.21.1-1.0.2.jar" [locator: {mods folder locator at E:\Minecraft Modding\Instances\DragonKnights DEV (1)\mods}, reader: mod manifest]
[16:10:51] [main/INFO]: Found mod file "createaviation-1.0.0-neoforge-1.21.1.jar" [locator: {mods folder locator at E:\Minecraft Modding\Instances\DragonKnights DEV (1)\mods}, reader: mod manifest]
[16:10:51] [main/INFO]: Found mod file "createbigcannons-5.11.6+mc.1.21.1.jar" [locator: {mods folder locator at E:\Minecraft Modding\Instances\DragonKnights DEV (1)\mods}, reader: mod manifest]
[16:10:51] [main/INFO]: Found mod file "createdeco-2.1.3.jar" [locator: {mods folder locator at E:\Minecraft Modding\Instances\DragonKnights DEV (1)\mods}, reader: mod manifest]
[16:10:51] [main/INFO]: Found mod file "CreateLazyTick-2.4.9-6.0.x-neoforge-1.21.1.jar" [locator: {mods folder locator at E:\Minecraft Modding\Instances\DragonKnights DEV (1)\mods}, reader: mod manifest]
[16:10:51] [main/INFO]: Found mod file "createoreexcavation-1.21-1.6.8.jar" [locator: {mods folder locator at E:\Minecraft Modding\Instances\DragonKnights DEV (1)\mods}, reader: mod manifest]
[16:10:51] [main/INFO]: Found mod file "CreativeCore_NEOFORGE_v2.13.41_mc1.21.1.jar" [locator: {mods folder locator at E:\Minecraft Modding\Instances\DragonKnights DEV (1)\mods}, reader: mod manifest]
[16:10:51] [main/INFO]: Found mod file "CreeperOverhaul-neoforge-1.21.1-4.0.6.jar" [locator: {mods folder locator at E:\Minecraft Modding\Instances\DragonKnights DEV (1)\mods}, reader: mod manifest]
[16:10:51] [main/INFO]: Found mod file "croptopia-neoforge-1.21.1-4.2.4.jar" [locator: {mods folder locator at E:\Minecraft Modding\Instances\DragonKnights DEV (1)\mods}, reader: mod manifest]
[16:10:51] [main/INFO]: Found mod file "cupboard-1.21-3.7.jar" [locator: {mods folder locator at E:\Minecraft Modding\Instances\DragonKnights DEV (1)\mods}, reader: mod manifest]
[16:10:51] [main/INFO]: Found mod file "curios-neoforge-9.5.1+1.21.1.jar" [locator: {mods folder locator at E:\Minecraft Modding\Instances\DragonKnights DEV (1)\mods}, reader: mod manifest]
[16:10:51] [main/INFO]: Found mod file "DecorativeBlocks-Reborn-neoforge-1.21.1-6.0.2.jar" [locator: {mods folder locator at E:\Minecraft Modding\Instances\DragonKnights DEV (1)\mods}, reader: mod manifest]
[16:10:51] [main/INFO]: Found mod file "Design-n-Decor-1.21.1-2.2b.jar" [locator: {mods folder locator at E:\Minecraft Modding\Instances\DragonKnights DEV (1)\mods}, reader: mod manifest]
[16:10:51] [main/INFO]: Found mod file "displaydelight-1.7.0.jar" [locator: {mods folder locator at E:\Minecraft Modding\Instances\DragonKnights DEV (1)\mods}, reader: mod manifest]
[16:10:51] [main/INFO]: Found mod file "DistantHorizons-3.1.2-b-1.21.1-fabric-neoforge.jar" [locator: {mods folder locator at E:\Minecraft Modding\Instances\DragonKnights DEV (1)\mods}, reader: mod manifest]
[16:10:51] [main/INFO]: Found mod file "DramaticDoors-NeoQuiFab-1.21.1-3.3.2.jar" [locator: {mods folder locator at E:\Minecraft Modding\Instances\DragonKnights DEV (1)\mods}, reader: mod manifest]
[16:10:51] [main/INFO]: Found mod file "engineeredcompatibility-4.3.0.jar" [locator: {mods folder locator at E:\Minecraft Modding\Instances\DragonKnights DEV (1)\mods}, reader: mod manifest]
[16:10:51] [main/INFO]: Found mod file "Engineers Delight 1.21.1 neoforge R.1.8.jar" [locator: {mods folder locator at E:\Minecraft Modding\Instances\DragonKnights DEV (1)\mods}, reader: mod manifest]
[16:10:51] [main/INFO]: Found mod file "entityculling-neoforge-1.10.5-mc1.21.1.jar" [locator: {mods folder locator at E:\Minecraft Modding\Instances\DragonKnights DEV (1)\mods}, reader: mod manifest]
[16:10:51] [main/INFO]: Found mod file "EpheroLib-1.21.1-NEO-FORGE-1.2.0.jar" [locator: {mods folder locator at E:\Minecraft Modding\Instances\DragonKnights DEV (1)\mods}, reader: mod manifest]
[16:10:51] [main/INFO]: Found mod file "EuphoriaPatcher-1.9.3-r5.8.1-neoforge.jar" [locator: {mods folder locator at E:\Minecraft Modding\Instances\DragonKnights DEV (1)\mods}, reader: mod manifest]
[16:10:51] [main/INFO]: Found mod file "everycomp-1.21-2.11.45-neoforge.jar" [locator: {mods folder locator at E:\Minecraft Modding\Instances\DragonKnights DEV (1)\mods}, reader: mod manifest]
[16:10:51] [main/INFO]: Found mod file "fairylights-neoforge-1.21.1-1.2.6.jar" [locator: {mods folder locator at E:\Minecraft Modding\Instances\DragonKnights DEV (1)\mods}, reader: mod manifest]
[16:10:51] [main/INFO]: Found mod file "farmers_croptopia-1.21.1-3.2.2.jar" [locator: {mods folder locator at E:\Minecraft Modding\Instances\DragonKnights DEV (1)\mods}, reader: mod manifest]
[16:10:51] [main/INFO]: Found mod file "FarmersDelight-1.21.1-1.3.2.jar" [locator: {mods folder locator at E:\Minecraft Modding\Instances\DragonKnights DEV (1)\mods}, reader: mod manifest]
[16:10:51] [main/INFO]: Found mod file "ferritecore-7.0.3-neoforge.jar" [locator: {mods folder locator at E:\Minecraft Modding\Instances\DragonKnights DEV (1)\mods}, reader: mod manifest]
[16:10:51] [main/INFO]: Found mod file "figura-0.1.6+1.21.1-neoforge-mc.jar" [locator: {mods folder locator at E:\Minecraft Modding\Instances\DragonKnights DEV (1)\mods}, reader: mod manifest]
[16:10:51] [main/INFO]: Found mod file "forgified-fabric-api-0.116.7+2.2.4+1.21.1.jar" [locator: {mods folder locator at E:\Minecraft Modding\Instances\DragonKnights DEV (1)\mods}, reader: mod manifest]
[16:10:51] [main/INFO]: Found mod file "FramedBlocks-10.6.0.jar" [locator: {mods folder locator at E:\Minecraft Modding\Instances\DragonKnights DEV (1)\mods}, reader: mod manifest]
[16:10:51] [main/INFO]: Found mod file "framework-neoforge-1.21.1-0.13.11.jar" [locator: {mods folder locator at E:\Minecraft Modding\Instances\DragonKnights DEV (1)\mods}, reader: mod manifest]
[16:10:51] [main/INFO]: Found mod file "fusion-1.2.12-neoforge-mc1.21.1.jar" [locator: {mods folder locator at E:\Minecraft Modding\Instances\DragonKnights DEV (1)\mods}, reader: mod manifest]
[16:10:51] [main/INFO]: Found mod file "Galosphere-1.21.1-1.5.4-Neoforge.jar" [locator: {mods folder locator at E:\Minecraft Modding\Instances\DragonKnights DEV (1)\mods}, reader: mod manifest]
[16:10:51] [main/INFO]: Found mod file "geckolib-neoforge-1.21.1-4.8.4.jar" [locator: {mods folder locator at E:\Minecraft Modding\Instances\DragonKnights DEV (1)\mods}, reader: mod manifest]
[16:10:51] [main/INFO]: Found mod file "GlitchCore-neoforge-1.21.1-2.1.0.2.jar" [locator: {mods folder locator at E:\Minecraft Modding\Instances\DragonKnights DEV (1)\mods}, reader: mod manifest]
[16:10:51] [main/INFO]: Found mod file "handcrafted-neoforge-1.21.1-4.0.3.jar" [locator: {mods folder locator at E:\Minecraft Modding\Instances\DragonKnights DEV (1)\mods}, reader: mod manifest]
[16:10:51] [main/INFO]: Found mod file "horseman-neoforge-1.21.1-1.5.9.jar" [locator: {mods folder locator at E:\Minecraft Modding\Instances\DragonKnights DEV (1)\mods}, reader: mod manifest]
[16:10:51] [main/INFO]: Found mod file "ImmediatelyFast-NeoForge-1.6.10+1.21.1.jar" [locator: {mods folder locator at E:\Minecraft Modding\Instances\DragonKnights DEV (1)\mods}, reader: mod manifest]
[16:10:51] [main/INFO]: Found mod file "ImmersiveEngineering-1.21.1-12.4.2-194.jar" [locator: {mods folder locator at E:\Minecraft Modding\Instances\DragonKnights DEV (1)\mods}, reader: mod manifest]
[16:10:51] [main/INFO]: Found mod file "ImmersivePosts-1.21.1-4.3.1-16.jar" [locator: {mods folder locator at E:\Minecraft Modding\Instances\DragonKnights DEV (1)\mods}, reader: mod manifest]
[16:10:51] [main/INFO]: Found mod file "interiors-1.21.1-neoforge-0.6.1.jar" [locator: {mods folder locator at E:\Minecraft Modding\Instances\DragonKnights DEV (1)\mods}, reader: mod manifest]
[16:10:51] [main/INFO]: Found mod file "iris-flywheel-compat-NeoForge-2.4.0.jar" [locator: {mods folder locator at E:\Minecraft Modding\Instances\DragonKnights DEV (1)\mods}, reader: mod manifest]
[16:10:51] [main/INFO]: Found mod file "iris-neoforge-1.8.14-beta.1+mc1.21.1.jar" [locator: {mods folder locator at E:\Minecraft Modding\Instances\DragonKnights DEV (1)\mods}, reader: mod manifest]
[16:10:51] [main/INFO]: Found mod file "irons_lib-1.21.1-1.1.0.jar" [locator: {mods folder locator at E:\Minecraft Modding\Instances\DragonKnights DEV (1)\mods}, reader: mod manifest]
[16:10:51] [main/INFO]: Found mod file "irons_spellbooks-1.21.1-3.16.1.jar" [locator: {mods folder locator at E:\Minecraft Modding\Instances\DragonKnights DEV (1)\mods}, reader: mod manifest]
[16:10:51] [main/INFO]: Found mod file "Jade-1.21.1-NeoForge-15.10.5.jar" [locator: {mods folder locator at E:\Minecraft Modding\Instances\DragonKnights DEV (1)\mods}, reader: mod manifest]
[16:10:51] [main/INFO]: Found mod file "jei-1.21.1-neoforge-19.27.0.336.jar" [locator: {mods folder locator at E:\Minecraft Modding\Instances\DragonKnights DEV (1)\mods}, reader: mod manifest]
[16:10:51] [main/INFO]: Found mod file "jeimultiblocks-1.21.1-1.0.6.jar" [locator: {mods folder locator at E:\Minecraft Modding\Instances\DragonKnights DEV (1)\mods}, reader: mod manifest]
[16:10:51] [main/INFO]: Found mod file "JustEnoughResources-NeoForge-1.21.1-1.6.0.17.jar" [locator: {mods folder locator at E:\Minecraft Modding\Instances\DragonKnights DEV (1)\mods}, reader: mod manifest]
[16:10:51] [main/INFO]: Found library file "kotlinforforge-5.11.0-all.jar" [locator: {mods folder locator at E:\Minecraft Modding\Instances\DragonKnights DEV (1)\mods}, reader: mod manifest]
[16:10:51] [main/INFO]: Found mod file "ldlib2-neoforge-1.21.1-2.2.28-all.jar" [locator: {mods folder locator at E:\Minecraft Modding\Instances\DragonKnights DEV (1)\mods}, reader: mod manifest]
[16:10:51] [main/INFO]: Found mod file "lets_do_create_compat-1.0.1-neoforge-1.21.1.jar" [locator: {mods folder locator at E:\Minecraft Modding\Instances\DragonKnights DEV (1)\mods}, reader: mod manifest]
[16:10:51] [main/INFO]: Found mod file "letsdo-API-forge-1.3.0-beta-release-forge.jar" [locator: {mods folder locator at E:\Minecraft Modding\Instances\DragonKnights DEV (1)\mods}, reader: mod manifest]
[16:10:51] [main/INFO]: Found mod file "letsdo-bakery-neoforge-2.1.6.jar" [locator: {mods folder locator at E:\Minecraft Modding\Instances\DragonKnights DEV (1)\mods}, reader: mod manifest]
[16:10:51] [main/INFO]: Found mod file "letsdo-brewery-neoforge-2.1.9.jar" [locator: {mods folder locator at E:\Minecraft Modding\Instances\DragonKnights DEV (1)\mods}, reader: mod manifest]
[16:10:51] [main/INFO]: Found mod file "letsdo-candlelight-neoforge-2.1.12.jar" [locator: {mods folder locator at E:\Minecraft Modding\Instances\DragonKnights DEV (1)\mods}, reader: mod manifest]
[16:10:51] [main/INFO]: Found mod file "letsdo-farm_and_charm-neoforge-1.1.22.jar" [locator: {mods folder locator at E:\Minecraft Modding\Instances\DragonKnights DEV (1)\mods}, reader: mod manifest]
[16:10:52] [main/INFO]: Found mod file "letsdo-herbalbrews-neoforge-1.1.3.jar" [locator: {mods folder locator at E:\Minecraft Modding\Instances\DragonKnights DEV (1)\mods}, reader: mod manifest]
[16:10:52] [main/INFO]: Found mod file "letsdo-meadow-neoforge-1.4.8.jar" [locator: {mods folder locator at E:\Minecraft Modding\Instances\DragonKnights DEV (1)\mods}, reader: mod manifest]
[16:10:52] [main/INFO]: Found mod file "letsdo-vinery-neoforge-1.5.3.jar" [locator: {mods folder locator at E:\Minecraft Modding\Instances\DragonKnights DEV (1)\mods}, reader: mod manifest]
[16:10:52] [main/INFO]: Found mod file "lithostitched-1.7.9-neoforge-21.1.jar" [locator: {mods folder locator at E:\Minecraft Modding\Instances\DragonKnights DEV (1)\mods}, reader: mod manifest]
[16:10:52] [main/INFO]: Found mod file "lootr-neoforge-1.21.1-1.11.37.120.jar" [locator: {mods folder locator at E:\Minecraft Modding\Instances\DragonKnights DEV (1)\mods}, reader: mod manifest]
[16:10:52] [main/INFO]: Found mod file "mcw-bridges-3.1.2-mc1.21.1neoforge.jar" [locator: {mods folder locator at E:\Minecraft Modding\Instances\DragonKnights DEV (1)\mods}, reader: mod manifest]
[16:10:52] [main/INFO]: Found mod file "mcw-doors-1.1.5-mc1.21.1neoforge.jar" [locator: {mods folder locator at E:\Minecraft Modding\Instances\DragonKnights DEV (1)\mods}, reader: mod manifest]
[16:10:52] [main/INFO]: Found mod file "mcw-furniture-3.4.1-mc1.21.1neoforge.jar" [locator: {mods folder locator at E:\Minecraft Modding\Instances\DragonKnights DEV (1)\mods}, reader: mod manifest]
[16:10:52] [main/INFO]: Found mod file "mcw-lights-1.1.5-mc1.21.1neoforge.jar" [locator: {mods folder locator at E:\Minecraft Modding\Instances\DragonKnights DEV (1)\mods}, reader: mod manifest]
[16:10:52] [main/INFO]: Found mod file "mcw-mcwfences-1.2.1-mc1.21.1neoforge.jar" [locator: {mods folder locator at E:\Minecraft Modding\Instances\DragonKnights DEV (1)\mods}, reader: mod manifest]
[16:10:52] [main/INFO]: Found mod file "mcw-mcwpaths-1.1.1-mc1.21.1neoforge.jar" [locator: {mods folder locator at E:\Minecraft Modding\Instances\DragonKnights DEV (1)\mods}, reader: mod manifest]
[16:10:52] [main/INFO]: Found mod file "mcw-mcwstairs-1.0.2-mc1.21.1neoforge.jar" [locator: {mods folder locator at E:\Minecraft Modding\Instances\DragonKnights DEV (1)\mods}, reader: mod manifest]
[16:10:52] [main/INFO]: Found mod file "mcw-mcwwindows-2.4.2-mc1.21.1neoforge.jar" [locator: {mods folder locator at E:\Minecraft Modding\Instances\DragonKnights DEV (1)\mods}, reader: mod manifest]
[16:10:52] [main/INFO]: Found mod file "mcw-paintings-1.1.0-mc1.21.1neoforge.jar" [locator: {mods folder locator at E:\Minecraft Modding\Instances\DragonKnights DEV (1)\mods}, reader: mod manifest]
[16:10:52] [main/INFO]: Found mod file "mcw-roofs-2.3.2-mc1.21.1neoforge.jar" [locator: {mods folder locator at E:\Minecraft Modding\Instances\DragonKnights DEV (1)\mods}, reader: mod manifest]
[16:10:52] [main/INFO]: Found mod file "mcw-trapdoors-1.1.5-mc1.21.1neoforge.jar" [locator: {mods folder locator at E:\Minecraft Modding\Instances\DragonKnights DEV (1)\mods}, reader: mod manifest]
[16:10:52] [main/INFO]: Found mod file "Measurements-neoforge-1.21.1-3.0.3.jar" [locator: {mods folder locator at E:\Minecraft Modding\Instances\DragonKnights DEV (1)\mods}, reader: mod manifest]
[16:10:52] [main/INFO]: Found mod file "mechtrowel-1.3.2.1.jar" [locator: {mods folder locator at E:\Minecraft Modding\Instances\DragonKnights DEV (1)\mods}, reader: mod manifest]
[16:10:52] [main/INFO]: Found mod file "modern_gui-1.0.6.jar" [locator: {mods folder locator at E:\Minecraft Modding\Instances\DragonKnights DEV (1)\mods}, reader: mod manifest]
[16:10:52] [main/INFO]: Found mod file "modernfix-neoforge-5.27.11+mc1.21.1.jar" [locator: {mods folder locator at E:\Minecraft Modding\Instances\DragonKnights DEV (1)\mods}, reader: mod manifest]
[16:10:52] [main/INFO]: Found mod file "moonlight-neoforge-1.21.1-3.0.18.jar" [locator: {mods folder locator at E:\Minecraft Modding\Instances\DragonKnights DEV (1)\mods}, reader: mod manifest]
[16:10:52] [main/INFO]: Found mod file "MouseTweaks-neoforge-mc1.21-2.26.1.jar" [locator: {mods folder locator at E:\Minecraft Modding\Instances\DragonKnights DEV (1)\mods}, reader: mod manifest]
[16:10:52] [main/INFO]: Found mod file "NaturesCompass-1.21.1-3.4.0-neoforge.jar" [locator: {mods folder locator at E:\Minecraft Modding\Instances\DragonKnights DEV (1)\mods}, reader: mod manifest]
[16:10:52] [main/INFO]: Found mod file "noisium-neoforge-2.7.0+mc1.21-1.21.1.jar" [locator: {mods folder locator at E:\Minecraft Modding\Instances\DragonKnights DEV (1)\mods}, reader: mod manifest]
[16:10:52] [main/INFO]: Found mod file "notenoughanimations-neoforge-1.12.4-mc1.21.1.jar" [locator: {mods folder locator at E:\Minecraft Modding\Instances\DragonKnights DEV (1)\mods}, reader: mod manifest]
[16:10:52] [main/INFO]: Found mod file "pipeorgans-0.8.2+1.21.1.jar" [locator: {mods folder locator at E:\Minecraft Modding\Instances\DragonKnights DEV (1)\mods}, reader: mod manifest]
[16:10:52] [main/INFO]: Found mod file "player-animation-lib-forge-2.0.4+1.21.1.jar" [locator: {mods folder locator at E:\Minecraft Modding\Instances\DragonKnights DEV (1)\mods}, reader: mod manifest]
[16:10:52] [main/INFO]: Found mod file "polymorph-neoforge-1.1.0+1.21.1.jar" [locator: {mods folder locator at E:\Minecraft Modding\Instances\DragonKnights DEV (1)\mods}, reader: mod manifest]
[16:10:52] [main/INFO]: Found mod file "Quark-4.1-480.jar" [locator: {mods folder locator at E:\Minecraft Modding\Instances\DragonKnights DEV (1)\mods}, reader: mod manifest]
[16:10:52] [main/INFO]: Found mod file "railways-0.2.1+neoforge-mc1.21.1.jar" [locator: {mods folder locator at E:\Minecraft Modding\Instances\DragonKnights DEV (1)\mods}, reader: mod manifest]
[16:10:52] [main/INFO]: Found mod file "rechiseled-1.2.4-neoforge-mc1.21.jar" [locator: {mods folder locator at E:\Minecraft Modding\Instances\DragonKnights DEV (1)\mods}, reader: mod manifest]
[16:10:52] [main/INFO]: Found mod file "rechiseled_chipped-2.0-1.21.1.jar" [locator: {mods folder locator at E:\Minecraft Modding\Instances\DragonKnights DEV (1)\mods}, reader: mod manifest]
[16:10:52] [main/INFO]: Found mod file "rechiseledcreate-1.1.0-neoforge-mc1.21.jar" [locator: {mods folder locator at E:\Minecraft Modding\Instances\DragonKnights DEV (1)\mods}, reader: mod manifest]
[16:10:52] [main/INFO]: Found mod file "resourcefulconfig-neoforge-1.21-3.0.11.jar" [locator: {mods folder locator at E:\Minecraft Modding\Instances\DragonKnights DEV (1)\mods}, reader: mod manifest]
[16:10:52] [main/INFO]: Found mod file "resourcefullib-neoforge-1.21-3.0.12.jar" [locator: {mods folder locator at E:\Minecraft Modding\Instances\DragonKnights DEV (1)\mods}, reader: mod manifest]
[16:10:52] [main/INFO]: Found mod file "ritchiesprojectilelib-2.1.2-mc.1.21.1-neoforge.jar" [locator: {mods folder locator at E:\Minecraft Modding\Instances\DragonKnights DEV (1)\mods}, reader: mod manifest]
[16:10:52] [main/INFO]: Found mod file "sable-neoforge-1.21.1-2.0.3.jar" [locator: {mods folder locator at E:\Minecraft Modding\Instances\DragonKnights DEV (1)\mods}, reader: mod manifest]
[16:10:52] [main/INFO]: Found mod file "sable-schematic-api-0.4.0.jar" [locator: {mods folder locator at E:\Minecraft Modding\Instances\DragonKnights DEV (1)\mods}, reader: mod manifest]
[16:10:52] [main/INFO]: Found mod file "sable_createaddition_compat-0.1.13.jar" [locator: {mods folder locator at E:\Minecraft Modding\Instances\DragonKnights DEV (1)\mods}, reader: mod manifest]
[16:10:52] [main/INFO]: Found mod file "sablephysicscompat-1.3.0.jar" [locator: {mods folder locator at E:\Minecraft Modding\Instances\DragonKnights DEV (1)\mods}, reader: mod manifest]
[16:10:52] [main/INFO]: Found mod file "sawmill-neoforge-1.21-1.7.7.jar" [locator: {mods folder locator at E:\Minecraft Modding\Instances\DragonKnights DEV (1)\mods}, reader: mod manifest]
[16:10:52] [main/INFO]: Found mod file "ScorchedGuns-1.5.jar" [locator: {mods folder locator at E:\Minecraft Modding\Instances\DragonKnights DEV (1)\mods}, reader: mod manifest]
[16:10:52] [main/INFO]: Found mod file "Searchables-neoforge-1.21.1-1.0.2.jar" [locator: {mods folder locator at E:\Minecraft Modding\Instances\DragonKnights DEV (1)\mods}, reader: mod manifest]
[16:10:52] [main/INFO]: Found mod file "sliceanddice-forge-4.2.4.jar" [locator: {mods folder locator at E:\Minecraft Modding\Instances\DragonKnights DEV (1)\mods}, reader: mod manifest]
[16:10:52] [main/INFO]: Found mod file "smoothchunk-1.21-4.1.jar" [locator: {mods folder locator at E:\Minecraft Modding\Instances\DragonKnights DEV (1)\mods}, reader: mod manifest]
[16:10:52] [main/INFO]: Found mod file "sodiumdynamiclights-neoforge-1.0.10-1.21.1.jar" [locator: {mods folder locator at E:\Minecraft Modding\Instances\DragonKnights DEV (1)\mods}, reader: mod manifest]
[16:10:52] [main/INFO]: Found mod file "sootychimneys-neoforge-1.3.5.jar" [locator: {mods folder locator at E:\Minecraft Modding\Instances\DragonKnights DEV (1)\mods}, reader: mod manifest]
[16:10:52] [main/INFO]: Found mod file "sophisticatedbackpacks-1.21.1-3.25.64.1919.jar" [locator: {mods folder locator at E:\Minecraft Modding\Instances\DragonKnights DEV (1)\mods}, reader: mod manifest]
[16:10:52] [main/INFO]: Found mod file "sophisticatedbackpackscreateintegration-1.21.1-0.1.7.119.jar" [locator: {mods folder locator at E:\Minecraft Modding\Instances\DragonKnights DEV (1)\mods}, reader: mod manifest]
[16:10:52] [main/INFO]: Found mod file "sophisticatedcore-1.21.1-1.4.59.2032.jar" [locator: {mods folder locator at E:\Minecraft Modding\Instances\DragonKnights DEV (1)\mods}, reader: mod manifest]
[16:10:52] [main/INFO]: Found mod file "sophisticatedstorage-1.21.1-1.5.60.1851.jar" [locator: {mods folder locator at E:\Minecraft Modding\Instances\DragonKnights DEV (1)\mods}, reader: mod manifest]
[16:10:52] [main/INFO]: Found mod file "sophisticatedstoragecreateintegration-1.21.1-0.1.17.132.jar" [locator: {mods folder locator at E:\Minecraft Modding\Instances\DragonKnights DEV (1)\mods}, reader: mod manifest]
[16:10:52] [main/INFO]: Found mod file "sound-physics-remastered-neoforge-1.21.1-1.5.1.jar" [locator: {mods folder locator at E:\Minecraft Modding\Instances\DragonKnights DEV (1)\mods}, reader: mod manifest]
[16:10:52] [main/INFO]: Found mod file "stonezone-1.21-2.11.16-neoforge.jar" [locator: {mods folder locator at E:\Minecraft Modding\Instances\DragonKnights DEV (1)\mods}, reader: mod manifest]
[16:10:52] [main/INFO]: Found mod file "structureessentials-1.21.1-5.0.jar" [locator: {mods folder locator at E:\Minecraft Modding\Instances\DragonKnights DEV (1)\mods}, reader: mod manifest]
[16:10:52] [main/INFO]: Found mod file "supermartijn642configlib-1.1.8-neoforge-mc1.21.jar" [locator: {mods folder locator at E:\Minecraft Modding\Instances\DragonKnights DEV (1)\mods}, reader: mod manifest]
[16:10:52] [main/INFO]: Found mod file "supermartijn642corelib-1.1.21-neoforge-mc1.21.jar" [locator: {mods folder locator at E:\Minecraft Modding\Instances\DragonKnights DEV (1)\mods}, reader: mod manifest]
[16:10:52] [main/INFO]: Found mod file "supplementaries-neoforge-1.21.1-3.6.8.jar" [locator: {mods folder locator at E:\Minecraft Modding\Instances\DragonKnights DEV (1)\mods}, reader: mod manifest]
[16:10:52] [main/INFO]: Found mod file "swaying_garden-1.21.1-neoforge-1.1.2.1.jar" [locator: {mods folder locator at E:\Minecraft Modding\Instances\DragonKnights DEV (1)\mods}, reader: mod manifest]
[16:10:52] [main/INFO]: Found mod file "tectonic-3.0.22-neoforge-21.1.jar" [locator: {mods folder locator at E:\Minecraft Modding\Instances\DragonKnights DEV (1)\mods}, reader: mod manifest]
[16:10:52] [main/INFO]: Found mod file "TerraBlender-neoforge-1.21.1-4.1.0.8.jar" [locator: {mods folder locator at E:\Minecraft Modding\Instances\DragonKnights DEV (1)\mods}, reader: mod manifest]
[16:10:52] [main/INFO]: Found mod file "Terralith_1.21.x_v2.6.2.jar" [locator: {mods folder locator at E:\Minecraft Modding\Instances\DragonKnights DEV (1)\mods}, reader: mod manifest]
[16:10:52] [main/INFO]: Found mod file "tfmg-1.2.0.jar" [locator: {mods folder locator at E:\Minecraft Modding\Instances\DragonKnights DEV (1)\mods}, reader: mod manifest]
[16:10:52] [main/INFO]: Found mod file "The_Undergarden-1.21.1-0.9.6.jar" [locator: {mods folder locator at E:\Minecraft Modding\Instances\DragonKnights DEV (1)\mods}, reader: mod manifest]
[16:10:52] [main/INFO]: Found mod file "tracks-neoforge-1.21.1-1.0.1.jar" [locator: {mods folder locator at E:\Minecraft Modding\Instances\DragonKnights DEV (1)\mods}, reader: mod manifest]
[16:10:52] [main/INFO]: Found mod file "trashslot-neoforge-1.21.1-21.1.11.jar" [locator: {mods folder locator at E:\Minecraft Modding\Instances\DragonKnights DEV (1)\mods}, reader: mod manifest]
[16:10:52] [main/INFO]: Found mod file "TreeChop-1.21.1-neoforge-0.19.3.jar" [locator: {mods folder locator at E:\Minecraft Modding\Instances\DragonKnights DEV (1)\mods}, reader: mod manifest]
[16:10:52] [main/INFO]: Found mod file "voicechat-neoforge-1.21.1-2.6.20.jar" [locator: {mods folder locator at E:\Minecraft Modding\Instances\DragonKnights DEV (1)\mods}, reader: mod manifest]
[16:10:52] [main/INFO]: Found mod file "xaerominimap-neoforge-1.21.1-26.1.0.jar" [locator: {mods folder locator at E:\Minecraft Modding\Instances\DragonKnights DEV (1)\mods}, reader: mod manifest]
[16:10:52] [main/INFO]: Found mod file "xaeroworldmap-neoforge-1.21.1-1.41.0.jar" [locator: {mods folder locator at E:\Minecraft Modding\Instances\DragonKnights DEV (1)\mods}, reader: mod manifest]
[16:10:52] [main/INFO]: Found mod file "Zeta-1.1-40.jar" [locator: {mods folder locator at E:\Minecraft Modding\Instances\DragonKnights DEV (1)\mods}, reader: mod manifest]
[16:10:52] [main/WARN]: Attempted to select two dependency jars from JarJar which have the same identification: Nested Mod File  in Mod File: E:\Minecraft Modding\Instances\DragonKnights DEV (1)\mods\iris-flywheel-compat-NeoForge-2.4.0.jar and Nested Mod File  in Mod File: E:\Minecraft Modding\Instances\DragonKnights DEV (1)\mods\fairylights-neoforge-1.21.1-1.2.6.jar. Using Nested Mod File  in Mod File: E:\Minecraft Modding\Instances\DragonKnights DEV (1)\mods\iris-flywheel-compat-NeoForge-2.4.0.jar
[16:10:52] [main/WARN]: Attempted to select a dependency jar for JarJar which was passed in as source: fabric_renderer_api_v1. Using Mod File: 
[16:10:52] [main/WARN]: Attempted to select a dependency jar for JarJar which was passed in as source: fabric_block_view_api_v2. Using Mod File: 
[16:10:52] [main/WARN]: Attempted to select a dependency jar for JarJar which was passed in as source: biolith. Using Mod File: E:\Minecraft Modding\Instances\DragonKnights DEV (1)\mods\biolith-neoforge-3.0.14.jar
[16:10:52] [main/WARN]: Attempted to select a dependency jar for JarJar which was passed in as source: fabric_rendering_data_attachment_v1. Using Mod File: 
[16:10:52] [main/WARN]: Attempted to select a dependency jar for JarJar which was passed in as source: fabric_api_base. Using Mod File: 
[16:10:52] [main/INFO]: Found 113 dependencies adding them to mods collection
[16:10:52] [main/INFO]: Found mod file "c2me-fixes-worldgen-threading-issues-mc1.21.1-0.3.0+alpha.0.93.jar" [parent: c2me-neoforge-mc1.21.1-0.3.0+alpha.0.93.jar, locator: jarinjar, reader: mod manifest]
[16:10:52] [main/INFO]: Found mod file "kuma-api-neoforge-21.0.8+1.21.jar" [parent: balm-neoforge-1.21.1-21.0.59.jar, locator: jarinjar, reader: mod manifest]
[16:10:52] [main/INFO]: Found library file "BlockModelSplitter-2.0.1.jar" [parent: ImmersiveEngineering-1.21.1-12.4.2-194.jar, locator: jarinjar, reader: mod manifest]
[16:10:52] [main/INFO]: Found library file "glsl-processor-0.2.3.jar" [parent: veil-neoforge-1.21.1-4.1.4.jar, locator: jarinjar]
[16:10:52] [main/INFO]: Found mod file "ponder-neoforge-1.0.82+mc1.21.1.jar" [parent: create-1.21.1-6.0.10.jar, locator: jarinjar, reader: mod manifest]
[16:10:52] [main/INFO]: Found mod file "c2me-rewrites-chunk-serializer-mc1.21.1-0.3.0+alpha.0.93.jar" [parent: c2me-neoforge-mc1.21.1-0.3.0+alpha.0.93.jar, locator: jarinjar, reader: mod manifest]
[16:10:52] [main/INFO]: Found mod file "fabric-item-api-v1-11.2.0+0c57911319.jar" [parent: forgified-fabric-api-0.116.7+2.2.4+1.21.1.jar, locator: jarinjar, reader: mod manifest]
[16:10:52] [main/INFO]: Found mod file "fabric-rendering-fluids-v1-3.1.6+a51883b219.jar" [parent: forgified-fabric-api-0.116.7+2.2.4+1.21.1.jar, locator: jarinjar, reader: mod manifest]
[16:10:52] [main/INFO]: Found library file "MixinSquared-0.3.3.jar" [parent: mixinsquared-forge-0.3.3.jar, locator: jarinjar]
[16:10:52] [main/INFO]: Found mod file "c2me-opts-natives-math-mc1.21.1-0.3.0+alpha.0.93.jar" [parent: c2me-neoforge-mc1.21.1-0.3.0+alpha.0.93.jar, locator: jarinjar, reader: mod manifest]
[16:10:52] [main/INFO]: Found mod file "c2me-fixes-general-threading-issues-mc1.21.1-0.3.0+alpha.0.93.jar" [parent: c2me-neoforge-mc1.21.1-0.3.0+alpha.0.93.jar, locator: jarinjar, reader: mod manifest]
[16:10:52] [main/INFO]: Found mod file "fabric-convention-tags-v1-2.1.5+7f945d5b19.jar" [parent: forgified-fabric-api-0.116.7+2.2.4+1.21.1.jar, locator: jarinjar, reader: mod manifest]
[16:10:52] [main/INFO]: Found library file "kotlinx-coroutines-core-jvm-1.10.2.jar" [parent: kotlinforforge-5.11.0-all.jar, locator: jarinjar]
[16:10:52] [main/INFO]: Found mod file "fabric-convention-tags-v2-2.11.1+87e5848019.jar" [parent: forgified-fabric-api-0.116.7+2.2.4+1.21.1.jar, locator: jarinjar, reader: mod manifest]
[16:10:52] [main/INFO]: Found mod file "fabric-command-api-v2-2.2.28+36d727be19.jar" [parent: forgified-fabric-api-0.116.7+2.2.4+1.21.1.jar, locator: jarinjar, reader: mod manifest]
[16:10:52] [main/INFO]: Found mod file "fabric-data-attachment-api-v1-1.4.5+26d408aa19.jar" [parent: forgified-fabric-api-0.116.7+2.2.4+1.21.1.jar, locator: jarinjar, reader: mod manifest]
[16:10:52] [main/INFO]: Found library file "jctools-core-4.0.5.jar" [parent: c2me-neoforge-mc1.21.1-0.3.0+alpha.0.93.jar, locator: jarinjar]
[16:10:52] [main/INFO]: Found mod file "veil-neoforge-1.21.1-4.1.4.jar" [parent: sable-neoforge-1.21.1-2.0.3.jar, locator: jarinjar, reader: mod manifest]
[16:10:52] [main/INFO]: Found mod file "c2me-opts-math-mc1.21.1-0.3.0+alpha.0.93.jar" [parent: c2me-neoforge-mc1.21.1-0.3.0+alpha.0.93.jar, locator: jarinjar, reader: mod manifest]
[16:10:52] [main/INFO]: Found mod file "dev.simulated_team.simulated.simulated-neoforge-1.21.1-1.3.0.jar" [parent: create-aeronautics-bundled-1.21.1-1.3.0.jar, locator: jarinjar, reader: mod manifest]
[16:10:52] [main/INFO]: Found library file "kotlin-stdlib-jdk7-2.3.0.jar" [parent: kotlinforforge-5.11.0-all.jar, locator: jarinjar]
[16:10:52] [main/INFO]: Found mod file "fabric-screen-api-v1-2.0.25+0ae1214819.jar" [parent: forgified-fabric-api-0.116.7+2.2.4+1.21.1.jar, locator: jarinjar, reader: mod manifest]
[16:10:52] [main/INFO]: Found library file "reactive-streams-1.0.4.jar" [parent: c2me-neoforge-mc1.21.1-0.3.0+alpha.0.93.jar, locator: jarinjar]
[16:10:52] [main/INFO]: Found library file "kotlin-stdlib-jdk8-2.3.0.jar" [parent: kotlinforforge-5.11.0-all.jar, locator: jarinjar]
[16:10:52] [main/INFO]: Found gamelibrary file "DualCodecs-0.1.2.jar" [parent: ImmersiveEngineering-1.21.1-12.4.2-194.jar, locator: jarinjar, reader: mod manifest]
[16:10:52] [main/INFO]: Found mod file "c2me-base-mc1.21.1-0.3.0+alpha.0.93-all.jar" [parent: c2me-neoforge-mc1.21.1-0.3.0+alpha.0.93.jar, locator: jarinjar, reader: mod manifest]
[16:10:52] [main/INFO]: Found library file "forgified-fabric-loader-2.5.68+0.18.4+1.21.1-full.jar" [parent: forgified-fabric-api-0.116.7+2.2.4+1.21.1.jar, locator: jarinjar, reader: mod manifest]
[16:10:52] [main/INFO]: Found mod file "c2me-fixes-worldgen-vanilla-bugs-mc1.21.1-0.3.0+alpha.0.93.jar" [parent: c2me-neoforge-mc1.21.1-0.3.0+alpha.0.93.jar, locator: jarinjar, reader: mod manifest]
[16:10:52] [main/INFO]: Found library file "kotlinx-serialization-json-jvm-1.9.0.jar" [parent: kotlinforforge-5.11.0-all.jar, locator: jarinjar]
[16:10:52] [main/INFO]: Found library file "bytecodecs-1.1.2.jar" [parent: resourcefullib-neoforge-1.21-3.0.12.jar, locator: jarinjar]
[16:10:52] [main/INFO]: Found mod file "fabric-content-registries-v0-8.0.19+5e0d320019.jar" [parent: forgified-fabric-api-0.116.7+2.2.4+1.21.1.jar, locator: jarinjar, reader: mod manifest]
[16:10:52] [main/INFO]: Found library file "exp4j-0.4.8.jar" [parent: c2me-neoforge-mc1.21.1-0.3.0+alpha.0.93.jar, locator: jarinjar]
[16:10:52] [main/INFO]: Found gamelibrary file "mixinextras-neoforge-0.5.4.jar" [parent: borninconfiguration-3.2.2.jar, locator: jarinjar, reader: mod manifest]
[16:10:52] [main/INFO]: Found gamelibrary file "l2serial-3.0.9+5.jar" [parent: barbequesdelight-1.3.0.jar, locator: jarinjar, reader: mod manifest]
[16:10:52] [main/INFO]: Found mod file "fabric-game-rule-api-v1-1.0.53+36d727be19.jar" [parent: forgified-fabric-api-0.116.7+2.2.4+1.21.1.jar, locator: jarinjar, reader: mod manifest]
[16:10:52] [main/INFO]: Found mod file "fabric-api-lookup-api-v1-1.6.71+c290471319.jar" [parent: forgified-fabric-api-0.116.7+2.2.4+1.21.1.jar, locator: jarinjar, reader: mod manifest]
[16:10:52] [main/INFO]: Found mod file "c2me-fixes-chunkio-threading-issues-mc1.21.1-0.3.0+alpha.0.93.jar" [parent: c2me-neoforge-mc1.21.1-0.3.0+alpha.0.93.jar, locator: jarinjar, reader: mod manifest]
[16:10:52] [main/INFO]: Found gamelibrary file "dev.ryanhcode.sable.sable-sable_rapier-1.21.1-2.0.3.jar" [parent: sable-neoforge-1.21.1-2.0.3.jar, locator: jarinjar, reader: mod manifest]
[16:10:52] [main/INFO]: Found mod file "c2me-client-uncapvd-mc1.21.1-0.3.0+alpha.0.93.jar" [parent: c2me-neoforge-mc1.21.1-0.3.0+alpha.0.93.jar, locator: jarinjar, reader: mod manifest]
[16:10:52] [main/INFO]: Found library file "jcpp-1.4.14.jar" [parent: iris-neoforge-1.8.14-beta.1+mc1.21.1.jar, locator: jarinjar]
[16:10:52] [main/INFO]: Found mod file "c2me-opts-dfc-mc1.21.1-0.3.0+alpha.0.93.jar" [parent: c2me-neoforge-mc1.21.1-0.3.0+alpha.0.93.jar, locator: jarinjar, reader: mod manifest]
[16:10:52] [main/INFO]: Found library file "kotlin-stdlib-2.4.20-Beta1.jar" [parent: ldlib2-neoforge-1.21.1-2.2.28-all.jar, locator: jarinjar]
[16:10:52] [main/INFO]: Found gamelibrary file "l2modularblocks-3.0.0+4.jar" [parent: barbequesdelight-1.3.0.jar, locator: jarinjar, reader: mod manifest]
[16:10:52] [main/INFO]: Found library file "taffy-1.1.4.jar" [parent: ldlib2-neoforge-1.21.1-2.2.28-all.jar, locator: jarinjar]
[16:10:52] [main/INFO]: Found mod file "fabric-entity-events-v1-1.8.0+5ede667619.jar" [parent: forgified-fabric-api-0.116.7+2.2.4+1.21.1.jar, locator: jarinjar, reader: mod manifest]
[16:10:52] [main/INFO]: Found library file "resourceful-cosmetics-4j-1.0.3.jar" [parent: CreeperOverhaul-neoforge-1.21.1-4.0.6.jar, locator: jarinjar]
[16:10:52] [main/INFO]: Found mod file "fabric-loot-api-v2-3.0.15+a3ee712d19.jar" [parent: forgified-fabric-api-0.116.7+2.2.4+1.21.1.jar, locator: jarinjar, reader: mod manifest]
[16:10:52] [main/INFO]: Found gamelibrary file "mixinsquared-forge-0.3.3.jar" [parent: supplementaries-neoforge-1.21.1-3.6.8.jar, locator: jarinjar, reader: mod manifest]
[16:10:52] [main/INFO]: Found library file "nv-websocket-client-2.14.jar" [parent: figura-0.1.6+1.21.1-neoforge-mc.jar, locator: jarinjar]
[16:10:52] [main/INFO]: Found mod file "fabric-loot-api-v3-1.0.3+333dfad919.jar" [parent: forgified-fabric-api-0.116.7+2.2.4+1.21.1.jar, locator: jarinjar, reader: mod manifest]
[16:10:52] [main/INFO]: Found mod file "TRansition-1.0.21-1.21.1-neoforge-SNAPSHOT.jar" [parent: entityculling-neoforge-1.10.5-mc1.21.1.jar, locator: jarinjar, reader: mod manifest]
[16:10:52] [main/INFO]: Found library file "kotlinx-serialization-core-jvm-1.9.0.jar" [parent: kotlinforforge-5.11.0-all.jar, locator: jarinjar]
[16:10:52] [main/INFO]: Found mod file "fabric-networking-api-v1-4.3.0+30a980d919.jar" [parent: forgified-fabric-api-0.116.7+2.2.4+1.21.1.jar, locator: jarinjar, reader: mod manifest]
[16:10:52] [main/INFO]: Found gamelibrary file "Registrate-MC1.21-1.3.0+67.jar" [parent: barbequesdelight-1.3.0.jar, locator: jarinjar, reader: mod manifest]
[16:10:52] [main/INFO]: Found mod file "c2me-rewrites-chunkio-mc1.21.1-0.3.0+alpha.0.93.jar" [parent: c2me-neoforge-mc1.21.1-0.3.0+alpha.0.93.jar, locator: jarinjar, reader: mod manifest]
[16:10:52] [main/INFO]: Found mod file "c2me-opts-allocs-mc1.21.1-0.3.0+alpha.0.93.jar" [parent: c2me-neoforge-mc1.21.1-0.3.0+alpha.0.93.jar, locator: jarinjar, reader: mod manifest]
[16:10:52] [main/INFO]: Found mod file "fabric-lifecycle-events-v1-2.6.0+e40d8add19.jar" [parent: forgified-fabric-api-0.116.7+2.2.4+1.21.1.jar, locator: jarinjar, reader: mod manifest]
[16:10:52] [main/INFO]: Found library file "asyncutil-0.1.0.jar" [parent: c2me-neoforge-mc1.21.1-0.3.0+alpha.0.93.jar, locator: jarinjar]
[16:10:52] [main/INFO]: Found mod file "fabric-key-binding-api-v1-1.0.47+62cc7ce119.jar" [parent: forgified-fabric-api-0.116.7+2.2.4+1.21.1.jar, locator: jarinjar, reader: mod manifest]
[16:10:52] [main/INFO]: Found mod file "fabric-client-tags-api-v1-1.1.15+e053909619.jar" [parent: forgified-fabric-api-0.116.7+2.2.4+1.21.1.jar, locator: jarinjar, reader: mod manifest]
[16:10:52] [main/INFO]: Found mod file "fabric-transfer-api-v1-5.4.3+a25cb45619.jar" [parent: forgified-fabric-api-0.116.7+2.2.4+1.21.1.jar, locator: jarinjar, reader: mod manifest]
[16:10:52] [main/INFO]: Found library file "luaj-core-3.0.8-figura.jar" [parent: figura-0.1.6+1.21.1-neoforge-mc.jar, locator: jarinjar]
[16:10:52] [main/INFO]: Found mod file "c2me-threading-lighting-mc1.21.1-0.3.0+alpha.0.93.jar" [parent: c2me-neoforge-mc1.21.1-0.3.0+alpha.0.93.jar, locator: jarinjar, reader: mod manifest]
[16:10:52] [main/INFO]: Found library file "net.neoforged.neoforge-coremods-21.1.234.jar" [parent: neoforge-21.1.234-universal.jar, locator: jarinjar, reader: mod manifest]
[16:10:52] [main/INFO]: Found mod file "fabric-model-loading-api-v1-2.1.0+6e8f52c719.jar" [parent: forgified-fabric-api-0.116.7+2.2.4+1.21.1.jar, locator: jarinjar, reader: mod manifest]
[16:10:52] [main/INFO]: Found mod file "xaerolib-neoforge-1.21.1-1.1.15.jar" [parent: xaeroworldmap-neoforge-1.21.1-1.41.0.jar, locator: jarinjar, reader: mod manifest]
[16:10:52] [main/INFO]: Found mod file "dev.eriksonn.aeronautics.aeronautics-neoforge-1.21.1-1.3.0.jar" [parent: create-aeronautics-bundled-1.21.1-1.3.0.jar, locator: jarinjar, reader: mod manifest]
[16:10:52] [main/INFO]: Found mod file "fabric-screen-handler-api-v1-1.3.90+8dbc56dd19.jar" [parent: forgified-fabric-api-0.116.7+2.2.4+1.21.1.jar, locator: jarinjar, reader: mod manifest]
[16:10:52] [main/INFO]: Found mod file "fabric-resource-loader-v0-1.3.1+4ea8954419.jar" [parent: forgified-fabric-api-0.116.7+2.2.4+1.21.1.jar, locator: jarinjar, reader: mod manifest]
[16:10:52] [main/INFO]: Found mod file "TRender-1.0.15-1.21.1-neoforge-SNAPSHOT.jar" [parent: entityculling-neoforge-1.10.5-mc1.21.1.jar, locator: jarinjar, reader: mod manifest]
[16:10:52] [main/INFO]: Found mod file "fabric-rendering-v1-5.1.0+1a09bd5a19.jar" [parent: forgified-fabric-api-0.116.7+2.2.4+1.21.1.jar, locator: jarinjar, reader: mod manifest]
[16:10:52] [main/INFO]: Found mod file "fabric-renderer-indigo-1.7.1+9125b6dc19.jar" [parent: forgified-fabric-api-0.116.7+2.2.4+1.21.1.jar, locator: jarinjar, reader: mod manifest]
[16:10:52] [main/INFO]: Found gamelibrary file "mixinsquared-neoforge-0.2.0-beta.6.jar" [parent: c2me-neoforge-mc1.21.1-0.3.0+alpha.0.93.jar, locator: jarinjar, reader: mod manifest]
[16:10:52] [main/INFO]: Found library file "yabn-1.0.3.jar" [parent: resourcefullib-neoforge-1.21-3.0.12.jar, locator: jarinjar]
[16:10:52] [main/INFO]: Found library file "kotlinx-coroutines-jdk8-1.10.2.jar" [parent: kotlinforforge-5.11.0-all.jar, locator: jarinjar]
[16:10:52] [main/INFO]: Found mod file "c2me-rewrites-chunk-system-mc1.21.1-0.3.0+alpha.0.93.jar" [parent: c2me-neoforge-mc1.21.1-0.3.0+alpha.0.93.jar, locator: jarinjar, reader: mod manifest]
[16:10:52] [main/INFO]: Found library file "rxjava-3.1.12.jar" [parent: c2me-neoforge-mc1.21.1-0.3.0+alpha.0.93.jar, locator: jarinjar]
[16:10:52] [main/INFO]: Found mod file "whitenoise-1.21.1-neoforge-2.2.0.jar" [parent: betterdays-1.21.1-3.3.6.3-NEOFORGE.jar, locator: jarinjar, reader: mod manifest]
[16:10:52] [main/INFO]: Found library file "molang-compiler-3.1.1.19.jar" [parent: veil-neoforge-1.21.1-4.1.4.jar, locator: jarinjar]
[16:10:52] [main/INFO]: Found mod file "fabric-particles-v1-4.0.2+824f924c19.jar" [parent: forgified-fabric-api-0.116.7+2.2.4+1.21.1.jar, locator: jarinjar, reader: mod manifest]
[16:10:52] [main/INFO]: Found mod file "c2me-opts-worldgen-vanilla-mc1.21.1-0.3.0+alpha.0.93.jar" [parent: c2me-neoforge-mc1.21.1-0.3.0+alpha.0.93.jar, locator: jarinjar, reader: mod manifest]
[16:10:52] [main/INFO]: Found mod file "c2me-opts-scheduling-mc1.21.1-0.3.0+alpha.0.93.jar" [parent: c2me-neoforge-mc1.21.1-0.3.0+alpha.0.93.jar, locator: jarinjar, reader: mod manifest]
[16:10:52] [main/INFO]: Found mod file "fabric-transitive-access-wideners-v1-6.2.0+6c854b6f19.jar" [parent: forgified-fabric-api-0.116.7+2.2.4+1.21.1.jar, locator: jarinjar, reader: mod manifest]
[16:10:52] [main/INFO]: Found mod file "dev.ryanhcode.offroad.offroad-neoforge-1.21.1-1.3.0.jar" [parent: create-aeronautics-bundled-1.21.1-1.3.0.jar, locator: jarinjar, reader: mod manifest]
[16:10:52] [main/INFO]: Found mod file "fabric-blockrenderlayer-v1-1.1.52+c290471319.jar" [parent: forgified-fabric-api-0.116.7+2.2.4+1.21.1.jar, locator: jarinjar, reader: mod manifest]
[16:10:52] [main/INFO]: Found mod file "c2me-server-utils-mc1.21.1-0.3.0+alpha.0.93.jar" [parent: c2me-neoforge-mc1.21.1-0.3.0+alpha.0.93.jar, locator: jarinjar, reader: mod manifest]
[16:10:52] [main/INFO]: Found library file "thedarkcolour.kfflang-5.11.0.jar" [parent: kotlinforforge-5.11.0-all.jar, locator: jarinjar, reader: mod manifest]
[16:10:52] [main/INFO]: Found mod file "fabric-block-api-v1-1.1.0+b0c22bb819.jar" [parent: forgified-fabric-api-0.116.7+2.2.4+1.21.1.jar, locator: jarinjar, reader: mod manifest]
[16:10:52] [main/INFO]: Found gamelibrary file "thedarkcolour.kfflib-5.11.0.jar" [parent: kotlinforforge-5.11.0-all.jar, locator: jarinjar, reader: mod manifest]
[16:10:52] [main/INFO]: Found mod file "fabric-resource-conditions-api-v1-4.3.0+5bdd099819.jar" [parent: forgified-fabric-api-0.116.7+2.2.4+1.21.1.jar, locator: jarinjar, reader: mod manifest]
[16:10:52] [main/INFO]: Found library file "luaj-jse-3.0.8-figura.jar" [parent: figura-0.1.6+1.21.1-neoforge-mc.jar, locator: jarinjar]
[16:10:52] [main/INFO]: Found library file "glsl-transformer-3.0.0-pre3.jar" [parent: iris-neoforge-1.8.14-beta.1+mc1.21.1.jar, locator: jarinjar]
[16:10:52] [main/INFO]: Found mod file "thedarkcolour.kffmod-5.11.0.jar" [parent: kotlinforforge-5.11.0-all.jar, locator: jarinjar, reader: mod manifest]
[16:10:52] [main/INFO]: Found library file "kotlin-reflect-2.3.0.jar" [parent: kotlinforforge-5.11.0-all.jar, locator: jarinjar]
[16:10:52] [main/INFO]: Found mod file "sable-companion-common-1.21.1-1.6.0.jar" [parent: supplementaries-neoforge-1.21.1-3.6.8.jar, locator: jarinjar, reader: mod manifest]
[16:10:52] [main/INFO]: Found mod file "neoforge.jar" [parent: iris-flywheel-compat-NeoForge-2.4.0.jar, locator: jarinjar, reader: mod manifest]
[16:10:52] [main/INFO]: Found mod file "fabric-item-group-api-v1-4.1.7+e324903319.jar" [parent: forgified-fabric-api-0.116.7+2.2.4+1.21.1.jar, locator: jarinjar, reader: mod manifest]
[16:10:52] [main/INFO]: Found library file "yoga-1.0.0.jar" [parent: ldlib2-neoforge-1.21.1-2.2.28-all.jar, locator: jarinjar]
[16:10:52] [main/INFO]: Found mod file "fabric-gametest-api-v1-2.0.5+29f188ce19.jar" [parent: forgified-fabric-api-0.116.7+2.2.4+1.21.1.jar, locator: jarinjar, reader: mod manifest]
[16:10:52] [main/INFO]: Found mod file "c2me-notickvd-mc1.21.1-0.3.0+alpha.0.93.jar" [parent: c2me-neoforge-mc1.21.1-0.3.0+alpha.0.93.jar, locator: jarinjar, reader: mod manifest]
[16:10:52] [main/INFO]: Found mod file "l2core-3.0.8+1.jar" [parent: barbequesdelight-1.3.0.jar, locator: jarinjar, reader: mod manifest]
[16:10:52] [main/INFO]: Found mod file "fabric-biome-api-v1-13.0.31+1e62d33c19.jar" [parent: forgified-fabric-api-0.116.7+2.2.4+1.21.1.jar, locator: jarinjar, reader: mod manifest]
[16:10:52] [main/INFO]: Found mod file "c2me-opts-worldgen-general-mc1.21.1-0.3.0+alpha.0.93.jar" [parent: c2me-neoforge-mc1.21.1-0.3.0+alpha.0.93.jar, locator: jarinjar, reader: mod manifest]
[16:10:52] [main/INFO]: Found mod file "c2me-opts-chunkio-mc1.21.1-0.3.0+alpha.0.93.jar" [parent: c2me-neoforge-mc1.21.1-0.3.0+alpha.0.93.jar, locator: jarinjar, reader: mod manifest]
[16:10:52] [main/INFO]: Found mod file "fabric-registry-sync-v0-5.3.1+f9aace1619.jar" [parent: forgified-fabric-api-0.116.7+2.2.4+1.21.1.jar, locator: jarinjar, reader: mod manifest]
[16:10:52] [main/INFO]: Found mod file "fabric-recipe-api-v1-5.0.15+59440bcc19.jar" [parent: forgified-fabric-api-0.116.7+2.2.4+1.21.1.jar, locator: jarinjar, reader: mod manifest]
[16:10:52] [main/INFO]: Found mod file "fabric-object-builder-api-v1-15.2.1+cc242efd19.jar" [parent: forgified-fabric-api-0.116.7+2.2.4+1.21.1.jar, locator: jarinjar, reader: mod manifest]
[16:10:52] [main/INFO]: Found library file "Reflect-1.6.1+curseforge.jar" [parent: ImmediatelyFast-NeoForge-1.6.10+1.21.1.jar, locator: jarinjar]
[16:10:52] [main/INFO]: Found mod file "fabric-sound-api-v1-1.0.23+10b84f8419.jar" [parent: forgified-fabric-api-0.116.7+2.2.4+1.21.1.jar, locator: jarinjar, reader: mod manifest]
[16:10:52] [main/INFO]: Found mod file "fabric-message-api-v1-6.0.14+6a754fce19.jar" [parent: forgified-fabric-api-0.116.7+2.2.4+1.21.1.jar, locator: jarinjar, reader: mod manifest]
[16:10:52] [main/INFO]: Found mod file "expandability-neoforge-12.0.0.jar" [parent: artifacts-neoforge-13.2.1.jar, locator: jarinjar, reader: mod manifest]
[16:10:52] [main/INFO]: Found mod file "fabric-data-generation-api-v1-20.2.34+a4c3605619.jar" [parent: forgified-fabric-api-0.116.7+2.2.4+1.21.1.jar, locator: jarinjar, reader: mod manifest]
[16:10:52] [main/INFO]: Found mod file "fabric-events-interaction-v0-0.7.13+86e0887119.jar" [parent: forgified-fabric-api-0.116.7+2.2.4+1.21.1.jar, locator: jarinjar, reader: mod manifest]
[16:10:52] [main/INFO]: 
     Mod List:
		Name Version (Mod Id)

		[Let's Do] API 1.3.0-beta-release (doapi)
		[Let's Do] Bakery 2.1.6 (bakery)
		[Let's Do] Brewery 2.1.9 (brewery)
		[Let's Do] Candlelight 2.1.12 (candlelight)
		[Let's Do] Farm & Charm 1.1.22 (farm_and_charm)
		[Let's Do] HerbalBrews 1.1.3 (herbalbrews)
		[Let's Do] Meadow 1.4.8 (meadow)
		[Let's Do] Vinery 1.5.3 (vinery)
		AddonsLib 1.21.1-1.13 (addonslib)
		AeronauticsCompat 1.1.2 (aeronauticscompat)
		Alex's Caves 2.0.10 (alexscaves)
		Alex's Mobs 1.22.17 (alexsmobs)
		Almost Unified Immersive Engineering 1.21.1-1.0.1 (almostunified_ie)
		AlmostUnified 1.21.1-1.4.2 (almostunified)
		AmbientSounds 6.3.8 (ambientsounds)
		Amendments 1.21-2.0.15 (amendments)
		AppleSkin 3.0.9+mc1.21 (appleskin)
		Architectury 13.0.8 (architectury)
		Artifacts 13.2.1 (artifacts)
		Athena 4.0.6 (athena)
		Autumnity 6.0.1 (autumnity)
		BaguetteLib 2.0.3 (baguettelib)
		Balm 21.0.59 (balm)
		Barbeque's Delight 1.3.0 (barbequesdelight)
		Better Third Person 1.9.0 (betterthirdperson)
		BetterDays 3.3.6.3 (betterdays)
		Biolith 3.0.14 (biolith)
		Biomes O' Plenty 21.1.0.14 (biomesoplenty)
		Blueprint 8.1.0 (blueprint)
		Born in Chaos  1.7.6 (born_in_chaos_v1)
		Born In Configuration 3.2.2 (borninconfiguration)
		Build Guide 0.4.9 (buildguide)
		Buzzier Bees 7.0.1 (buzzier_bees)
		Carry On 2.2.4 (carryon)
		Chipped 4.0.2 (chipped)
		Citadel 2.7.6 (citadel)
		Concurrent Chunk Management Engine 0.3.0+alpha.0.93+1.21.1 (c2me)
		Concurrent Chunk Management Engine (Base) 0.3.0+alpha.0.93+1.21.1 (c2me_base)
		Concurrent Chunk Management Engine (Client/Uncap View Distance) 0.3.0+alpha.0.93+1.21.1 (c2me_client_uncapvd)
		Concurrent Chunk Management Engine (Fixes/Chunk IO/Threading Issues) 0.3.0+alpha.0.93+1.21.1 (c2me_fixes_chunkio_threading_issues)
		Concurrent Chunk Management Engine (Fixes/General/Threading Issues) 0.3.0+alpha.0.93+1.21.1 (c2me_fixes_general_threading_issues)
		Concurrent Chunk Management Engine (Fixes/WorldGen/Threading Issues) 0.3.0+alpha.0.93+1.21.1 (c2me_fixes_worldgen_threading_issues)
		Concurrent Chunk Management Engine (Fixes/WorldGen/Vanilla Bugs) 0.3.0+alpha.0.93+1.21.1 (c2me_fixes_worldgen_vanilla_bugs)
		Concurrent Chunk Management Engine (No Tick View Distance) 0.3.0+alpha.0.93+1.21.1 (c2me_notickvd)
		Concurrent Chunk Management Engine (Optimizations/Chunk IO) 0.3.0+alpha.0.93+1.21.1 (c2me_opts_chunkio)
		Concurrent Chunk Management Engine (Optimizations/Density Function Compiler) 0.3.0+alpha.0.93+1.21.1 (c2me_opts_dfc)
		Concurrent Chunk Management Engine (Optimizations/General WorldGen) 0.3.0+alpha.0.93+1.21.1 (c2me_opts_worldgen_general)
		Concurrent Chunk Management Engine (Optimizations/Math) 0.3.0+alpha.0.93+1.21.1 (c2me_opts_math)
		Concurrent Chunk Management Engine (Optimizations/Memory Allocations) 0.3.0+alpha.0.93+1.21.1 (c2me_opts_allocs)
		Concurrent Chunk Management Engine (Optimizations/Natives Math) 0.3.0+alpha.0.93+1.21.1 (c2me_opts_natives_math)
		Concurrent Chunk Management Engine (Optimizations/Scheduling) 0.3.0+alpha.0.93+1.21.1 (c2me_opts_scheduling)
		Concurrent Chunk Management Engine (Optimizations/Vanilla WorldGen) 0.3.0+alpha.0.93+1.21.1 (c2me_opts_worldgen_vanilla)
		Concurrent Chunk Management Engine (Rewrites/Chunk IO) 0.3.0+alpha.0.93+1.21.1 (c2me_rewrites_chunkio)
		Concurrent Chunk Management Engine (Rewrites/Chunk Serializer) 0.3.0+alpha.0.93+1.21.1 (c2me_rewrites_chunk_serializer)
		Concurrent Chunk Management Engine (Rewrites/Chunk System) 0.3.0+alpha.0.93+1.21.1 (c2me_rewrites_chunk_system)
		Concurrent Chunk Management Engine (Server Utils) 0.3.0+alpha.0.93+1.21.1 (c2me_server_utils)
		Concurrent Chunk Management Engine (Threading/Lighting) 0.3.0+alpha.0.93+1.21.1 (c2me_threading_lighting)
		Connectivity Mod 7.6 (connectivity)
		Corpse 1.21.1-1.1.13 (corpse)
		Corpse Curios Compatibility 3.1.3 (corpsecurioscompat)
		Crafting Tweaks 21.1.10 (craftingtweaks)
		Create 6.0.10 (create)
		Create Aeronautics 1.3.0 (aeronautics_bundled)
		Create Aeronautics 1.3.0 (aeronautics)
		Create Aeronautics: Copycat Wing 1.0.2 (copycat_wing)
		Create Aeronautics: Transmission & Linkage 0.2.5 (aeronautics_utility_objects)
		Create Big Cannons 5.11.6 (createbigcannons)
		Create Bits 'n' Bobs 0.0.44 (bits_n_bobs)
		Create Crafts & Additions 1.6.0 (createaddition)
		Create Deco 2.1.3 (createdeco)
		Create Dynamic Lights 2.3.1-sodium-sable (createdynlight)
		Create Offroad 1.3.0 (offroad)
		Create Ore Excavation 1.6.8 (createoreexcavation)
		Create Simulated 1.3.0 (simulated)
		Create Slice & Dice 4.2.4 (sliceanddice)
		Create Tracks 1.0.1 (tracks)
		Create: Addon Compatibility 1.0.0 (createaddoncompatibility)
		Create: Aviation 1.0.0 (createaviation)
		Create: Bells & Whistles 0.4.7-1.21.1 (bellsandwhistles)
		Create: Blocks & Bogies 1.0.7 (create_bb)
		Create: Chipped 1.0.0 (create_chipped)
		Create: Connected 1.3.1-mc1.21.1 (create_connected)
		Create: Copycats+ 3.0.4+mc.1.21.1-neoforge (copycats)
		Create: Interiors 0.6.1 (interiors)
		Create: More Girder 2.1.2 (createmoregirder)
		Create: Sound of Steam 0.8.2+1.21.1 (pipeorgans)
		Create: Steam 'n' Rails 1.21.1 0.2.1+neoforge-mc1.21.1 (railways)
		Create: The Factory Must Grow 1.2.0 (tfmg)
		Create:Lazy Tick 2.4.9-6.0.x (createlazytick)
		CreativeCore 2.13.41 (creativecore)
		Creeper Overhaul 4.0.6 (creeperoverhaul)
		Croptopia 4.2.4 (croptopia)
		Cupboard mod 3.7 (cupboard)
		Curios API 9.5.1+1.21.1 (curios)
		Decorative Blocks Reborn 6.0.2 (decorative_blocks)
		Design n' Decor 2.2b (dndecor)
		Display Delight 1.7.0 (displaydelight)
		Distant Horizons 3.1.2-b (distanthorizons)
		Dramatic Doors 1.21.1-3.3.2 (dramaticdoors)
		Engineered Compatibility 4.3.0 (engineeredcompatibility)
		Engineers Delight 1.8.0 (tmted)
		EntityCulling 1.10.5 (entityculling)
		EpheroLib 1.2.0 (epherolib)
		Euphoria Patcher 1.9.3-r5.8.1-neoforge (euphoria_patcher)
		Every Compat 1.21-2.11.45 (everycomp)
		ExpandAbility 12.0.0 (expandability)
		Fairy Lights 1.2.6 (fairylights)
		Farmer's Croptopia 3.2.2 (farmers_croptopia)
		Farmer's Delight 1.3.2 (farmersdelight)
		Ferrite Core 7.0.3 (ferritecore)
		Figura 0.1.6+1.21.1 (figura)
		Flywheel 1.0.6 (flywheel)
		Forgified Fabric API 0.116.7+2.2.4+1.21.1 (fabric_api)
		Forgified Fabric API Base 0.4.42+d1308ded19 (fabric_api_base)
		Forgified Fabric API Lookup API (v1) 1.6.71+c290471319 (fabric_api_lookup_api_v1)
		Forgified Fabric Biome API (v1) 13.0.31+1e62d33c19 (fabric_biome_api_v1)
		Forgified Fabric Block API (v1) 1.1.0+b0c22bb819 (fabric_block_api_v1)
		Forgified Fabric BlockRenderLayer Registration (v1) 1.1.52+c290471319 (fabric_blockrenderlayer_v1)
		Forgified Fabric BlockView API (v2) 1.0.10+9afaaf8c19 (fabric_block_view_api_v2)
		Forgified Fabric Client Tags 1.1.15+e053909619 (fabric_client_tags_api_v1)
		Forgified Fabric Command API (v2) 2.2.28+36d727be19 (fabric_command_api_v2)
		Forgified Fabric Content Registries (v0) 8.0.19+5e0d320019 (fabric_content_registries_v0)
		Forgified Fabric Convention Tags 2.1.5+7f945d5b19 (fabric_convention_tags_v1)
		Forgified Fabric Convention Tags (v2) 2.11.1+87e5848019 (fabric_convention_tags_v2)
		Forgified Fabric Data Attachment API (v1) 1.4.5+26d408aa19 (fabric_data_attachment_api_v1)
		Forgified Fabric Data Generation API (v1) 20.2.34+a4c3605619 (fabric_data_generation_api_v1)
		Forgified Fabric Entity Events (v1) 1.8.0+5ede667619 (fabric_entity_events_v1)
		Forgified Fabric Events Interaction (v0) 0.7.13+86e0887119 (fabric_events_interaction_v0)
		Forgified Fabric Game Rule API (v1) 1.0.53+36d727be19 (fabric_game_rule_api_v1)
		Forgified Fabric Game Test API (v1) 2.0.5+29f188ce19 (fabric_gametest_api_v1)
		Forgified Fabric Item API (v1) 11.2.0+0c57911319 (fabric_item_api_v1)
		Forgified Fabric Item Group API (v1) 4.1.7+e324903319 (fabric_item_group_api_v1)
		Forgified Fabric Key Binding API (v1) 1.0.47+62cc7ce119 (fabric_key_binding_api_v1)
		Forgified Fabric Lifecycle Events (v1) 2.6.0+e40d8add19 (fabric_lifecycle_events_v1)
		Forgified Fabric Loot API (v2) 3.0.15+a3ee712d19 (fabric_loot_api_v2)
		Forgified Fabric Loot API (v3) 1.0.3+333dfad919 (fabric_loot_api_v3)
		Forgified Fabric Message API (v1) 6.0.14+6a754fce19 (fabric_message_api_v1)
		Forgified Fabric Model Loading API (v1) 2.1.0+6e8f52c719 (fabric_model_loading_api_v1)
		Forgified Fabric Networking API (v1) 4.3.0+30a980d919 (fabric_networking_api_v1)
		Forgified Fabric Object Builder API (v1) 15.2.1+cc242efd19 (fabric_object_builder_api_v1)
		Forgified Fabric Particles (v1) 4.0.2+824f924c19 (fabric_particles_v1)
		Forgified Fabric Recipe API (v1) 5.0.15+59440bcc19 (fabric_recipe_api_v1)
		Forgified Fabric Registry Sync (v0) 5.3.1+f9aace1619 (fabric_registry_sync_v0)
		Forgified Fabric Renderer - Indigo 1.7.1+9125b6dc19 (fabric_renderer_indigo)
		Forgified Fabric Renderer API (v1) 3.4.1+9125b6dc19 (fabric_renderer_api_v1)
		Forgified Fabric Rendering (v1) 5.1.0+1a09bd5a19 (fabric_rendering_v1)
		Forgified Fabric Rendering Data Attachment (v1) 0.3.48+73761d2e19 (fabric_rendering_data_attachment_v1)
		Forgified Fabric Rendering Fluids (v1) 3.1.6+a51883b219 (fabric_rendering_fluids_v1)
		Forgified Fabric Resource Conditions API (v1) 4.3.0+5bdd099819 (fabric_resource_conditions_api_v1)
		Forgified Fabric Resource Loader (v0) 1.3.1+4ea8954419 (fabric_resource_loader_v0)
		Forgified Fabric Screen API (v1) 2.0.25+0ae1214819 (fabric_screen_api_v1)
		Forgified Fabric Screen Handler API (v1) 1.3.90+8dbc56dd19 (fabric_screen_handler_api_v1)
		Forgified Fabric Sound API (v1) 1.0.23+10b84f8419 (fabric_sound_api_v1)
		Forgified Fabric Transfer API (v1) 5.4.3+a25cb45619 (fabric_transfer_api_v1)
		Forgified Fabric Transitive Access Wideners (v1) 6.2.0+6c854b6f19 (fabric_transitive_access_wideners_v1)
		FramedBlocks 10.6.0 (framedblocks)
		Framework 0.13.11 (framework)
		Fusion 1.2.12 (fusion)
		Galosphere 1.5.4 (galosphere)
		GeckoLib 4 4.8.4 (geckolib)
		GlitchCore 2.1.0.2 (glitchcore)
		Handcrafted 4.0.3 (handcrafted)
		Horseman 1.5.9 (horseman)
		HT's TreeChop 0.19.3 (treechop)
		ImmediatelyFast 1.6.10+1.21.1 (immediatelyfast)
		Immersive Engineering 12.4.2-194 (immersiveengineering)
		Immersive Posts 4.3.1-16 (immersiveposts)
		Iris 1.8.14-beta.1+mc1.21.1 (iris)
		Iris Flywheel Compat 2.4.0 (irisflw)
		Iron's Lib 1.21.1-1.1.0 (irons_lib)
		Iron's Spells 'n Spellbooks 1.21.1-3.16.1 (irons_spellbooks)
		Jade 15.10.5+neoforge (jade)
		Just Enough Immersive Multiblocks 1.0.6 (jeimultiblocks)
		Just Enough Items 19.27.0.336 (jei)
		Just Enough Resources 1.6.0.17 (jeresources)
		Kotlin For Forge 5.11.0 (kotlinforforge)
		KumaAPI 21.0.8 (kuma_api)
		L2Core 3.0.8+1 (l2core)
		Let's Do Create Compat 1.0.1 (lets_do_create_compat)
		Lithostitched 1.7.9 (lithostitched)
		Lootr 1.21.1-1.11.37.120 (lootr)
		LowDragLib2 2.2.28 (ldlib2)
		Macaw's Bridges 3.1.2 (mcwbridges)
		Macaw's Doors 1.1.5 (mcwdoors)
		Macaw's Fences and Walls 1.2.1 (mcwfences)
		Macaw's Furniture 3.4.1 (mcwfurnitures)
		Macaw's Lights and Lamps 1.1.5 (mcwlights)
		Macaw's Paintings 1.1.0 (mcwpaintings)
		Macaw's Paths and Pavings 1.1.1 (mcwpaths)
		Macaw's Roofs 2.3.2 (mcwroofs)
		Macaw's Stairs and Balconies 1.0.2 (mcwstairs)
		Macaw's Trapdoors 1.1.5 (mcwtrpdoors)
		Macaw's Windows 2.4.2 (mcwwindows)
		Measurements 3.0.3 (measurements)
		Mech Trowel 1.3.2.1 (mechtrowel)
		Minecraft 1.21.1 (minecraft)
		Modern GUI 1.0.6 (modern_gui)
		ModernFix 5.27.11+mc1.21.1 (modernfix)
		Moonlight Lib 1.21.1-3.0.18 (moonlight)
		Mouse Tweaks 2.26.1 (mousetweaks)
		Nature's Compass 1.21.1-3.4.0-neoforge (naturescompass)
		NeoForge 21.1.234 (neoforge)
		Noisium 2.7.0+mc1.21-1.21.1 (noisium)
		NotEnoughAnimations 1.12.4 (notenoughanimations)
		Player Animator 2.0.4+1.21.1 (playeranimator)
		Polymorph 1.1.0+1.21.1 (polymorph)
		Ponder 1.0.82+mc1.21.1 (ponder)
		Quark 4.1-480 (quark)
		Rechiseled 1.2.4 (rechiseled)
		Rechiseled: Chipped 1.3 (rechiseled_chipped)
		Rechiseled: Create 1.1.0 (rechiseledcreate)
		Resourceful Lib 3.0.12 (resourcefullib)
		Resourcefulconfig 3.0.11 (resourcefulconfig)
		Ritchie's Projectile Library 2.1.2 (ritchiesprojectilelib)
		Sable 2.0.3 (sable)
		Sable Companion 1.6.0 (sablecompanion)
		Sable Create Addition Compat 0.1.13 (sable_createaddition_compat)
		Sable Schematic API 0.4.0 (sable_schematic_api)
		Sable: Physics Compat 1.3.0 (sablephysicscompat)
		Scorched Guns 1.5 (scguns)
		Searchables 1.0.2 (searchables)
		Simple Voice Chat 1.21.1-2.6.20 (voicechat)
		Smoothchunk mod 4.1 (smoothchunk)
		Sodium 0.8.12+mc1.21.1 (sodium)
		Sodium Dynamic Lights 1.0.9 (sodiumdynamiclights)
		Sooty Chimneys 1.3.5 (sootychimneys)
		Sophisticated Backpacks 3.25.64 (sophisticatedbackpacks)
		Sophisticated Backpacks Create Integration 0.1.7 (sophisticatedbackpackscreateintegration)
		Sophisticated Core 1.4.59 (sophisticatedcore)
		Sophisticated Storage 1.5.60 (sophisticatedstorage)
		Sophisticated Storage Create Integration 0.1.17 (sophisticatedstoragecreateintegration)
		Sound Physics Remastered 1.21.1-1.5.1 (sound_physics_remastered)
		Stone Zone 1.21-2.11.16 (stonezone)
		Structure Essentials mod 5.0 (structureessentials)
		SuperMartijn642's Config Library 1.1.8 (supermartijn642configlib)
		SuperMartijn642's Core Lib 1.1.21 (supermartijn642corelib)
		Supplementaries 1.21.1-3.6.8 (supplementaries)
		Swaying Garden 1.1.2.1 (swaying_garden)
		Tectonic 3.0.22 (tectonic)
		TerraBlender 4.1.0.8 (terrablender)
		Terralith 2.6.2 (terralith)
		The Undergarden 0.9.6 (undergarden)
		TRansition 1.0.21 (transition)
		TrashSlot 21.1.11 (trashslot)
		TRender 1.0.15 (trender)
		Universal Sawmill 1.21-1.7.7 (sawmill)
		Veil 4.1.4 (veil)
		WhiteNoise 2.2.0 (whitenoise)
		Xaero's Minimap 26.1.0 (xaerominimap)
		Xaero's World Map 1.41.0 (xaeroworldmap)
		XaeroLib 1.1.15 (xaerolib)
		Zeta 1.1-40 (zeta)
[16:10:53] [main/ERROR]: Access transformer file accesstransformer.cfg provided by mod irisflw does not exist!
[16:10:53] [main/INFO]: Loading coremod script-engine for [xaerominimap, xaeroworldmap]
[16:10:55] [main/INFO]: Compatibility level set to JAVA_21
[16:10:55] [main/INFO]: Propagating FML mod list to Fabric Loader
[16:10:55] [main/INFO]: Launching target 'forgeclient' with arguments [--version, neoforge-21.1.234, --gameDir, E:\Minecraft Modding\Instances\DragonKnights DEV (1), --assetsDir, E:\Minecraft Modding\Install\assets, --uuid, 46c14c2ab87146bfbaf24c17c2ab9141, --username, StarrFluff, --assetIndex, 17, --accessToken, ❄❄❄❄❄❄❄❄, --clientId, 1003dba-4c8097-8a37d7-664f0e-8b5906, --xuid, 2535420474499486, --userType, msa, --versionType, release, --width, 1024, --height, 768, --quickPlayPath, E:\Minecraft Modding\Quickplay\9d225ace-56af-4f6a-9a1c-f712e537cd35.json, , , ]
[16:10:55] [main/INFO]: Initializing com.ishland.c2me.fixes.worldgen.threading_issues.mixin
[16:10:55] [main/INFO]: Initializing com.ishland.c2me.rewrites.chunk_serializer.mixin
[16:10:55] [main/INFO]: Disabling com.ishland.c2me.rewrites.chunk_serializer.mixin
[16:10:55] [main/WARN]: Reference map 'createmoregirder.refmap.json' for createmoregirder.mixins.json could not be read. If this is a development environment you can ignore this message
[16:10:55] [main/INFO]: Initializing com.ishland.c2me.fixes.general.threading_issues.mixin
[16:10:55] [main/INFO]: Loaded configuration file for ModernFix 5.27.11+mc1.21.1: 88 options available, 4 override(s) found
[16:10:55] [main/WARN]: Option 'mixin.perf.release_protochunks' overriden (by mods [c2me]) to 'false'
[16:10:55] [main/WARN]: Option 'mixin.bugfix.paper_chunk_patches' overriden (by mods [c2me]) to 'false'
[16:10:55] [main/WARN]: Option 'mixin.perf.cache_strongholds' overriden (by mods [c2me]) to 'false'
[16:10:55] [main/WARN]: Option 'mixin.bugfix.chunk_deadlock' overriden (by mods [c2me]) to 'false'
[16:10:55] [main/INFO]: Applying Nashorn fix
[16:10:55] [main/INFO]: Configuring Minecraft's max.bg.threads option with 13 threads
[16:10:55] [main/WARN]: Reference map 'modernfix.refmap.json' for modernfix-modernfix.mixins.json could not be read. If this is a development environment you can ignore this message
[16:10:55] [main/WARN]: Reference map 'swayinggarden.refmap.json' for swaying_garden.mixins.json could not be read. If this is a development environment you can ignore this message
[16:10:55] [main/WARN]: Reference map 'iris.refmap.json' for mixins.iris.json could not be read. If this is a development environment you can ignore this message
[16:10:55] [main/WARN]: Reference map 'iris.refmap.json' for mixins.iris.fantastic.json could not be read. If this is a development environment you can ignore this message
[16:10:55] [main/WARN]: Reference map 'iris.refmap.json' for mixins.iris.vertexformat.json could not be read. If this is a development environment you can ignore this message
[16:10:55] [main/WARN]: Reference map 'iris.refmap.json' for iris-batched-entity-rendering.mixins.json could not be read. If this is a development environment you can ignore this message
[16:10:55] [main/WARN]: Reference map 'iris.refmap.json' for mixins.iris.compat.sodium.json could not be read. If this is a development environment you can ignore this message
[16:10:55] [main/WARN]: Reference map 'balm.refmap.json' for balm.mixins.json could not be read. If this is a development environment you can ignore this message
[16:10:55] [main/INFO]: Initializing com.ishland.c2me.base.mixin
[16:10:55] [main/INFO]: Global Executor Parallelism: 9 configured, 9 evaluated, 9 default evaluated
[16:10:55] [main/WARN]: Reference map 'supermartijn642corelib.mixins.refmap.json' for supermartijn642corelib.mixins.json could not be read. If this is a development environment you can ignore this message
[16:10:55] [main/WARN]: Reference map 'fairylights.mixins.refmap.json' for fairylights.mixins.json could not be read. If this is a development environment you can ignore this message
[16:10:55] [main/INFO]: Initializing com.ishland.c2me.opts.dfc.mixin
[16:10:55] [main/INFO]: Disabling com.ishland.c2me.opts.dfc.mixin
[16:10:55] [main/WARN]: Reference map 'curios.refmap.json' for curios.neoforge.mixins.json could not be read. If this is a development environment you can ignore this message
[16:10:55] [main/WARN]: Reference map 'curios.refmap.json' for curios.mixins.json could not be read. If this is a development environment you can ignore this message
[16:10:55] [main/WARN]: Reference map 'searchables.refmap.json' for searchables.mixins.json could not be read. If this is a development environment you can ignore this message
[16:10:55] [main/WARN]: Reference map 'searchables.refmap.json' for searchables.neoforge.mixins.json could not be read. If this is a development environment you can ignore this message
[16:10:55] [main/WARN]: Reference map 'createlazytick.refmap.json' for createlazytick.mixins.json could not be read. If this is a development environment you can ignore this message
[16:10:55] [main/INFO]: Initializing com.ishland.c2me.threading.lighting.mixin
[16:10:55] [main/WARN]: Reference map '${mod_id}.refmap.json' for bits_n_bobs.mixins.json could not be read. If this is a development environment you can ignore this message
[16:10:55] [main/WARN]: Reference map 'irons_lib.refmap.json' for irons_lib.mixins.json could not be read. If this is a development environment you can ignore this message
[16:10:55] [main/WARN]: Reference map 'aeronautics.refmap.json' for aeronautics.mixins.json could not be read. If this is a development environment you can ignore this message
[16:10:55] [main/WARN]: Reference map 'glitchcore.refmap.json' for glitchcore.mixins.json could not be read. If this is a development environment you can ignore this message
[16:10:55] [main/WARN]: Reference map 'glitchcore.refmap.json' for glitchcore.neoforge.mixins.json could not be read. If this is a development environment you can ignore this message
[16:10:55] [main/INFO]: Initializing com.ishland.c2me.rewrites.chunksystem.mixin
[16:10:55] [main/INFO]: Loaded configuration file for Sodium: 45 options available, 1 override(s) found
[16:10:55] [main/INFO]: Initializing com.ishland.c2me.opts.worldgen.vanilla.mixin
[16:10:55] [main/INFO]: Initializing com.ishland.c2me.opts.scheduling.mixin
[16:10:55] [main/WARN]: Reference map 'offroad.refmap.json' for offroad.mixins.json could not be read. If this is a development environment you can ignore this message
[16:10:55] [main/WARN]: Reference map 'smoothchunk.refmap.json' for smoothchunk.mixins.json could not be read. If this is a development environment you can ignore this message
[16:10:55] [main/WARN]: Reference map 'terrablender.refmap.json' for terrablender.mixins.json could not be read. If this is a development environment you can ignore this message
[16:10:55] [main/WARN]: Reference map 'terrablender.refmap.json' for terrablender_neoforge.mixins.json could not be read. If this is a development environment you can ignore this message
[16:10:55] [main/WARN]: Reference map 'biomesoplenty.refmap.json' for biomesoplenty.mixins.json could not be read. If this is a development environment you can ignore this message
[16:10:55] [main/WARN]: Reference map 'biomesoplenty.refmap.json' for biomesoplenty.neoforge.mixins.json could not be read. If this is a development environment you can ignore this message
[16:10:55] [main/WARN]: Reference map 'ponder.refmap.json' for ponder-common.mixins.json could not be read. If this is a development environment you can ignore this message
[16:10:55] [main/WARN]: Reference map 'xaerominimap.refmap.json' for xaerohud.mixins.json could not be read. If this is a development environment you can ignore this message
[16:10:55] [main/WARN]: Reference map 'xaerominimap.refmap.json' for xaerominimap.mixins.json could not be read. If this is a development environment you can ignore this message
[16:10:55] [main/WARN]: Reference map 'croptopia.refmap.json' for croptopia.mixins.json could not be read. If this is a development environment you can ignore this message
[16:10:55] [main/WARN]: Reference map 'polymorph.refmap.json' for polymorph.mixins.json could not be read. If this is a development environment you can ignore this message
[16:10:55] [main/WARN]: Reference map 'polymorph.refmap.json' for polymorph-compatibility.mixins.json could not be read. If this is a development environment you can ignore this message
[16:10:55] [main/INFO]: Initializing com.ishland.c2me.notickvd.mixin
[16:10:55] [main/WARN]: Reference map 'zeta.mixins.refmap.json' for zeta.mixins.json could not be read. If this is a development environment you can ignore this message
[16:10:55] [main/WARN]: Reference map 'zeta.mixins.refmap.json' for zeta_forge.mixins.json could not be read. If this is a development environment you can ignore this message
[16:10:55] [main/WARN]: Reference map 'entityculling.refmap.mixins.json' for entityculling.mixins.json could not be read. If this is a development environment you can ignore this message
[16:10:55] [main/WARN]: Reference map 'treechop.mixins.refmap.json' for treechop.mixins.json could not be read. If this is a development environment you can ignore this message
[16:10:55] [main/WARN]: Reference map 'kuma_api.refmap.json' for kuma_api.mixins.json could not be read. If this is a development environment you can ignore this message
[16:10:55] [main/WARN]: Reference map 'geckolib.refmap.json' for geckolib.mixins.json could not be read. If this is a development environment you can ignore this message
[16:10:55] [main/INFO]: Initializing com.ishland.c2me.opts.natives_math.mixin
[16:10:55] [main/WARN]: Disabling com.ishland.c2me.opts.natives_math.mixin due to incompatible Java version, see debug logs for details
[16:10:55] [main/INFO]: Disabling com.ishland.c2me.opts.natives_math.mixin
[16:10:55] [main/WARN]: Reference map 'connectivity.refmap.json' for connectivity.mixins.json could not be read. If this is a development environment you can ignore this message
[16:10:55] [main/WARN]: Reference map 'structureessentials.refmap.json' for structureessentials.mixins.json could not be read. If this is a development environment you can ignore this message
[16:10:55] [main/WARN]: Reference map 'xaeroworldmap.refmap.json' for xaeroworldmap.mixins.json could not be read. If this is a development environment you can ignore this message
[16:10:55] [main/WARN]: Reference map 'citadel.refmap.json' for citadel.mixins.json could not be read. If this is a development environment you can ignore this message
[16:10:55] [main/INFO]: Initializing com.ishland.c2me.opts.math.mixin
[16:10:55] [main/WARN]: Reference map 'simulated.refmap.json' for simulated.mixins.json could not be read. If this is a development environment you can ignore this message
[16:10:55] [main/WARN]: Reference map 'Steam_Rails-neoforge-refmap.json' for railways.mixins.json could not be read. If this is a development environment you can ignore this message
[16:10:55] [main/WARN]: Reference map 'carryon.refmap.json' for carryon.mixins.json could not be read. If this is a development environment you can ignore this message
[16:10:55] [main/INFO]: Initializing com.ishland.c2me.fixes.worldgen.vanilla_bugs.mixin
[16:10:55] [main/WARN]: Reference map 'create_connected.refmap.json' for create_connected.mixins.json could not be read. If this is a development environment you can ignore this message
[16:10:55] [main/WARN]: Reference map 'rechiseled_chipped.refmap.json' for rechiseled_chipped.mixins.json could not be read. If this is a development environment you can ignore this message
[16:10:55] [main/WARN]: Reference map 'ambientsounds.mixins.refmap.json' for ambientsounds.mixins.json could not be read. If this is a development environment you can ignore this message
[16:10:55] [main/INFO]: Initializing com.ishland.c2me.fixes.chunkio.threading_issues.mixin
[16:10:55] [main/INFO]: Initializing com.ishland.c2me.client.uncapvd.mixin
[16:10:55] [main/WARN]: Reference map 'dramaticdoors.refmap.json' for neoforge-dramaticdoors.mixins.json could not be read. If this is a development environment you can ignore this message
[16:10:55] [main/INFO]: Initializing com.ishland.c2me.rewrites.chunkio.mixin
[16:10:55] [main/INFO]: Initializing com.ishland.c2me.opts.allocs.mixin
[16:10:55] [main/WARN]: Reference map 'trashslot.refmap.json' for trashslot.mixins.json could not be read. If this is a development environment you can ignore this message
[16:10:55] [main/WARN]: Reference map 'xaerolib.refmap.json' for xaerolib.mixins.json could not be read. If this is a development environment you can ignore this message
[16:10:55] [main/WARN]: Reference map 'dndecor.refmap.json' for dndecor.mixins.json could not be read. If this is a development environment you can ignore this message
[16:10:55] [main/INFO]: Using Sodium renderer mixins
[16:10:55] [main/INFO]: Using Sodium renderer mixins
[16:10:55] [main/WARN]: Reference map 'pipeorgans.refmap.json' for pipeorgans.mixins.json could not be read. If this is a development environment you can ignore this message
[16:10:55] [main/INFO]: [sh.rsap.aeronauticscompat.mixin.AeronauticsCompatMixinPlugin:onLoad:57]: [AeronauticsCompat] Mod detection: sable=true etched=false waterframes=false citadel=true thick_air=false bnb=true simulated=true pneumaticcraft=false cobblemon=false
[16:10:55] [main/WARN]: Reference map 'decorative_blocks.refmap.json' for decorative_blocks.mixins.json could not be read. If this is a development environment you can ignore this message
[16:10:55] [main/WARN]: Reference map 'decorative_blocks.refmap.json' for decorative_blocks.neoforge.mixins.json could not be read. If this is a development environment you can ignore this message
[16:10:55] [main/WARN]: Reference map 'blueprint.refmap.json' for blueprint.mixins.json could not be read. If this is a development environment you can ignore this message
[16:10:55] [main/WARN]: Reference map 'autumnity.refmap.json' for autumnity.mixins.json could not be read. If this is a development environment you can ignore this message
[16:10:55] [main/WARN]: Reference map 'buzzier_bees.refmap.json' for buzzier_bees.mixins.json could not be read. If this is a development environment you can ignore this message
[16:10:55] [main/WARN]: Reference map 'tfmg.refmap.json' for tfmg.mixins.json could not be read. If this is a development environment you can ignore this message
[16:10:55] [main/WARN]: Reference map 'scguns.refmap.json' for scguns.mixins.json could not be read. If this is a development environment you can ignore this message
[16:10:55] [main/WARN]: Reference map 'craftingtweaks.refmap.json' for craftingtweaks.mixins.json could not be read. If this is a development environment you can ignore this message
[16:10:55] [main/WARN]: Reference map 'alexscaves.refmap.json' for alexscaves.mixins.json could not be read. If this is a development environment you can ignore this message
[16:10:55] [main/WARN]: Reference map 'display.refmap.json' for displaydelight.mixins.json could not be read. If this is a development environment you can ignore this message
[16:10:55] [main/WARN]: Reference map 'creativecore.mixins.refmap.json' for creativecore.mixins.json could not be read. If this is a development environment you can ignore this message
[16:10:55] [main/WARN]: Reference map 'creativecore.mixins.refmap.json' for creativecore.forge.mixins.json could not be read. If this is a development environment you can ignore this message
[16:10:55] [main/INFO]: Initializing com.ishland.c2me.server.utils.mixin
[16:10:55] [main/WARN]: Reference map 'quark.mixins.refmap.json' for quark.mixins.json could not be read. If this is a development environment you can ignore this message
[16:10:55] [main/WARN]: Reference map 'irons_spellbooks.refmap.json' for irons_spellbooks.mixins.json could not be read. If this is a development environment you can ignore this message
[16:10:55] [main/WARN]: Reference map 'createaddoncompatibility.refmap.json' for createaddoncompatibility.mixins.json could not be read. If this is a development environment you can ignore this message
[16:10:55] [main/INFO]: Initializing com.ishland.c2me.opts.worldgen.general.mixin
[16:10:55] [main/INFO]: Initializing com.ishland.c2me.opts.chunkio.mixin
[16:10:55] [main/WARN]: Reference map '${refmap_target}refmap.json' for ferritecore.predicates.mixin.json could not be read. If this is a development environment you can ignore this message
[16:10:55] [main/WARN]: Reference map '${refmap_target}refmap.json' for ferritecore.fastmap.mixin.json could not be read. If this is a development environment you can ignore this message
[16:10:55] [main/WARN]: Reference map '${refmap_target}refmap.json' for ferritecore.mrl.mixin.json could not be read. If this is a development environment you can ignore this message
[16:10:55] [main/WARN]: Reference map '${refmap_target}refmap.json' for ferritecore.dedupmultipart.mixin.json could not be read. If this is a development environment you can ignore this message
[16:10:55] [main/WARN]: Reference map '${refmap_target}refmap.json' for ferritecore.blockstatecache.mixin.json could not be read. If this is a development environment you can ignore this message
[16:10:55] [main/WARN]: Reference map '${refmap_target}refmap.json' for ferritecore.dedupbakedquad.mixin.json could not be read. If this is a development environment you can ignore this message
[16:10:55] [main/WARN]: Reference map '${refmap_target}refmap.json' for ferritecore.threaddetec.mixin.json could not be read. If this is a development environment you can ignore this message
[16:10:55] [main/WARN]: Reference map '${refmap_target}refmap.json' for ferritecore.modelsides.mixin.json could not be read. If this is a development environment you can ignore this message
[16:10:55] [main/WARN]: Reference map '${refmap_target}refmap.json' for ferritecore.datacomponents.mixin.json could not be read. If this is a development environment you can ignore this message
[16:10:55] [main/WARN]: Reference map '${refmap_target}refmap.json' for ferritecore.accessors.mixin.json could not be read. If this is a development environment you can ignore this message
[16:10:55] [main/WARN]: Reference map 'EpheroLib-refmap.json' for epherolib.mixins.json could not be read. If this is a development environment you can ignore this message
[16:10:55] [main/WARN]: Reference map 'sound_physics_remastered.refmap.json' for sound_physics_remastered.mixins.json could not be read. If this is a development environment you can ignore this message
[16:10:55] [main/WARN]: Reference map 'quark.mixins.refmap.json' for quark_integrations.mixins.json could not be read. If this is a development environment you can ignore this message
[16:10:55] [main/WARN]: Error loading class: com/portingdeadmods/cable_facades/events/GameClientEvents$2 (java.lang.ClassNotFoundException: com.portingdeadmods.cable_facades.events.GameClientEvents$2)
[16:10:55] [main/WARN]: Error loading class: com/direwolf20/justdirethings/client/renderers/OurRenderTypes (java.lang.ClassNotFoundException: com.direwolf20.justdirethings.client.renderers.OurRenderTypes)
[16:10:55] [main/WARN]: Error loading class: mekanism/client/render/entity/RenderFlame (java.lang.ClassNotFoundException: mekanism.client.render.entity.RenderFlame)
[16:10:55] [main/WARN]: Error loading class: mekanism/client/render/armor/MekaSuitArmor (java.lang.ClassNotFoundException: mekanism.client.render.armor.MekaSuitArmor)
[16:10:55] [main/WARN]: Error loading class: mekanism/client/render/lib/effect/BillboardingEffectRenderer (java.lang.ClassNotFoundException: mekanism.client.render.lib.effect.BillboardingEffectRenderer)
[16:10:56] [main/WARN]: Error loading class: org/embeddedt/embeddium/impl/render/chunk/compile/pipeline/FluidRenderer (java.lang.ClassNotFoundException: org.embeddedt.embeddium.impl.render.chunk.compile.pipeline.FluidRenderer)
[16:10:56] [main/WARN]: Error loading class: traben/entity_model_features/models/parts/EMFModelPartCustom (java.lang.ClassNotFoundException: traben.entity_model_features.models.parts.EMFModelPartCustom)
[16:10:56] [main/WARN]: Error loading class: ca/spottedleaf/starlight/common/thread/SchedulingUtil (java.lang.ClassNotFoundException: ca.spottedleaf.starlight.common.thread.SchedulingUtil)
[16:10:56] [main/WARN]: Force-disabling mixin 'features.render.world.sky.ClientLevelMixin' as rule 'mixin.features.render.world.sky' (added by mods [iris]) disables it and children
[16:10:56] [main/WARN]: Force-disabling mixin 'features.render.world.sky.FogRendererMixin' as rule 'mixin.features.render.world.sky' (added by mods [iris]) disables it and children
[16:10:56] [main/WARN]: Force-disabling mixin 'features.render.world.sky.LevelRendererMixin' as rule 'mixin.features.render.world.sky' (added by mods [iris]) disables it and children
[16:10:56] [main/INFO]: Disabling config vanillaWorldGenOptimizations.useEndBiomeCache: Incompatible with biolith@3.0.14 (*) (defined in c2me)
[16:10:56] [main/INFO]: Loaded config for: structureessentials.json
[16:10:56] [main/WARN]: Error loading class: net/minecraft/client/gui/screens/controls/KeyBindsList$KeyEntry (java.lang.ClassNotFoundException: net.minecraft.client.gui.screens.controls.KeyBindsList$KeyEntry)
[16:10:56] [main/WARN]: @Mixin target net.minecraft.client.gui.screens.controls.KeyBindsList$KeyEntry was not found railways-common.mixins.json:client.MixinKeyBindsListKeyEntry from mod railways
[16:10:56] [main/WARN]: Error loading class: me/jellysquid/mods/sodium/client/model/light/data/ArrayLightDataCache (java.lang.ClassNotFoundException: me.jellysquid.mods.sodium.client.model.light.data.ArrayLightDataCache)
[16:10:56] [main/WARN]: Error loading class: me/jellysquid/mods/sodium/client/model/light/flat/FlatLightPipeline (java.lang.ClassNotFoundException: me.jellysquid.mods.sodium.client.model.light.flat.FlatLightPipeline)
[16:10:56] [main/WARN]: Error loading class: me/jellysquid/mods/sodium/client/model/light/data/LightDataAccess (java.lang.ClassNotFoundException: me.jellysquid.mods.sodium.client.model.light.data.LightDataAccess)
[16:10:56] [main/WARN]: Error loading class: net/caffeinemc/mods/sodium/client/gui/SodiumOptionsGUI (java.lang.ClassNotFoundException: net.caffeinemc.mods.sodium.client.gui.SodiumOptionsGUI)
[16:10:56] [main/WARN]: @Mixin target net.caffeinemc.mods.sodium.client.gui.SodiumOptionsGUI was not found mixins.sodiumdynamiclights.json:sodium.SodiumOptionsGuiMixin from mod sodiumdynamiclights
[16:10:56] [main/WARN]: Error loading class: me/jellysquid/mods/lithium/common/ai/pathing/PathNodeDefaults (java.lang.ClassNotFoundException: me.jellysquid.mods.lithium.common.ai.pathing.PathNodeDefaults)
[16:10:56] [main/WARN]: Error loading class: me/jellysquid/mods/sodium/client/gui/SodiumGameOptionPages (java.lang.ClassNotFoundException: me.jellysquid.mods.sodium.client.gui.SodiumGameOptionPages)
[16:10:56] [main/WARN]: Error loading class: net/caffeinemc/sodium/config/user/UserConfigCategories (java.lang.ClassNotFoundException: net.caffeinemc.sodium.config.user.UserConfigCategories)
[16:10:56] [main/WARN]: Error loading class: net/caffeinemc/mods/sodium/client/gui/SodiumGameOptionPages (java.lang.ClassNotFoundException: net.caffeinemc.mods.sodium.client.gui.SodiumGameOptionPages)
[16:10:56] [main/WARN]: Error loading class: net/vulkanmod/config/option/Options (java.lang.ClassNotFoundException: net.vulkanmod.config.option.Options)
[16:10:56] [main/WARN]: Error loading class: qouteall/imm_ptl/core/render/context_management/RenderStates (java.lang.ClassNotFoundException: qouteall.imm_ptl.core.render.context_management.RenderStates)
[16:10:56] [main/WARN]: Error loading class: me/jellysquid/mods/sodium/client/model/light/data/ArrayLightDataCache (java.lang.ClassNotFoundException: me.jellysquid.mods.sodium.client.model.light.data.ArrayLightDataCache)
[16:10:56] [main/WARN]: Error loading class: me/jellysquid/mods/sodium/client/model/light/data/ArrayLightDataCache (java.lang.ClassNotFoundException: me.jellysquid.mods.sodium.client.model.light.data.ArrayLightDataCache)
[16:10:56] [main/WARN]: Error loading class: me/jellysquid/mods/sodium/client/model/light/flat/FlatLightPipeline (java.lang.ClassNotFoundException: me.jellysquid.mods.sodium.client.model.light.flat.FlatLightPipeline)
[16:10:56] [main/WARN]: Error loading class: me/jellysquid/mods/sodium/client/model/light/flat/FlatLightPipeline (java.lang.ClassNotFoundException: me.jellysquid.mods.sodium.client.model.light.flat.FlatLightPipeline)
[16:10:56] [main/WARN]: Error loading class: me/jellysquid/mods/sodium/client/model/light/data/LightDataAccess (java.lang.ClassNotFoundException: me.jellysquid.mods.sodium.client.model.light.data.LightDataAccess)
[16:10:56] [main/WARN]: Error loading class: me/jellysquid/mods/sodium/client/model/light/data/LightDataAccess (java.lang.ClassNotFoundException: me.jellysquid.mods.sodium.client.model.light.data.LightDataAccess)
[16:10:56] [main/WARN]: Error loading class: org/jetbrains/annotations/ApiStatus$ScheduledForRemoval (java.lang.ClassNotFoundException: org.jetbrains.annotations.ApiStatus$ScheduledForRemoval)
[16:10:57] [main/INFO]: Initializing MixinExtras via com.llamalad7.mixinextras.service.MixinExtrasServiceImpl(version=0.5.4).
[04Aug2026 16:10:57.544] [main/INFO] [STDOUT/]: [com.euphoriapatches.euphoria_patcher.EuphoriaPatcher:<init>:57]: 
Euphoria Patcher:
[04Aug2026 16:10:57.937] [main/INFO] [euphoria_patcher/]: EuphoriaPatcher: [UPDATE CHECKER] The EuphoriaPatcher Mod is up to date
[04Aug2026 16:10:57.969] [main/INFO] [euphoria_patcher/]: EuphoriaPatcher: Dividing by zero... just to see what happens.
[04Aug2026 16:10:57.980] [main/INFO] [euphoria_patcher/]: EuphoriaPatcher: EuphoriaPatches_1.9.3 is already installed.
[04Aug2026 16:10:57.989] [main/INFO] [STDOUT/]: [com.euphoriapatches.euphoria_patcher.logging.EuphoriaLogger:log:128]: 
 
EuphoriaPatcher: Thank you for using Euphoria Patches - SpacEagle17

 
[04Aug2026 16:10:58.945] [Datafixer Bootstrap/INFO] [com.mojang.datafixers.DataFixerBuilder/]: 229 Datafixer optimizations took 150 milliseconds
[04Aug2026 16:10:59.052] [main/WARN] [oshi.driver.windows.perfmon.PerfmonDisabled/]: Invalid registry value type detected for PerfOS counters. Should be REG_DWORD. Ignoring: HKEY_LOCAL_MACHINE\SYSTEM\CurrentControlSet\Services\PerfOS\Performance\Disable Performance Counters.
[04Aug2026 16:10:59.071] [pool-19-thread-1/INFO] [net.minecraft.server.Bootstrap/]: ModernFix reached bootstrap stage (10.55 s after launch)
[04Aug2026 16:11:00.215] [pool-19-thread-1/WARN] [mixin/]: Method overwrite conflict for setChanged in irons_spellbooks.mixins.json:LecternBlockEntityMixin from mod irons_spellbooks, previously written by net.mehvahdjukaar.amendments.mixins.LecternBlockEntityMixin. Skipping method.
[04Aug2026 16:11:00.215] [pool-19-thread-1/WARN] [mixin/]: Method overwrite conflict for getUpdatePacket in irons_spellbooks.mixins.json:LecternBlockEntityMixin from mod irons_spellbooks, previously written by net.mehvahdjukaar.amendments.mixins.LecternBlockEntityUpdateMixin. Skipping method.
[04Aug2026 16:11:00.215] [pool-19-thread-1/WARN] [mixin/]: Method overwrite conflict for getUpdateTag in irons_spellbooks.mixins.json:LecternBlockEntityMixin from mod irons_spellbooks, previously written by net.mehvahdjukaar.amendments.mixins.LecternBlockEntityUpdateMixin. Skipping method.
[04Aug2026 16:11:01.672] [pool-19-thread-1/WARN] [mixin/]: Mixin alexscaves.mixins.json:SwampHutPieceMixin from mod alexscaves has multiple constructors, <init>(Lnet/minecraft/world/level/levelgen/structure/pieces/StructurePieceType;IIIIIILnet/minecraft/core/Direction;)V was selected

[04Aug2026 16:11:02.023] [pool-19-thread-1/INFO] [net.minecraft.server.Bootstrap/]: Vanilla bootstrap took 2921 milliseconds
[04Aug2026 16:11:02.399] [main/INFO] [net.minecraft.client.main.Main/]: Completely ignored arguments: [, , ]
[04Aug2026 16:11:02.504] [Render thread/WARN] [net.minecraft.server.packs.VanillaPackResourcesBuilder/]: Assets URL 'union:/E:/Minecraft%20Modding/Install/libraries/net/minecraft/client/1.21.1-20240808.144430/client-1.21.1-20240808.144430-srg.jar%23365!/assets/.mcassetsroot' uses unexpected schema
[04Aug2026 16:11:02.504] [Render thread/WARN] [net.minecraft.server.packs.VanillaPackResourcesBuilder/]: Assets URL 'union:/E:/Minecraft%20Modding/Install/libraries/net/minecraft/client/1.21.1-20240808.144430/client-1.21.1-20240808.144430-srg.jar%23365!/data/.mcassetsroot' uses unexpected schema
[04Aug2026 16:11:02.529] [Render thread/INFO] [com.mojang.authlib.yggdrasil.YggdrasilAuthenticationService/]: Environment: Environment[sessionHost=https://sessionserver.mojang.com, servicesHost=https://api.minecraftservices.com, name=PROD]
[04Aug2026 16:11:02.536] [Render thread/INFO] [net.minecraft.client.Minecraft/]: Setting user: StarrFluff
[04Aug2026 16:11:02.623] [Render thread/INFO] [Iris/]: Queuing DH event binding...
[04Aug2026 16:11:02.680] [Render thread/INFO] [net.minecraft.client.Minecraft/]: Backend library: LWJGL version 3.3.3+5
[04Aug2026 16:11:02.736] [Render thread/INFO] [com.mojang.blaze3d.platform.Window/]: OpenGL Vendor: NVIDIA Corporation
[04Aug2026 16:11:02.736] [Render thread/INFO] [com.mojang.blaze3d.platform.Window/]: OpenGL Renderer: NVIDIA GeForce RTX 4070 Ti/PCIe/SSE2
[04Aug2026 16:11:02.736] [Render thread/INFO] [com.mojang.blaze3d.platform.Window/]: OpenGL Version: 4.6.0 NVIDIA 591.86
[04Aug2026 16:11:02.736] [Render thread/INFO] [Sodium-NvidiaWorkarounds/]: Modifying OpenGL context to apply workarounds for the NVIDIA graphics driver...
[04Aug2026 16:11:02.736] [Render thread/INFO] [Sodium-NvidiaWorkarounds/]: Enabling GL_DEBUG_OUTPUT_SYNCHRONOUS to force the NVIDIA driver to disable threaded command submission
[04Aug2026 16:11:02.770] [Render thread/INFO] [ImmediatelyFast/]: Initializing ImmediatelyFast 1.6.10+1.21.1 on NVIDIA GeForce RTX 4070 Ti/PCIe/SSE2 (NVIDIA Corporation) with OpenGL 4.6.0 NVIDIA 591.86
[04Aug2026 16:11:02.770] [Render thread/INFO] [ImmediatelyFast/]: Found Iris 1.8.14-beta.1+mc1.21.1. Enabling compatibility.
[04Aug2026 16:11:02.870] [Render thread/INFO] [Iris/]: Debug functionality is disabled.
[04Aug2026 16:11:02.872] [Render thread/INFO] [Iris/]: OpenGL 4.5 detected, enabling DSA.
[04Aug2026 16:11:03.024] [modloading-worker-0/INFO] [com.asger.mechtrowel.MechTrowel/]: Initializing MechTrowel mod
[04Aug2026 16:11:03.037] [modloading-worker-0/INFO] [Veil/]: Veil is initializing.
[04Aug2026 16:11:03.048] [modloading-worker-0/INFO] [biolith/]: Biolith for NeoForge is initializing...
[04Aug2026 16:11:03.055] [modloading-worker-0/INFO] [Create Deco/]: Registering items for Create Deco
[04Aug2026 16:11:03.066] [modloading-worker-0/INFO] [biolith/]: Enabling Biolith's TerraBlender compatibility layer.
[04Aug2026 16:11:03.073] [modloading-worker-0/INFO] [net.neoforged.neoforge.common.NeoForgeMod/NEOFORGE-MOD]: NeoForge mod loading, version 21.1.234, for MC 1.21.1
[04Aug2026 16:11:03.082] [modloading-worker-0/INFO] [LowDragLib2/]: LowDragLib2 is initializing on platform: NeoForge
[04Aug2026 16:11:03.084] [modloading-worker-0/INFO] [LowDragLib2/]: Created assets folder E:\Minecraft Modding\Instances\DragonKnights DEV (1)\ldlib2\assets
[04Aug2026 16:11:03.084] [modloading-worker-0/INFO] [LowDragLib2/]: Created ldlib2 assets folder E:\Minecraft Modding\Instances\DragonKnights DEV (1)\ldlib2\assets
[04Aug2026 16:11:03.103] [modloading-worker-0/INFO] [com.asger.mechtrowel.MechTrowel/]: JEI integration enabled - drag-and-drop support active
[04Aug2026 16:11:03.239] [ForkJoinPool.commonPool-worker-3/WARN] [Iris/]: [Iris Update Check] This version doesn't have an update index, skipping.
[04Aug2026 16:11:03.250] [modloading-worker-0/INFO] [Create Deco/]: Registering blocks for Create Deco
[04Aug2026 16:11:03.297] [modloading-worker-0/INFO] [noisium/]: Loading Noisium.
[04Aug2026 16:11:03.299] [modloading-worker-0/INFO] [Create Deco/]: Populating connected texture maps...
[04Aug2026 16:11:03.314] [modloading-worker-0/INFO] [net.pinkcats.createlazytick.CreateLazyTick/]: [CreateLazyTick][ClientBootstrap] client environment detected, starting client bootstrap
[04Aug2026 16:11:03.318] [modloading-worker-0/INFO] [net.pinkcats.createlazytick.CreateLazyTick/]: [CreateLazyTick][ClientBootstrap] loading ClientInit via reflection
[04Aug2026 16:11:03.317] [modloading-worker-0/INFO] [com.dtmpro621.moderngui.ModernGuiMod/]: modern_gui 1.0.6 loaded — client GUI framework (not required on dedicated servers). OP test hub: /moderngui test
[04Aug2026 16:11:03.329] [modloading-worker-0/INFO] [net.pinkcats.createlazytick.CreateLazyTick/]: [CreateLazyTick][ClientInit] registering client hooks
[04Aug2026 16:11:03.343] [modloading-worker-0/INFO] [net.pinkcats.createlazytick.CreateLazyTick/]: [CreateLazyTick][ClientInit] goggles predicate registered
[04Aug2026 16:11:03.343] [modloading-worker-0/INFO] [net.pinkcats.createlazytick.CreateLazyTick/]: [CreateLazyTick][ClientInit] config screen extension registered
[04Aug2026 16:11:03.343] [modloading-worker-0/INFO] [net.pinkcats.createlazytick.CreateLazyTick/]: [CreateLazyTick][ClientBootstrap] ClientInit.initClient completed
[04Aug2026 16:11:03.717] [modloading-worker-0/INFO] [net.fabricmc.fabric.impl.client.indigo.Indigo/]: [Indigo] Different rendering plugin detected; not applying Indigo.
[04Aug2026 16:11:03.829] [modloading-worker-0/INFO] [com.leclowndu93150.corpsecurioscompat.Main/]: Hello from Corpse Curios Compat!
[04Aug2026 16:11:03.835] [modloading-worker-0/INFO] [com.agent772.createmoregirder.CreateMoreGirder/]: Create: More Girder mod initialized!
[04Aug2026 16:11:04.135] [modloading-worker-0/INFO] [STDOUT/]: [yalter.mousetweaks.Logger:Log:6]: [Mouse Tweaks] Main.initialize()
[04Aug2026 16:11:04.149] [modloading-worker-0/INFO] [STDOUT/]: [yalter.mousetweaks.Logger:Log:6]: [Mouse Tweaks] Initialized.
[04Aug2026 16:11:04.150] [modloading-worker-0/INFO] [Railways/]: Steam 'n' Rails v1.6.13-alpha initializing! Commit hash: dev on Create version: 6.0.10 on platform: Neoforge
[04Aug2026 16:11:04.289] [modloading-worker-0/INFO] [zeta/]: Doing super early config setup for zeta
[04Aug2026 16:11:04.355] [modloading-worker-0/INFO] [fr.samlegamer.addonslib.AddonsLib/]: AddonsLib NeoForge !
[04Aug2026 16:11:04.436] [modloading-worker-0/INFO] [com.simibubi.create.Create/]: Create 6.0.10 initializing! Commit hash: ac0c444d9828da3453ae8cc65338e8de063286fb
[04Aug2026 16:11:04.483] [modloading-worker-0/INFO] [xaero.common.HudMod/]: Registering common data for channel xaerominimap:main!
[04Aug2026 16:11:04.631] [modloading-worker-0/INFO] [xaero.common.HudMod/]: Registering client data for channel xaerominimap:main!
[04Aug2026 16:11:04.705] [modloading-worker-0/WARN] [mixin/]: @Inject(@At("INVOKE")) Shift.BY=2 on create_connected.mixins.json:sequencedgearshift.SequencedGearshiftScreenMixin from mod create_connected::handler$fki000$create_connected$updateParamsOfRow exceeds the maximum allowed value: 0. Increase the value of maxShiftBy to suppress this warning.
[04Aug2026 16:11:04.730] [modloading-worker-0/INFO] [xaero.common.HudMod/]: Loading primary common config for channel xaerominimap:main!
[04Aug2026 16:11:04.737] [modloading-worker-0/INFO] [xaero.common.HudMod/]: Loading server config profiles for channel xaerominimap:main!
[04Aug2026 16:11:04.742] [modloading-worker-0/INFO] [xaero.common.HudMod/]: Loading primary client config for channel xaerominimap:main!
[04Aug2026 16:11:04.750] [modloading-worker-0/INFO] [xaero.common.HudMod/]: Loading client config profiles for channel xaerominimap:main!
[04Aug2026 16:11:04.770] [modloading-worker-0/INFO] [xaero.map.WorldMap/]: Registering common data for channel xaeroworldmap:main!
[04Aug2026 16:11:04.781] [modloading-worker-0/INFO] [xaero.map.WorldMap/]: Registering client data for channel xaeroworldmap:main!
[04Aug2026 16:11:04.808] [modloading-worker-0/INFO] [xaero.map.WorldMap/]: Loading primary common config for channel xaeroworldmap:main!
[04Aug2026 16:11:04.811] [modloading-worker-0/INFO] [xaero.map.WorldMap/]: Loading server config profiles for channel xaeroworldmap:main!
[04Aug2026 16:11:04.813] [modloading-worker-0/INFO] [xaero.map.WorldMap/]: Loading primary client config for channel xaeroworldmap:main!
[04Aug2026 16:11:04.816] [modloading-worker-0/INFO] [xaero.map.WorldMap/]: Loading client config profiles for channel xaeroworldmap:main!
[04Aug2026 16:11:05.056] [modloading-worker-0/WARN] [supermartijn642corelib/]: Mod 'Chipped' is requesting registration helper for different modid 'rechiseled_chipped'!
[04Aug2026 16:11:05.062] [modloading-worker-0/INFO] [quark-zeta/]: Discovered 163 modules to load.
[04Aug2026 16:11:05.062] [modloading-worker-0/INFO] [quark-zeta/]: Constructing module Abacus...
[04Aug2026 16:11:05.074] [modloading-worker-0/INFO] [quark-zeta/]: Constructing module Adjustable Chat...
[04Aug2026 16:11:05.074] [modloading-worker-0/INFO] [quark-zeta/]: Constructing module Ambient Discs...
[04Aug2026 16:11:05.076] [modloading-worker-0/INFO] [quark-zeta/]: Constructing module Ancient Tomes...
[04Aug2026 16:11:05.096] [modloading-worker-0/INFO] [quark-zeta/]: Constructing module Ancient Wood...
[04Aug2026 16:11:05.099] [modloading-worker-0/INFO] [quark-zeta/]: Constructing module Armed Armor Stands...
[04Aug2026 16:11:05.099] [modloading-worker-0/INFO] [quark-zeta/]: Constructing module Auto Walk Keybind...
[04Aug2026 16:11:05.100] [modloading-worker-0/INFO] [quark-zeta/]: Constructing module Automatic Recipe Unlock...
[04Aug2026 16:11:05.101] [modloading-worker-0/INFO] [quark-zeta/]: Constructing module Automatic Tool Restock...
[04Aug2026 16:11:05.103] [modloading-worker-0/INFO] [quark-zeta/]: Constructing module Azalea Wood...
[04Aug2026 16:11:05.104] [modloading-worker-0/INFO] [quark-zeta/]: Constructing module Back Button Keybind...
[04Aug2026 16:11:05.104] [modloading-worker-0/INFO] [quark-zeta/]: Constructing module Backpack...
[04Aug2026 16:11:05.106] [modloading-worker-0/INFO] [quark-zeta/]: Constructing module Beacon Redirection...
[04Aug2026 16:11:05.107] [modloading-worker-0/INFO] [quark-zeta/]: Constructing module Better Elytra Rocket...
[04Aug2026 16:11:05.108] [modloading-worker-0/INFO] [quark-zeta/]: Constructing module Big Stone Clusters...
[04Aug2026 16:11:05.116] [modloading-worker-0/INFO] [quark-zeta/]: Constructing module Blossom Trees...
[04Aug2026 16:11:05.118] [modloading-worker-0/INFO] [quark-zeta/]: Constructing module Bottled Cloud...
[04Aug2026 16:11:05.122] [modloading-worker-0/INFO] [quark-zeta/]: Constructing module Buckets Show Inhabitants...
[04Aug2026 16:11:05.122] [modloading-worker-0/INFO] [quark-zeta/]: Constructing module Camera...
[04Aug2026 16:11:05.125] [modloading-worker-0/INFO] [quark-zeta/]: Constructing module Campfires Boost Elytra...
[04Aug2026 16:11:05.125] [modloading-worker-0/INFO] [quark-zeta/]: Constructing module Celebratory Lamps...
[04Aug2026 16:11:05.126] [modloading-worker-0/INFO] [quark-zeta/]: Constructing module Chains Connect Blocks...
[04Aug2026 16:11:05.127] [modloading-worker-0/INFO] [quark-zeta/]: Constructing module Cherry Grove Water Petals...
[04Aug2026 16:11:05.127] [modloading-worker-0/INFO] [quark-zeta/]: Constructing module Chest Searching...
[04Aug2026 16:11:05.137] [modloading-worker-0/INFO] [quark-zeta/]: Constructing module Chorus Vegetation...
[04Aug2026 16:11:05.140] [modloading-worker-0/INFO] [quark-zeta/]: Constructing module Chute...
[04Aug2026 16:11:05.141] [modloading-worker-0/INFO] [quark-zeta/]: Constructing module Climate Control Remover...
[04Aug2026 16:11:05.141] [modloading-worker-0/INFO] [quark-zeta/]: Constructing module Color Runes...
[04Aug2026 16:11:05.144] [modloading-worker-0/INFO] [quark-zeta/]: Constructing module Compasses Work Everywhere...
[04Aug2026 16:11:05.145] [modloading-worker-0/INFO] [quark-zeta/]: Constructing module Compressed Blocks...
[04Aug2026 16:11:05.146] [modloading-worker-0/INFO] [quark-zeta/]: Constructing module Coral On Cactus...
[04Aug2026 16:11:05.146] [modloading-worker-0/INFO] [quark-zeta/]: Constructing module Corundum...
[04Aug2026 16:11:05.155] [modloading-worker-0/INFO] [thedarkcolour.kotlinforforge.neoforge.test.KotlinForForge/]: Kotlin For Forge Enabled!
[04Aug2026 16:11:05.170] [modloading-worker-0/WARN] [mixin/]: Discarding @Unique public method useItemOn in copycats-common.mixins.json:copycat.step.CopycatStepBlockMixin from mod copycats because it already exists in com.simibubi.create.content.decoration.copycat.CopycatStepBlock
[04Aug2026 16:11:05.181] [modloading-worker-0/WARN] [mixin/]: Discarding @Unique public method onLoad in copycats-common.mixins.json:foundation.copycat.CopycatBlockEntityMixin from mod copycats because it already exists in com.simibubi.create.content.decoration.copycat.CopycatBlockEntity
[04Aug2026 16:11:05.187] [modloading-worker-0/INFO] [quark-zeta/]: Constructing module Crabs...
[04Aug2026 16:11:05.187] [modloading-worker-0/INFO] [quark-zeta/]: Constructing module Crate...
[04Aug2026 16:11:05.188] [modloading-worker-0/INFO] [com.cupboard.Cupboard/]: Loaded config for: cupboard.json
[04Aug2026 16:11:05.191] [modloading-worker-0/INFO] [quark-zeta/]: Constructing module Diamond Repair...
[04Aug2026 16:11:05.191] [modloading-worker-0/INFO] [quark-zeta/]: Constructing module Dispensers Place Blocks...
[04Aug2026 16:11:05.192] [modloading-worker-0/INFO] [quark-zeta/]: Constructing module Double Door Opening...
[04Aug2026 16:11:05.192] [modloading-worker-0/INFO] [quark-zeta/]: Constructing module Dragon Scales...
[04Aug2026 16:11:05.193] [modloading-worker-0/INFO] [quark-zeta/]: Constructing module Duskbound Blocks...
[04Aug2026 16:11:05.193] [modloading-worker-0/INFO] [quark-zeta/]: Constructing module Dyeable Item Frames...
[04Aug2026 16:11:05.196] [modloading-worker-0/WARN] [mixin/]: Discarding @Unique public method useItemOn in copycats-common.mixins.json:copycat.panel.CopycatPanelBlockMixin from mod copycats because it already exists in com.simibubi.create.content.decoration.copycat.CopycatPanelBlock
[04Aug2026 16:11:05.196] [modloading-worker-0/WARN] [mixin/]: Discarding @Unique public method mirror in copycats-common.mixins.json:copycat.panel.CopycatPanelBlockMixin from mod copycats because it already exists in com.simibubi.create.content.decoration.copycat.CopycatPanelBlock
[04Aug2026 16:11:05.196] [modloading-worker-0/WARN] [mixin/]: Discarding @Unique public method rotate in copycats-common.mixins.json:copycat.panel.CopycatPanelBlockMixin from mod copycats because it already exists in com.simibubi.create.content.decoration.copycat.CopycatPanelBlock
[04Aug2026 16:11:05.196] [modloading-worker-0/INFO] [quark-zeta/]: Constructing module Easy Transferring...
[04Aug2026 16:11:05.197] [modloading-worker-0/INFO] [quark-zeta/]: Constructing module Elytra Indicator...
[04Aug2026 16:11:05.198] [modloading-worker-0/INFO] [quark-zeta/]: Constructing module Emotes...
[04Aug2026 16:11:05.217] [modloading-worker-0/INFO] [quark-zeta/]: Constructing module Ender Watcher...
[04Aug2026 16:11:05.220] [modloading-worker-0/INFO] [quark-zeta/]: Constructing module Endermosh Music Disc...
[04Aug2026 16:11:05.223] [modloading-worker-0/INFO] [quark-zeta/]: Constructing module Enhanced Ladders...
[04Aug2026 16:11:05.224] [modloading-worker-0/INFO] [quark-zeta/]: Constructing module Expanded Item Interactions...
[04Aug2026 16:11:05.226] [modloading-worker-0/INFO] [quark-zeta/]: Constructing module Fairy Rings...
[04Aug2026 16:11:05.227] [modloading-worker-0/INFO] [quark-zeta/]: Constructing module Fallen Logs...
[04Aug2026 16:11:05.228] [modloading-worker-0/INFO] [quark-zeta/]: Constructing module Feeding Trough...
[04Aug2026 16:11:05.230] [modloading-worker-0/INFO] [quark-zeta/]: Constructing module Forgotten...
[04Aug2026 16:11:05.234] [modloading-worker-0/INFO] [quark-zeta/]: Constructing module Foxhound...
[04Aug2026 16:11:05.235] [modloading-worker-0/INFO] [quark-zeta/]: Constructing module Framed Glass...
[04Aug2026 16:11:05.239] [modloading-worker-0/INFO] [quark-zeta/]: Constructing module Game Nerfs...
[04Aug2026 16:11:05.240] [modloading-worker-0/INFO] [quark-zeta/]: Constructing module Glass Item Frame...
[04Aug2026 16:11:05.242] [modloading-worker-0/INFO] [quark-zeta/]: Constructing module Glass Shard...
[04Aug2026 16:11:05.242] [modloading-worker-0/INFO] [quark-zeta/]: Constructing module Glimmering Weald...
[04Aug2026 16:11:05.280] [modloading-worker-0/INFO] [quark-zeta/]: Constructing module Gold Bars...
[04Aug2026 16:11:05.283] [modloading-worker-0/INFO] [quark-zeta/]: Constructing module Gold Tools Have Fortune...
[04Aug2026 16:11:05.284] [modloading-worker-0/INFO] [quark-zeta/]: Constructing module Grab Chickens...
[04Aug2026 16:11:05.285] [modloading-worker-0/INFO] [quark-zeta/]: Constructing module Grate...
[04Aug2026 16:11:05.293] [modloading-worker-0/INFO] [quark-zeta/]: Constructing module Gravisand...
[04Aug2026 16:11:05.295] [modloading-worker-0/INFO] [quark-zeta/]: Constructing module Greener Grass...
[04Aug2026 16:11:05.300] [modloading-worker-0/INFO] [quark-zeta/]: Constructing module Hedges...
[04Aug2026 16:11:05.303] [modloading-worker-0/INFO] [quark-zeta/]: Constructing module Hoe Harvesting...
[04Aug2026 16:11:05.304] [modloading-worker-0/INFO] [quark-zeta/]: Constructing module Hollow Logs...
[04Aug2026 16:11:05.305] [modloading-worker-0/INFO] [quark-zeta/]: Constructing module Horses Swim...
[04Aug2026 16:11:05.305] [modloading-worker-0/INFO] [quark-zeta/]: Constructing module Hotbar Changer...
[04Aug2026 16:11:05.306] [modloading-worker-0/INFO] [quark-zeta/]: Constructing module Improved Sponges...
[04Aug2026 16:11:05.307] [modloading-worker-0/INFO] [quark-zeta/]: Constructing module Improved Tooltips...
[04Aug2026 16:11:05.312] [modloading-worker-0/INFO] [quark-zeta/]: Constructing module Industrial Palette...
[04Aug2026 16:11:05.313] [modloading-worker-0/INFO] [quark-zeta/]: Constructing module Inventory Sorting...
[04Aug2026 16:11:05.314] [modloading-worker-0/INFO] [quark-zeta/]: Constructing module Iron Rod...
[04Aug2026 16:11:05.317] [modloading-worker-0/INFO] [quark-zeta/]: Constructing module Item Sharing...
[04Aug2026 16:11:05.319] [modloading-worker-0/INFO] [quark-zeta/]: Constructing module Japanese Palette...
[04Aug2026 16:11:05.319] [modloading-worker-0/INFO] [quark-zeta/]: Constructing module Leaf Carpet...
[04Aug2026 16:11:05.322] [modloading-worker-0/INFO] [quark-zeta/]: Constructing module Lock Rotation...
[04Aug2026 16:11:05.323] [modloading-worker-0/INFO] [quark-zeta/]: Constructing module Long Range Pick Block...
[04Aug2026 16:11:05.324] [modloading-worker-0/INFO] [quark-zeta/]: Constructing module Magma Keeps Concrete Powder...
[04Aug2026 16:11:05.324] [modloading-worker-0/INFO] [quark-zeta/]: Constructing module Magnets...
[04Aug2026 16:11:05.326] [modloading-worker-0/INFO] [quark-zeta/]: Constructing module Map Washing...
[04Aug2026 16:11:05.328] [modloading-worker-0/INFO] [quark-zeta/]: Constructing module Matrix Enchanting...
[04Aug2026 16:11:05.332] [modloading-worker-0/INFO] [quark-zeta/]: Constructing module Metal Buttons...
[04Aug2026 16:11:05.333] [modloading-worker-0/INFO] [quark-zeta/]: Constructing module Microcrafting Helper...
[04Aug2026 16:11:05.334] [modloading-worker-0/INFO] [quark-zeta/]: Constructing module Midori...
[04Aug2026 16:11:05.335] [modloading-worker-0/INFO] [quark-zeta/]: Constructing module Monster Box...
[04Aug2026 16:11:05.337] [modloading-worker-0/INFO] [quark-zeta/]: Constructing module More Banner Layers...
[04Aug2026 16:11:05.339] [modloading-worker-0/INFO] [quark-zeta/]: Constructing module More Brick Types...
[04Aug2026 16:11:05.343] [modloading-worker-0/INFO] [quark-zeta/]: Constructing module More Mud Blocks...
[04Aug2026 16:11:05.343] [modloading-worker-0/INFO] [quark-zeta/]: Constructing module More Note Block Sounds...
[04Aug2026 16:11:05.344] [modloading-worker-0/INFO] [quark-zeta/]: Constructing module More Potted Plants...
[04Aug2026 16:11:05.345] [modloading-worker-0/INFO] [quark-zeta/]: Constructing module More Villagers...
[04Aug2026 16:11:05.346] [modloading-worker-0/INFO] [quark-zeta/]: Constructing module Narrator Readout...
[04Aug2026 16:11:05.346] [modloading-worker-0/INFO] [quark-zeta/]: Constructing module Nether Brick Fence Gate...
[04Aug2026 16:11:05.347] [modloading-worker-0/INFO] [quark-zeta/]: Constructing module Nether Obsidian Spikes...
[04Aug2026 16:11:05.350] [modloading-worker-0/INFO] [quark-zeta/]: Constructing module New Stone Types...
[04Aug2026 16:11:05.356] [modloading-worker-0/INFO] [quark-zeta/]: Constructing module No Durability On Cosmetics...
[04Aug2026 16:11:05.357] [modloading-worker-0/INFO] [quark-zeta/]: Constructing module No More Lava Pockets...
[04Aug2026 16:11:05.357] [modloading-worker-0/INFO] [quark-zeta/]: Constructing module Obsidian Plate...
[04Aug2026 16:11:05.357] [modloading-worker-0/INFO] [net.blay09.mods.balm.neoforge.config.NeoForgeBalmConfig/]: Registering config for trashslot:common (COMMON) with 5 properties.
[04Aug2026 16:11:05.360] [modloading-worker-0/INFO] [quark-zeta/]: Constructing module Overlay Shader...
[04Aug2026 16:11:05.362] [modloading-worker-0/INFO] [quark-zeta/]: Constructing module Parrot Eggs...
[04Aug2026 16:11:05.363] [modloading-worker-0/INFO] [quark-zeta/]: Constructing module Pat The Dogs...
[04Aug2026 16:11:05.365] [modloading-worker-0/INFO] [quark-zeta/]: Constructing module Pathfinder Maps...
[04Aug2026 16:11:05.368] [modloading-worker-0/INFO] [quark-zeta/]: Constructing module Permafrost...
[04Aug2026 16:11:05.369] [modloading-worker-0/INFO] [quark-zeta/]: Constructing module Petals On Water...
[04Aug2026 16:11:05.370] [modloading-worker-0/INFO] [quark-zeta/]: Constructing module Pickarang...
[04Aug2026 16:11:05.388] [modloading-worker-0/INFO] [quark-zeta/]: Constructing module Pig Litters...
[04Aug2026 16:11:05.388] [modloading-worker-0/INFO] [quark-zeta/]: Constructing module Pipes...
[04Aug2026 16:11:05.400] [modloading-worker-0/INFO] [quark-zeta/]: Constructing module Pistons Move Tile Entities...
[04Aug2026 16:11:05.402] [modloading-worker-0/INFO] [quark-zeta/]: Constructing module Poison Potato Usage...
[04Aug2026 16:11:05.411] [modloading-worker-0/INFO] [quark-zeta/]: Constructing module Quick Armor Swapping...
[04Aug2026 16:11:05.411] [modloading-worker-0/INFO] [quark-zeta/]: Constructing module Rainbow Lamps...
[04Aug2026 16:11:05.412] [modloading-worker-0/INFO] [quark-zeta/]: Constructing module Raw Metal Bricks...
[04Aug2026 16:11:05.412] [modloading-worker-0/INFO] [quark-zeta/]: Constructing module Reacharound Placing...
[04Aug2026 16:11:05.419] [modloading-worker-0/INFO] [quark-zeta/]: Constructing module Redstone Randomizer...
[04Aug2026 16:11:05.420] [modloading-worker-0/INFO] [quark-zeta/]: Constructing module Renewable Spore Blossoms...
[04Aug2026 16:11:05.421] [modloading-worker-0/INFO] [quark-zeta/]: Constructing module Replace Scaffolding...
[04Aug2026 16:11:05.421] [modloading-worker-0/INFO] [quark-zeta/]: Constructing module Rope...
[04Aug2026 16:11:05.426] [modloading-worker-0/INFO] [quark-zeta/]: Constructing module Safer Creatures...
[04Aug2026 16:11:05.427] [modloading-worker-0/INFO] [quark-zeta/]: Constructing module Seed Pouch...
[04Aug2026 16:11:05.430] [modloading-worker-0/INFO] [quark-zeta/]: Constructing module Shear Vines...
[04Aug2026 16:11:05.430] [modloading-worker-0/INFO] [irisflw/]: IrisFLW backends initialized: dev.engine_room.flywheel.lib.backend.SimpleBackend@6c8317fe
[04Aug2026 16:11:05.436] [modloading-worker-0/INFO] [quark-zeta/]: Constructing module Shiba...
[04Aug2026 16:11:05.438] [modloading-worker-0/INFO] [quark-zeta/]: Constructing module Shingles...
[04Aug2026 16:11:05.440] [modloading-worker-0/INFO] [quark-zeta/]: Constructing module Shulker Packing...
[04Aug2026 16:11:05.440] [modloading-worker-0/INFO] [quark-zeta/]: Constructing module Simple Harvest...
[04Aug2026 16:11:05.441] [modloading-worker-0/INFO] [quark-zeta/]: Constructing module Skull Pikes...
[04Aug2026 16:11:05.446] [modloading-worker-0/INFO] [quark-zeta/]: Constructing module Slabs To Blocks...
[04Aug2026 16:11:05.446] [modloading-worker-0/INFO] [quark-zeta/]: Constructing module Slime In A Bucket...
[04Aug2026 16:11:05.449] [modloading-worker-0/INFO] [quark-zeta/]: Constructing module Slimes To Magma Cubes...
[04Aug2026 16:11:05.449] [modloading-worker-0/INFO] [quark-zeta/]: Constructing module Snow Golem Player Heads...
[04Aug2026 16:11:05.455] [modloading-worker-0/INFO] [quark-zeta/]: Constructing module Soul Candles...
[04Aug2026 16:11:05.456] [modloading-worker-0/INFO] [quark-zeta/]: Constructing module Soul Sandstone...
[04Aug2026 16:11:05.456] [modloading-worker-0/INFO] [quark-zeta/]: Constructing module Spawner Replacer...
[04Aug2026 16:11:05.457] [modloading-worker-0/INFO] [quark-zeta/]: Constructing module Spiral Spires...
[04Aug2026 16:11:05.458] [modloading-worker-0/INFO] [quark-zeta/]: Constructing module Stonelings...
[04Aug2026 16:11:05.464] [modloading-worker-0/INFO] [quark-zeta/]: Constructing module Stools...
[04Aug2026 16:11:05.465] [modloading-worker-0/INFO] [quark-zeta/]: Constructing module Sturdy Stone...
[04Aug2026 16:11:05.466] [modloading-worker-0/INFO] [quark-zeta/]: Constructing module Thatch...
[04Aug2026 16:11:05.470] [modloading-worker-0/INFO] [quark-zeta/]: Constructing module Tiny Potato...
[04Aug2026 16:11:05.471] [modloading-worker-0/INFO] [quark-zeta/]: Constructing module Torch Arrow...
[04Aug2026 16:11:05.472] [modloading-worker-0/INFO] [quark-zeta/]: Constructing module Toretoise...
[04Aug2026 16:11:05.473] [modloading-worker-0/INFO] [quark-zeta/]: Constructing module Totem Of Holding...
[04Aug2026 16:11:05.475] [modloading-worker-0/INFO] [quark-zeta/]: Constructing module Trowel...
[04Aug2026 16:11:05.478] [modloading-worker-0/INFO] [quark-zeta/]: Constructing module Usage Ticker...
[04Aug2026 16:11:05.478] [modloading-worker-0/INFO] [quark-zeta/]: Constructing module Uses For Curses...
[04Aug2026 16:11:05.480] [modloading-worker-0/INFO] [quark-zeta/]: Constructing module Utility Recipes...
[04Aug2026 16:11:05.481] [modloading-worker-0/INFO] [quark-zeta/]: Constructing module Vanilla Stone Clusters...
[04Aug2026 16:11:05.483] [modloading-worker-0/INFO] [quark-zeta/]: Constructing module Variant Animal Textures...
[04Aug2026 16:11:05.486] [modloading-worker-0/INFO] [quark-zeta/]: Constructing module Variant Bookshelves...
[04Aug2026 16:11:05.486] [modloading-worker-0/INFO] [quark-zeta/]: Constructing module Variant Chests...
[04Aug2026 16:11:05.488] [modloading-worker-0/INFO] [quark-zeta/]: Constructing module Variant Furnaces...
[04Aug2026 16:11:05.491] [modloading-worker-0/INFO] [quark-zeta/]: Constructing module Variant Ladders...
[04Aug2026 16:11:05.491] [modloading-worker-0/WARN] [mixin/]: Discarding @Unique public method rotate in copycats-neoforge.mixins.json:foundation.copycat.CopycatBlockMixin from mod copycats because it already exists in com.copycatsplus.copycats.content.copycat.sliding_door.CopycatSlidingDoorBlock
[04Aug2026 16:11:05.491] [modloading-worker-0/WARN] [mixin/]: Discarding @Unique public method mirror in copycats-neoforge.mixins.json:foundation.copycat.CopycatBlockMixin from mod copycats because it already exists in com.copycatsplus.copycats.content.copycat.sliding_door.CopycatSlidingDoorBlock
[04Aug2026 16:11:05.491] [modloading-worker-0/WARN] [mixin/]: Discarding @Unique public method useItemOn in copycats-neoforge.mixins.json:foundation.copycat.CopycatBlockMixin from mod copycats because it already exists in com.copycatsplus.copycats.content.copycat.sliding_door.CopycatSlidingDoorBlock
[04Aug2026 16:11:05.491] [modloading-worker-0/INFO] [quark-zeta/]: Constructing module Variant Selector...
[04Aug2026 16:11:05.491] [modloading-worker-0/WARN] [mixin/]: Discarding @Unique public method useWithoutItem in copycats-neoforge.mixins.json:foundation.copycat.CopycatBlockMixin from mod copycats because it already exists in com.copycatsplus.copycats.content.copycat.sliding_door.CopycatSlidingDoorBlock
[04Aug2026 16:11:05.497] [modloading-worker-0/WARN] [mixin/]: Discarding @Unique public method rotate in copycats-neoforge.mixins.json:foundation.copycat.CopycatBlockMixin from mod copycats because it already exists in com.copycatsplus.copycats.content.copycat.door.CopycatDoorBlock
[04Aug2026 16:11:05.497] [modloading-worker-0/WARN] [mixin/]: Discarding @Unique public method mirror in copycats-neoforge.mixins.json:foundation.copycat.CopycatBlockMixin from mod copycats because it already exists in com.copycatsplus.copycats.content.copycat.door.CopycatDoorBlock
[04Aug2026 16:11:05.497] [modloading-worker-0/WARN] [mixin/]: Discarding @Unique public method useItemOn in copycats-neoforge.mixins.json:foundation.copycat.CopycatBlockMixin from mod copycats because it already exists in com.copycatsplus.copycats.content.copycat.door.CopycatDoorBlock
[04Aug2026 16:11:05.497] [modloading-worker-0/WARN] [mixin/]: Discarding @Unique public method useWithoutItem in copycats-neoforge.mixins.json:foundation.copycat.CopycatBlockMixin from mod copycats because it already exists in com.copycatsplus.copycats.content.copycat.door.CopycatDoorBlock
[04Aug2026 16:11:05.504] [modloading-worker-0/INFO] [quark-zeta/]: Constructing module Vertical Planks...
[04Aug2026 16:11:05.504] [modloading-worker-0/INFO] [quark-zeta/]: Constructing module Vertical Slabs...
[04Aug2026 16:11:05.505] [modloading-worker-0/WARN] [mixin/]: Discarding @Unique public method rotate in copycats-neoforge.mixins.json:foundation.copycat.CopycatBlockMixin from mod copycats because it already exists in com.copycatsplus.copycats.content.copycat.fluid_pipe.CopycatGlassFluidPipeBlock
[04Aug2026 16:11:05.505] [modloading-worker-0/WARN] [mixin/]: Discarding @Unique public method mirror in copycats-neoforge.mixins.json:foundation.copycat.CopycatBlockMixin from mod copycats because it already exists in com.copycatsplus.copycats.content.copycat.fluid_pipe.CopycatGlassFluidPipeBlock
[04Aug2026 16:11:05.505] [modloading-worker-0/WARN] [mixin/]: Discarding @Unique public method useItemOn in copycats-neoforge.mixins.json:foundation.copycat.CopycatBlockMixin from mod copycats because it already exists in com.copycatsplus.copycats.content.copycat.fluid_pipe.CopycatGlassFluidPipeBlock
[04Aug2026 16:11:05.505] [modloading-worker-0/WARN] [mixin/]: Discarding @Unique public method useWithoutItem in copycats-neoforge.mixins.json:foundation.copycat.CopycatBlockMixin from mod copycats because it already exists in com.copycatsplus.copycats.content.copycat.fluid_pipe.CopycatGlassFluidPipeBlock
[04Aug2026 16:11:05.521] [modloading-worker-0/WARN] [mixin/]: Discarding @Unique public method rotate in copycats-neoforge.mixins.json:foundation.copycat.multistate.MultiStateCopycatBlockMixin from mod copycats because it already exists in com.copycatsplus.copycats.foundation.copycat.multistate.MultiStateCopycatBlock
[04Aug2026 16:11:05.521] [modloading-worker-0/INFO] [xaero.lib.XaeroLib/]: Registering common data for channel xaerolib:main!
[04Aug2026 16:11:05.521] [modloading-worker-0/WARN] [mixin/]: Discarding @Unique public method mirror in copycats-neoforge.mixins.json:foundation.copycat.multistate.MultiStateCopycatBlockMixin from mod copycats because it already exists in com.copycatsplus.copycats.foundation.copycat.multistate.MultiStateCopycatBlock
[04Aug2026 16:11:05.521] [modloading-worker-0/INFO] [quark-zeta/]: Constructing module Vexes Die With Their Masters...
[04Aug2026 16:11:05.521] [modloading-worker-0/WARN] [mixin/]: Discarding @Unique public method useItemOn in copycats-neoforge.mixins.json:foundation.copycat.multistate.MultiStateCopycatBlockMixin from mod copycats because it already exists in com.copycatsplus.copycats.foundation.copycat.multistate.MultiStateCopycatBlock
[04Aug2026 16:11:05.521] [modloading-worker-0/WARN] [mixin/]: Discarding @Unique public method useWithoutItem in copycats-neoforge.mixins.json:foundation.copycat.multistate.MultiStateCopycatBlockMixin from mod copycats because it already exists in com.copycatsplus.copycats.foundation.copycat.multistate.MultiStateCopycatBlock
[04Aug2026 16:11:05.521] [modloading-worker-0/INFO] [quark-zeta/]: Constructing module Villager Rerolling Rework...
[04Aug2026 16:11:05.531] [modloading-worker-0/INFO] [quark-zeta/]: Constructing module Villagers Follow Emeralds...
[04Aug2026 16:11:05.531] [modloading-worker-0/INFO] [xaero.lib.XaeroLib/]: Registering client data for channel xaerolib:main!
[04Aug2026 16:11:05.531] [modloading-worker-0/INFO] [quark-zeta/]: Constructing module Wooden Posts...
[04Aug2026 16:11:05.533] [modloading-worker-0/INFO] [quark-zeta/]: Constructing module Wool Shuts Up Minecarts...
[04Aug2026 16:11:05.533] [modloading-worker-0/INFO] [xaero.lib.XaeroLib/]: Loading primary common config for channel xaerolib:main!
[04Aug2026 16:11:05.533] [modloading-worker-0/INFO] [quark-zeta/]: Constructing module Wraith...
[04Aug2026 16:11:05.535] [modloading-worker-0/INFO] [quark-zeta/]: Constructing module Zombie Villagers On Normal...
[04Aug2026 16:11:05.536] [modloading-worker-0/INFO] [quark-zeta/]: Constructing module More Stone Variants...
[04Aug2026 16:11:05.536] [modloading-worker-0/INFO] [quark-zeta/]: Constructed 163 modules.
[04Aug2026 16:11:05.537] [modloading-worker-0/INFO] [xaero.lib.XaeroLib/]: Loading server config profiles for channel xaerolib:main!
[04Aug2026 16:11:05.540] [modloading-worker-0/INFO] [xaero.lib.XaeroLib/]: Loading primary client config for channel xaerolib:main!
[04Aug2026 16:11:05.542] [modloading-worker-0/INFO] [xaero.lib.XaeroLib/]: Loading client config profiles for channel xaerolib:main!
[04Aug2026 16:11:05.576] [modloading-worker-0/WARN] [mixin/]: Discarding @Unique public method rotate in copycats-neoforge.mixins.json:foundation.copycat.CopycatBlockMixin from mod copycats because it already exists in com.copycatsplus.copycats.foundation.copycat.CCCopycatBlock
[04Aug2026 16:11:05.576] [modloading-worker-0/WARN] [mixin/]: Discarding @Unique public method mirror in copycats-neoforge.mixins.json:foundation.copycat.CopycatBlockMixin from mod copycats because it already exists in com.copycatsplus.copycats.foundation.copycat.CCCopycatBlock
[04Aug2026 16:11:05.576] [modloading-worker-0/WARN] [mixin/]: Discarding @Unique public method useItemOn in copycats-neoforge.mixins.json:foundation.copycat.CopycatBlockMixin from mod copycats because it already exists in com.copycatsplus.copycats.foundation.copycat.CCCopycatBlock
[04Aug2026 16:11:05.576] [modloading-worker-0/WARN] [mixin/]: Discarding @Unique public method useWithoutItem in copycats-neoforge.mixins.json:foundation.copycat.CopycatBlockMixin from mod copycats because it already exists in com.copycatsplus.copycats.foundation.copycat.CCCopycatBlock
[04Aug2026 16:11:05.576] [modloading-worker-0/INFO] [STDOUT/]: [dev.tr7zw.trender.gui.impl.client.LibGuiClient:onInitializeClient:37]: [TRender] Initializing Client...
[04Aug2026 16:11:05.597] [modloading-worker-0/INFO] [quark-zeta/]: Doing super early config setup for quark
[04Aug2026 16:11:05.670] [modloading-worker-0/WARN] [mixin/]: Discarding @Unique public method rotate in copycats-neoforge.mixins.json:foundation.copycat.CopycatBlockMixin from mod copycats because it already exists in com.copycatsplus.copycats.content.copycat.button.CopycatButtonBlock
[04Aug2026 16:11:05.671] [modloading-worker-0/WARN] [mixin/]: Discarding @Unique public method mirror in copycats-neoforge.mixins.json:foundation.copycat.CopycatBlockMixin from mod copycats because it already exists in com.copycatsplus.copycats.content.copycat.button.CopycatButtonBlock
[04Aug2026 16:11:05.671] [modloading-worker-0/WARN] [mixin/]: Discarding @Unique public method useItemOn in copycats-neoforge.mixins.json:foundation.copycat.CopycatBlockMixin from mod copycats because it already exists in com.copycatsplus.copycats.content.copycat.button.CopycatButtonBlock
[04Aug2026 16:11:05.671] [modloading-worker-0/WARN] [mixin/]: Discarding @Unique public method useWithoutItem in copycats-neoforge.mixins.json:foundation.copycat.CopycatBlockMixin from mod copycats because it already exists in com.copycatsplus.copycats.content.copycat.button.CopycatButtonBlock
[04Aug2026 16:11:05.710] [modloading-worker-0/WARN] [mixin/]: Discarding @Unique public method rotate in copycats-neoforge.mixins.json:foundation.copycat.CopycatBlockMixin from mod copycats because it already exists in com.copycatsplus.copycats.content.copycat.fence.CopycatFenceBlock
[04Aug2026 16:11:05.710] [modloading-worker-0/WARN] [mixin/]: Discarding @Unique public method mirror in copycats-neoforge.mixins.json:foundation.copycat.CopycatBlockMixin from mod copycats because it already exists in com.copycatsplus.copycats.content.copycat.fence.CopycatFenceBlock
[04Aug2026 16:11:05.710] [modloading-worker-0/WARN] [mixin/]: Discarding @Unique public method useItemOn in copycats-neoforge.mixins.json:foundation.copycat.CopycatBlockMixin from mod copycats because it already exists in com.copycatsplus.copycats.content.copycat.fence.CopycatFenceBlock
[04Aug2026 16:11:05.710] [modloading-worker-0/WARN] [mixin/]: Discarding @Unique public method useWithoutItem in copycats-neoforge.mixins.json:foundation.copycat.CopycatBlockMixin from mod copycats because it already exists in com.copycatsplus.copycats.content.copycat.fence.CopycatFenceBlock
[04Aug2026 16:11:05.726] [modloading-worker-0/WARN] [mixin/]: Discarding @Unique public method rotate in copycats-neoforge.mixins.json:foundation.copycat.CopycatBlockMixin from mod copycats because it already exists in com.copycatsplus.copycats.content.copycat.fence_gate.CopycatFenceGateBlock
[04Aug2026 16:11:05.726] [modloading-worker-0/WARN] [mixin/]: Discarding @Unique public method mirror in copycats-neoforge.mixins.json:foundation.copycat.CopycatBlockMixin from mod copycats because it already exists in com.copycatsplus.copycats.content.copycat.fence_gate.CopycatFenceGateBlock
[04Aug2026 16:11:05.726] [modloading-worker-0/WARN] [mixin/]: Discarding @Unique public method useItemOn in copycats-neoforge.mixins.json:foundation.copycat.CopycatBlockMixin from mod copycats because it already exists in com.copycatsplus.copycats.content.copycat.fence_gate.CopycatFenceGateBlock
[04Aug2026 16:11:05.726] [modloading-worker-0/WARN] [mixin/]: Discarding @Unique public method useWithoutItem in copycats-neoforge.mixins.json:foundation.copycat.CopycatBlockMixin from mod copycats because it already exists in com.copycatsplus.copycats.content.copycat.fence_gate.CopycatFenceGateBlock
[04Aug2026 16:11:05.726] [modloading-worker-0/INFO] [net.blay09.mods.balm.neoforge.config.NeoForgeBalmConfig/]: Registering config for craftingtweaks:common (COMMON) with 8 properties.
[04Aug2026 16:11:05.785] [modloading-worker-0/WARN] [mixin/]: Discarding @Unique public method rotate in copycats-neoforge.mixins.json:foundation.copycat.CopycatBlockMixin from mod copycats because it already exists in com.copycatsplus.copycats.content.copycat.ladder.CopycatLadderBlock
[04Aug2026 16:11:05.785] [modloading-worker-0/WARN] [mixin/]: Discarding @Unique public method mirror in copycats-neoforge.mixins.json:foundation.copycat.CopycatBlockMixin from mod copycats because it already exists in com.copycatsplus.copycats.content.copycat.ladder.CopycatLadderBlock
[04Aug2026 16:11:05.785] [modloading-worker-0/WARN] [mixin/]: Discarding @Unique public method useItemOn in copycats-neoforge.mixins.json:foundation.copycat.CopycatBlockMixin from mod copycats because it already exists in com.copycatsplus.copycats.content.copycat.ladder.CopycatLadderBlock
[04Aug2026 16:11:05.785] [modloading-worker-0/WARN] [mixin/]: Discarding @Unique public method useWithoutItem in copycats-neoforge.mixins.json:foundation.copycat.CopycatBlockMixin from mod copycats because it already exists in com.copycatsplus.copycats.content.copycat.ladder.CopycatLadderBlock
[04Aug2026 16:11:05.812] [modloading-worker-0/WARN] [mixin/]: Discarding @Unique public method rotate in copycats-neoforge.mixins.json:foundation.copycat.CopycatBlockMixin from mod copycats because it already exists in com.copycatsplus.copycats.content.copycat.pressure_plate.CopycatPressurePlateBlock
[04Aug2026 16:11:05.812] [modloading-worker-0/WARN] [mixin/]: Discarding @Unique public method mirror in copycats-neoforge.mixins.json:foundation.copycat.CopycatBlockMixin from mod copycats because it already exists in com.copycatsplus.copycats.content.copycat.pressure_plate.CopycatPressurePlateBlock
[04Aug2026 16:11:05.812] [modloading-worker-0/WARN] [mixin/]: Discarding @Unique public method useItemOn in copycats-neoforge.mixins.json:foundation.copycat.CopycatBlockMixin from mod copycats because it already exists in com.copycatsplus.copycats.content.copycat.pressure_plate.CopycatPressurePlateBlock
[04Aug2026 16:11:05.812] [modloading-worker-0/WARN] [mixin/]: Discarding @Unique public method useWithoutItem in copycats-neoforge.mixins.json:foundation.copycat.CopycatBlockMixin from mod copycats because it already exists in com.copycatsplus.copycats.content.copycat.pressure_plate.CopycatPressurePlateBlock
[04Aug2026 16:11:05.827] [modloading-worker-0/WARN] [mixin/]: Discarding @Unique public method rotate in copycats-neoforge.mixins.json:foundation.copycat.CopycatBlockMixin from mod copycats because it already exists in com.copycatsplus.copycats.content.copycat.pressure_plate.CopycatWeightedPressurePlate
[04Aug2026 16:11:05.827] [modloading-worker-0/WARN] [mixin/]: Discarding @Unique public method mirror in copycats-neoforge.mixins.json:foundation.copycat.CopycatBlockMixin from mod copycats because it already exists in com.copycatsplus.copycats.content.copycat.pressure_plate.CopycatWeightedPressurePlate
[04Aug2026 16:11:05.827] [modloading-worker-0/WARN] [mixin/]: Discarding @Unique public method useItemOn in copycats-neoforge.mixins.json:foundation.copycat.CopycatBlockMixin from mod copycats because it already exists in com.copycatsplus.copycats.content.copycat.pressure_plate.CopycatWeightedPressurePlate
[04Aug2026 16:11:05.827] [modloading-worker-0/WARN] [mixin/]: Discarding @Unique public method useWithoutItem in copycats-neoforge.mixins.json:foundation.copycat.CopycatBlockMixin from mod copycats because it already exists in com.copycatsplus.copycats.content.copycat.pressure_plate.CopycatWeightedPressurePlate
[04Aug2026 16:11:05.871] [modloading-worker-0/INFO] [be.florens.expandability.ExpandAbility/]: ExpandAbility here, who dis?
[04Aug2026 16:11:05.877] [modloading-worker-0/WARN] [mixin/]: Discarding @Unique public method rotate in copycats-neoforge.mixins.json:foundation.copycat.CopycatBlockMixin from mod copycats because it already exists in com.copycatsplus.copycats.content.copycat.stairs.CopycatStairsBlock
[04Aug2026 16:11:05.877] [modloading-worker-0/WARN] [mixin/]: Discarding @Unique public method mirror in copycats-neoforge.mixins.json:foundation.copycat.CopycatBlockMixin from mod copycats because it already exists in com.copycatsplus.copycats.content.copycat.stairs.CopycatStairsBlock
[04Aug2026 16:11:05.877] [modloading-worker-0/WARN] [mixin/]: Discarding @Unique public method useItemOn in copycats-neoforge.mixins.json:foundation.copycat.CopycatBlockMixin from mod copycats because it already exists in com.copycatsplus.copycats.content.copycat.stairs.CopycatStairsBlock
[04Aug2026 16:11:05.877] [modloading-worker-0/WARN] [mixin/]: Discarding @Unique public method useWithoutItem in copycats-neoforge.mixins.json:foundation.copycat.CopycatBlockMixin from mod copycats because it already exists in com.copycatsplus.copycats.content.copycat.stairs.CopycatStairsBlock
[04Aug2026 16:11:05.896] [modloading-worker-0/WARN] [mixin/]: Discarding @Unique public method rotate in copycats-neoforge.mixins.json:foundation.copycat.CopycatBlockMixin from mod copycats because it already exists in com.copycatsplus.copycats.content.copycat.trapdoor.CopycatTrapdoorBlock
[04Aug2026 16:11:05.896] [modloading-worker-0/WARN] [mixin/]: Discarding @Unique public method mirror in copycats-neoforge.mixins.json:foundation.copycat.CopycatBlockMixin from mod copycats because it already exists in com.copycatsplus.copycats.content.copycat.trapdoor.CopycatTrapdoorBlock
[04Aug2026 16:11:05.896] [modloading-worker-0/WARN] [mixin/]: Discarding @Unique public method useItemOn in copycats-neoforge.mixins.json:foundation.copycat.CopycatBlockMixin from mod copycats because it already exists in com.copycatsplus.copycats.content.copycat.trapdoor.CopycatTrapdoorBlock
[04Aug2026 16:11:05.896] [modloading-worker-0/WARN] [mixin/]: Discarding @Unique public method useWithoutItem in copycats-neoforge.mixins.json:foundation.copycat.CopycatBlockMixin from mod copycats because it already exists in com.copycatsplus.copycats.content.copycat.trapdoor.CopycatTrapdoorBlock
[04Aug2026 16:11:05.927] [modloading-worker-0/WARN] [mixin/]: Discarding @Unique public method rotate in copycats-neoforge.mixins.json:foundation.copycat.CopycatBlockMixin from mod copycats because it already exists in com.copycatsplus.copycats.content.copycat.wall.CopycatWallBlock
[04Aug2026 16:11:05.927] [modloading-worker-0/WARN] [mixin/]: Discarding @Unique public method mirror in copycats-neoforge.mixins.json:foundation.copycat.CopycatBlockMixin from mod copycats because it already exists in com.copycatsplus.copycats.content.copycat.wall.CopycatWallBlock
[04Aug2026 16:11:05.927] [modloading-worker-0/WARN] [mixin/]: Discarding @Unique public method useItemOn in copycats-neoforge.mixins.json:foundation.copycat.CopycatBlockMixin from mod copycats because it already exists in com.copycatsplus.copycats.content.copycat.wall.CopycatWallBlock
[04Aug2026 16:11:05.927] [modloading-worker-0/WARN] [mixin/]: Discarding @Unique public method useWithoutItem in copycats-neoforge.mixins.json:foundation.copycat.CopycatBlockMixin from mod copycats because it already exists in com.copycatsplus.copycats.content.copycat.wall.CopycatWallBlock
[04Aug2026 16:11:05.963] [Moonlight Hub Fetcher/WARN] [Moonlight/]: Failed to fetch hub info from https://raw.githubusercontent.com/MehVahdJukaar/Moonlight/1.21/supplementaries_team_info.json: com.google.gson.JsonSyntaxException: java.lang.IllegalStateException: Unknown element name:marketplace
[04Aug2026 16:11:05.969] [modloading-worker-0/WARN] [mixin/]: Discarding @Unique public method rotate in copycats-neoforge.mixins.json:foundation.copycat.CopycatBlockMixin from mod copycats because it already exists in com.copycatsplus.copycats.content.copycat.shaft.CopycatShaftBlock
[04Aug2026 16:11:05.969] [modloading-worker-0/WARN] [mixin/]: Discarding @Unique public method mirror in copycats-neoforge.mixins.json:foundation.copycat.CopycatBlockMixin from mod copycats because it already exists in com.copycatsplus.copycats.content.copycat.shaft.CopycatShaftBlock
[04Aug2026 16:11:05.969] [modloading-worker-0/WARN] [mixin/]: Discarding @Unique public method useItemOn in copycats-neoforge.mixins.json:foundation.copycat.CopycatBlockMixin from mod copycats because it already exists in com.copycatsplus.copycats.content.copycat.shaft.CopycatShaftBlock
[04Aug2026 16:11:05.969] [modloading-worker-0/WARN] [mixin/]: Discarding @Unique public method useWithoutItem in copycats-neoforge.mixins.json:foundation.copycat.CopycatBlockMixin from mod copycats because it already exists in com.copycatsplus.copycats.content.copycat.shaft.CopycatShaftBlock
[04Aug2026 16:11:05.984] [modloading-worker-0/WARN] [mixin/]: Discarding @Unique public method rotate in copycats-neoforge.mixins.json:foundation.copycat.multistate.MultiStateCopycatBlockMixin from mod copycats because it already exists in com.copycatsplus.copycats.content.copycat.cogwheel.CopycatCogWheelBlock
[04Aug2026 16:11:05.984] [modloading-worker-0/WARN] [mixin/]: Discarding @Unique public method mirror in copycats-neoforge.mixins.json:foundation.copycat.multistate.MultiStateCopycatBlockMixin from mod copycats because it already exists in com.copycatsplus.copycats.content.copycat.cogwheel.CopycatCogWheelBlock
[04Aug2026 16:11:05.984] [modloading-worker-0/WARN] [mixin/]: Discarding @Unique public method useItemOn in copycats-neoforge.mixins.json:foundation.copycat.multistate.MultiStateCopycatBlockMixin from mod copycats because it already exists in com.copycatsplus.copycats.content.copycat.cogwheel.CopycatCogWheelBlock
[04Aug2026 16:11:05.984] [modloading-worker-0/WARN] [mixin/]: Discarding @Unique public method useWithoutItem in copycats-neoforge.mixins.json:foundation.copycat.multistate.MultiStateCopycatBlockMixin from mod copycats because it already exists in com.copycatsplus.copycats.content.copycat.cogwheel.CopycatCogWheelBlock
[04Aug2026 16:11:05.999] [modloading-worker-0/WARN] [mixin/]: Discarding @Unique public method rotate in copycats-neoforge.mixins.json:foundation.copycat.CopycatBlockMixin from mod copycats because it already exists in com.copycatsplus.copycats.content.copycat.fluid_pipe.CopycatFluidPipeBlock
[04Aug2026 16:11:05.999] [modloading-worker-0/WARN] [mixin/]: Discarding @Unique public method mirror in copycats-neoforge.mixins.json:foundation.copycat.CopycatBlockMixin from mod copycats because it already exists in com.copycatsplus.copycats.content.copycat.fluid_pipe.CopycatFluidPipeBlock
[04Aug2026 16:11:05.999] [modloading-worker-0/WARN] [mixin/]: Discarding @Unique public method useItemOn in copycats-neoforge.mixins.json:foundation.copycat.CopycatBlockMixin from mod copycats because it already exists in com.copycatsplus.copycats.content.copycat.fluid_pipe.CopycatFluidPipeBlock
[04Aug2026 16:11:05.999] [modloading-worker-0/WARN] [mixin/]: Discarding @Unique public method useWithoutItem in copycats-neoforge.mixins.json:foundation.copycat.CopycatBlockMixin from mod copycats because it already exists in com.copycatsplus.copycats.content.copycat.fluid_pipe.CopycatFluidPipeBlock
[04Aug2026 16:11:06.014] [modloading-worker-0/WARN] [mixin/]: Discarding @Unique public method rotate in copycats-neoforge.mixins.json:foundation.copycat.CopycatBlockMixin from mod copycats because it already exists in com.copycatsplus.copycats.content.copycat.pane.CopycatPaneBlock
[04Aug2026 16:11:06.014] [modloading-worker-0/WARN] [mixin/]: Discarding @Unique public method mirror in copycats-neoforge.mixins.json:foundation.copycat.CopycatBlockMixin from mod copycats because it already exists in com.copycatsplus.copycats.content.copycat.pane.CopycatPaneBlock
[04Aug2026 16:11:06.014] [modloading-worker-0/WARN] [mixin/]: Discarding @Unique public method useItemOn in copycats-neoforge.mixins.json:foundation.copycat.CopycatBlockMixin from mod copycats because it already exists in com.copycatsplus.copycats.content.copycat.pane.CopycatPaneBlock
[04Aug2026 16:11:06.014] [modloading-worker-0/WARN] [mixin/]: Discarding @Unique public method useWithoutItem in copycats-neoforge.mixins.json:foundation.copycat.CopycatBlockMixin from mod copycats because it already exists in com.copycatsplus.copycats.content.copycat.pane.CopycatPaneBlock
[04Aug2026 16:11:06.052] [modloading-worker-0/WARN] [mixin/]: Discarding @Unique public method onLoad in copycats-neoforge.mixins.json:foundation.copycat.CopycatBlockEntityMixin from mod copycats because it already exists in com.copycatsplus.copycats.foundation.copycat.CCCopycatBlockEntity
[04Aug2026 16:11:06.058] [modloading-worker-0/WARN] [mixin/]: Discarding @Unique public method onLoad in copycats-neoforge.mixins.json:foundation.copycat.multistate.MultiStateCopycatBlockEntityMixin from mod copycats because it already exists in com.copycatsplus.copycats.foundation.copycat.multistate.MultiStateCopycatBlockEntity
[04Aug2026 16:11:06.074] [modloading-worker-0/WARN] [mixin/]: Discarding @Unique public method onLoad in copycats-neoforge.mixins.json:foundation.copycat.CopycatBlockEntityMixin from mod copycats because it already exists in com.copycatsplus.copycats.content.copycat.shaft.CopycatShaftBlockEntity
[04Aug2026 16:11:06.077] [modloading-worker-0/WARN] [mixin/]: Discarding @Unique public method onLoad in copycats-neoforge.mixins.json:foundation.copycat.multistate.MultiStateCopycatBlockEntityMixin from mod copycats because it already exists in com.copycatsplus.copycats.content.copycat.cogwheel.CopycatCogWheelBlockEntity
[04Aug2026 16:11:06.080] [modloading-worker-0/WARN] [mixin/]: Discarding @Unique public method onLoad in copycats-neoforge.mixins.json:foundation.copycat.CopycatBlockEntityMixin from mod copycats because it already exists in com.copycatsplus.copycats.content.copycat.fluid_pipe.CopycatFluidPipeBlockEntity
[04Aug2026 16:11:06.082] [modloading-worker-0/WARN] [mixin/]: Discarding @Unique public method onLoad in copycats-neoforge.mixins.json:foundation.copycat.CopycatBlockEntityMixin from mod copycats because it already exists in com.copycatsplus.copycats.content.copycat.fluid_pipe.CopycatStraightPipeBlockEntity
[04Aug2026 16:11:06.086] [modloading-worker-0/WARN] [mixin/]: Discarding @Unique public method onLoad in copycats-neoforge.mixins.json:foundation.copycat.CopycatBlockEntityMixin from mod copycats because it already exists in com.copycatsplus.copycats.content.copycat.sliding_door.CopycatSlidingDoorBlockEntity
[04Aug2026 16:11:06.093] [modloading-worker-0/INFO] [Railways/]: Registered bogey styles from railways
[04Aug2026 16:11:06.149] [modloading-worker-0/INFO] [mezz.jei.library.load.PluginCaller/]: Sending ConfigManager...
[04Aug2026 16:11:06.155] [modloading-worker-0/INFO] [mezz.jei.library.load.PluginCaller/]: Sending ConfigManager took 4.385 milliseconds
[04Aug2026 16:11:06.280] [modloading-worker-0/INFO] [Railways/]: Registering data fixers
[04Aug2026 16:11:06.302] [modloading-worker-0/INFO] [Railways/]: Registering tracks for Biomes O' Plenty
[04Aug2026 16:11:06.327] [modloading-worker-0/INFO] [Railways/]: Registering tracks for Quark
[04Aug2026 16:11:06.887] [modloading-worker-0/INFO] [Create: Interiors/]: Create: Interiors v0.6.1 initializing! Create version: 6.0.10 on platform: NeoForge
[04Aug2026 16:11:06.936] [modloading-worker-0/INFO] [dev.ryanhcode.sable.Sable/]: Sable loaded!
[04Aug2026 16:11:06.973] [modloading-worker-0/WARN] [dev.ryanhcode.sable.Sable/]: NOTE: Sable is loaded with Flywheel. Sable contains extensive shader overrides and a full light-storage replacement. Expect this to cause compatibility issues. If issues arise, please report them to the Sable issue tracker (https://github.com/ryanhcode/sable/issues) instead of the Flywheel issue tracker.
[04Aug2026 16:11:06.976] [modloading-worker-0/INFO] [dev.codex.sablecreateadditioncompat.SableCreateAdditionCompat/]: Sable/Create Addition wire compatibility enabled
[04Aug2026 16:11:07.022] [modloading-worker-0/INFO] [com.charliewk.createaviation.CreateAviation/]: Create: Aviation initialized
[04Aug2026 16:11:07.036] [modloading-worker-0/INFO] [Every Compat/]: Loaded [StoneZone - Candlelight Module]
[04Aug2026 16:11:07.036] [modloading-worker-0/INFO] [Every Compat/]: Loaded [StoneZone - Chipped Module]
[04Aug2026 16:11:07.036] [modloading-worker-0/INFO] [Every Compat/]: Loaded module[ Chipped's General @ everycomp ]
[04Aug2026 16:11:07.036] [modloading-worker-0/INFO] [Every Compat/]: Loaded module[ Chipped's Log @ everycomp ]
[04Aug2026 16:11:07.036] [modloading-worker-0/INFO] [Every Compat/]: Loaded module[ Chipped's Door @ everycomp ]
[04Aug2026 16:11:07.036] [modloading-worker-0/INFO] [Every Compat/]: Loaded module[ Chipped's Glass @ everycomp ]
[04Aug2026 16:11:07.036] [modloading-worker-0/INFO] [Every Compat/]: Loaded module[ Chipped's Leaves @ everycomp ]
[04Aug2026 16:11:07.036] [modloading-worker-0/INFO] [Every Compat/]: Loaded [StoneZone - Handcrafted Module]
[04Aug2026 16:11:07.036] [modloading-worker-0/INFO] [Every Compat/]: Loaded module[ Handcrafted @ everycomp ]
[04Aug2026 16:11:07.036] [modloading-worker-0/INFO] [Every Compat/]: Loaded [StoneZone - Rechiseled Module]
[04Aug2026 16:11:07.036] [modloading-worker-0/INFO] [Every Compat/]: Loaded [StoneZone - Rechiseled Module]
[04Aug2026 16:11:07.036] [modloading-worker-0/INFO] [Every Compat/]: Loaded [StoneZone - Rechiseled Module]
[04Aug2026 16:11:07.036] [modloading-worker-0/INFO] [Every Compat/]: Loaded [StoneZone - Quark Module]
[04Aug2026 16:11:07.036] [modloading-worker-0/INFO] [Every Compat/]: Loaded [StoneZone - Quark Module]
[04Aug2026 16:11:07.036] [modloading-worker-0/INFO] [Every Compat/]: Loaded [StoneZone - Mcwbridges Module]
[04Aug2026 16:11:07.036] [modloading-worker-0/INFO] [Every Compat/]: Loaded [StoneZone - Mcwfences Module]
[04Aug2026 16:11:07.036] [modloading-worker-0/INFO] [Every Compat/]: Loaded [StoneZone - Mcwwindows Module]
[04Aug2026 16:11:07.038] [modloading-worker-0/INFO] [Every Compat/]: Loaded [StoneZone - Mcwroofs Module]
[04Aug2026 16:11:07.038] [modloading-worker-0/INFO] [Every Compat/]: Loaded [StoneZone - Mcwstairs Module]
[04Aug2026 16:11:07.038] [modloading-worker-0/INFO] [Every Compat/]: Loaded [StoneZone - Mcwpaths Module]
[04Aug2026 16:11:07.038] [modloading-worker-0/INFO] [Every Compat/]: Loaded [StoneZone - Create Module]
[04Aug2026 16:11:07.038] [modloading-worker-0/INFO] [Every Compat/]: Loaded module[ Decorative Blocks Reborn @ everycomp ]
[04Aug2026 16:11:07.038] [modloading-worker-0/INFO] [Every Compat/]: Loaded module[ Farmer's Delight @ everycomp ]
[04Aug2026 16:11:07.187] [modloading-worker-0/INFO] [create_bb/]: Registered styles/menu selections for Create: Blocks & Bogies
[04Aug2026 16:11:07.193] [modloading-worker-0/INFO] [create_bb/]: Registered bogie blocks for Create: Blocks & Bogies
[04Aug2026 16:11:07.200] [modloading-worker-0/INFO] [create_bb/]: Registered block entities for Create: Blocks & Bogies
[04Aug2026 16:11:07.206] [modloading-worker-0/INFO] [create_bb/]: Registered partial models for Create: Blocks & Bogies
[04Aug2026 16:11:08.060] [modloading-sync-worker/INFO] [com.drmangotea.tfmg.TFMG/]: [TFMG Remapper] Remapped 0 fluids
[04Aug2026 16:11:09.772] [modloading-sync-worker/INFO] [com.drmangotea.tfmg.TFMG/]: [TFMG Remapper] Remapped 5 blocks
[04Aug2026 16:11:10.628] [modloading-sync-worker/INFO] [com.drmangotea.tfmg.TFMG/]: [TFMG Remapper] Remapped 5 items
[04Aug2026 16:11:10.773] [modloading-sync-worker/INFO] [Moonlight/]: Initialized block sets in 79ms
[04Aug2026 16:11:10.779] [modloading-sync-worker/INFO] [Every Compat/]: [StoneZone - Candlelight Module]: registered 93 StoneType blocks
[04Aug2026 16:11:10.806] [modloading-sync-worker/INFO] [Every Compat/]: [StoneZone - Chipped Module]: registered 2019 StoneType blocks
[04Aug2026 16:11:10.808] [modloading-sync-worker/INFO] [Every Compat/]: [StoneZone - Handcrafted Module]: registered 62 StoneType blocks
[04Aug2026 16:11:10.818] [modloading-sync-worker/INFO] [Every Compat/]: [StoneZone - Rechiseled Module]: registered 1085 StoneType blocks
[04Aug2026 16:11:10.832] [modloading-sync-worker/INFO] [Every Compat/]: [StoneZone - Rechiseled Module]: registered 1085 StoneType blocks
[04Aug2026 16:11:10.911] [modloading-sync-worker/INFO] [Every Compat/]: [StoneZone - Rechiseled Module]: registered 1085 StoneType blocks
[04Aug2026 16:11:10.913] [modloading-sync-worker/INFO] [Every Compat/]: [StoneZone - Quark Module]: registered 25 StoneType blocks
[04Aug2026 16:11:10.917] [modloading-sync-worker/INFO] [Every Compat/]: [StoneZone - Mcwbridges Module]: registered 98 StoneType blocks
[04Aug2026 16:11:10.934] [modloading-sync-worker/INFO] [Every Compat/]: [StoneZone - Mcwfences Module]: registered 88 StoneType blocks
[04Aug2026 16:11:10.938] [modloading-sync-worker/INFO] [Every Compat/]: [StoneZone - Mcwwindows Module]: registered 166 StoneType blocks
[04Aug2026 16:11:10.945] [modloading-sync-worker/INFO] [Every Compat/]: [StoneZone - Mcwroofs Module]: registered 364 StoneType blocks
[04Aug2026 16:11:10.951] [modloading-sync-worker/INFO] [Every Compat/]: [StoneZone - Mcwstairs Module]: registered 176 StoneType blocks
[04Aug2026 16:11:10.959] [modloading-sync-worker/INFO] [Every Compat/]: [StoneZone - Mcwpaths Module]: registered 285 StoneType blocks
[04Aug2026 16:11:11.061] [modloading-sync-worker/INFO] [Every Compat/]: [StoneZone - Create Module]: registered 403 StoneType blocks
[04Aug2026 16:11:11.113] [modloading-sync-worker/INFO] [Every Compat/]: module[ Chipped's General @ everycomp ]: registered 1071 WoodType blocks
[04Aug2026 16:11:11.123] [modloading-sync-worker/INFO] [Every Compat/]: module[ Chipped's Log @ everycomp ]: registered 675 WoodType blocks
[04Aug2026 16:11:11.174] [modloading-sync-worker/INFO] [Every Compat/]: module[ Chipped's Door @ everycomp ]: registered 1075 WoodType blocks
[04Aug2026 16:11:11.202] [modloading-sync-worker/INFO] [Every Compat/]: module[ Chipped's Glass @ everycomp ]: registered 704 WoodType blocks
[04Aug2026 16:11:11.212] [modloading-sync-worker/INFO] [Every Compat/]: module[ Chipped's Leaves @ everycomp ]: registered 471 LeavesType blocks
[04Aug2026 16:11:11.221] [modloading-sync-worker/INFO] [Every Compat/]: module[ Decorative Blocks Reborn @ everycomp ]: registered 98 WoodType blocks
[04Aug2026 16:11:11.223] [modloading-sync-worker/INFO] [Every Compat/]: module[ Farmer's Delight @ everycomp ]: registered 23 WoodType blocks
[04Aug2026 16:11:11.265] [modloading-sync-worker/INFO] [Every Compat/]: module[ Handcrafted @ everycomp ]: registered 368 WoodType blocks
[04Aug2026 16:11:11.268] [modloading-sync-worker/INFO] [Every Compat/]: module[ Macaw's Bridges @ everycomp ]: registered 150 WoodType blocks
[04Aug2026 16:11:11.302] [modloading-sync-worker/INFO] [Every Compat/]: module[ Macaw's Doors @ everycomp ]: registered 550 WoodType blocks
[04Aug2026 16:11:11.328] [modloading-sync-worker/INFO] [Every Compat/]: module[ Macaw's Fences and Walls @ everycomp ]: registered 109 LeavesType blocks
[04Aug2026 16:11:11.356] [modloading-sync-worker/INFO] [Every Compat/]: module[ Macaw's Fences and Walls @ everycomp ]: registered 150 WoodType blocks
[04Aug2026 16:11:11.727] [modloading-sync-worker/INFO] [Every Compat/]: module[ Macaw's Furniture @ everycomp ]: registered 1540 WoodType blocks
[04Aug2026 16:11:11.729] [modloading-sync-worker/INFO] [Every Compat/]: module[ Macaw's Lights and Lamps @ everycomp ]: registered 75 WoodType blocks
[04Aug2026 16:11:11.729] [modloading-sync-worker/INFO] [Every Compat/]: module[ Macaw's Paths and Pavings @ everycomp ]: registered 25 WoodType blocks
[04Aug2026 16:11:11.736] [modloading-sync-worker/INFO] [Every Compat/]: module[ Macaw's Roofs @ everycomp ]: registered 350 WoodType blocks
[04Aug2026 16:11:11.749] [modloading-sync-worker/INFO] [Every Compat/]: module[ Macaw's Trapdoors @ everycomp ]: registered 425 WoodType blocks
[04Aug2026 16:11:11.756] [modloading-sync-worker/INFO] [Every Compat/]: module[ Macaw's Windows @ everycomp ]: registered 423 WoodType blocks
[04Aug2026 16:11:11.760] [modloading-sync-worker/INFO] [Every Compat/]: module[ Macaw's Stairs and Balconies @ everycomp ]: registered 199 WoodType blocks
[04Aug2026 16:11:11.761] [modloading-sync-worker/INFO] [Every Compat/]: module[ Dramatic Doors @ everycomp ]: registered 4 WoodType blocks
[04Aug2026 16:11:11.792] [modloading-sync-worker/INFO] [Every Compat/]: module[ Quark @ everycomp ]: registered 125 LeavesType blocks
[04Aug2026 16:11:11.864] [modloading-sync-worker/INFO] [Every Compat/]: module[ Quark @ everycomp ]: registered 198 WoodType blocks
[04Aug2026 16:11:11.896] [modloading-sync-worker/INFO] [Every Compat/]: module[ Dramatic Doors @ everycomp ]: registered 450 WoodType blocks
[04Aug2026 16:11:11.898] [modloading-sync-worker/INFO] [Every Compat/]: module[ Create @ everycomp ]: registered 48 WoodType blocks
[04Aug2026 16:11:13.511] [modloading-sync-worker/INFO] [com.tom.createores.CreateOreExcavation/]: Loaded Create Ore Excavation config file createoreexcavation-common.toml
[04Aug2026 16:11:13.925] [Render thread/INFO] [net.minecraft.server.packs.repository.FolderRepositorySource/]: Found non-pack entry 'E:\Minecraft Modding\Instances\DragonKnights DEV (1)\resourcepacks\CreateSophBackpacks.zip.disabled', ignoring
[04Aug2026 16:11:13.925] [Render thread/INFO] [net.minecraft.server.packs.repository.FolderRepositorySource/]: Found non-pack entry 'E:\Minecraft Modding\Instances\DragonKnights DEV (1)\resourcepacks\CreateSophiStorage.zip.disabled', ignoring
[04Aug2026 16:11:13.975] [Render thread/INFO] [Moonlight/]: Merging 4 images using mode MIN_AREA_NO_UPSCALE
[04Aug2026 16:11:14.197] [Render thread/INFO] [Veil/]: GL Debug supported
[04Aug2026 16:11:14.219] [Render thread/INFO] [com.github.alexthe666.alexsmobs.AlexsMobs/]: loaded in block colorizer
[04Aug2026 16:11:14.220] [Render thread/INFO] [Sodium/]: Block undergarden:gloomgourd_stem had its color provider replaced with quek.undergarden.event.UndergardenClientEvents$$Lambda/0x000001adeab64400@29db3f23 and will not use per-vertex coloring
[04Aug2026 16:11:14.220] [Render thread/INFO] [Sodium/]: Block undergarden:gloomgourd_stem_attached had its color provider replaced with quek.undergarden.event.UndergardenClientEvents$$Lambda/0x000001adeab64400@29db3f23 and will not use per-vertex coloring
[04Aug2026 16:11:14.221] [Render thread/INFO] [Sodium/]: Block minecraft:water_cauldron had its color provider replaced with net.mehvahdjukaar.amendments.AmendmentsClient$$Lambda/0x000001adeab68450@17b1c453 and will not use per-vertex coloring
[04Aug2026 16:11:14.226] [Render thread/INFO] [com.github.alexmodguy.alexscaves.AlexsCaves/]: loaded in block colorizer
[04Aug2026 16:11:14.237] [Render thread/INFO] [com.github.alexthe666.alexsmobs.AlexsMobs/]: loaded in item colorizer
[04Aug2026 16:11:14.239] [Render thread/INFO] [com.github.alexmodguy.alexscaves.AlexsCaves/]: loaded in item colorizer
[04Aug2026 16:11:14.495] [Render thread/INFO] [Iris/]: Hardware information:
[04Aug2026 16:11:14.495] [Render thread/INFO] [Iris/]: CPU: 16x AMD Ryzen 7 7800X3D 8-Core Processor 
[04Aug2026 16:11:14.495] [Render thread/INFO] [Iris/]: GPU: NVIDIA GeForce RTX 4070 Ti/PCIe/SSE2 (Supports OpenGL 4.6.0 NVIDIA 591.86)
[04Aug2026 16:11:14.496] [Render thread/INFO] [Iris/]: OS: Windows 11 (10.0)
[04Aug2026 16:11:14.599] [Render thread/INFO] [com.github.alexthe666.alexsmobs.AlexsMobs/]: Registered custom armor render extensions
[04Aug2026 16:11:14.674] [Render thread/INFO] [com.github.alexthe666.alexsmobs.AlexsMobs/]: Registered Transmutation Table screen
[04Aug2026 16:11:14.832] [Render thread/INFO] [quark/]: Registering model layer quark:foxhound_armor#main
[04Aug2026 16:11:14.832] [Render thread/INFO] [quark/]: Registering model layer quark:crab#main
[04Aug2026 16:11:14.832] [Render thread/INFO] [quark/]: Registering model layer quark:shiba#main
[04Aug2026 16:11:14.832] [Render thread/INFO] [quark/]: Registering model layer quark:quark_boat_chest#main
[04Aug2026 16:11:14.832] [Render thread/INFO] [quark/]: Registering model layer quark:wraith#main
[04Aug2026 16:11:14.832] [Render thread/INFO] [quark/]: Registering model layer quark:forgotten_hat#main
[04Aug2026 16:11:14.832] [Render thread/INFO] [quark/]: Registering model layer quark:stoneling#main
[04Aug2026 16:11:14.832] [Render thread/INFO] [quark/]: Registering model layer quark:toretoise#main
[04Aug2026 16:11:14.832] [Render thread/INFO] [quark/]: Registering model layer quark:quark_boat#main
[04Aug2026 16:11:14.832] [Render thread/INFO] [quark/]: Registering model layer quark:foxhound#main
[04Aug2026 16:11:14.832] [Render thread/INFO] [quark/]: Registering model layer quark:shiba_armor#main
[04Aug2026 16:11:14.832] [Render thread/INFO] [quark/]: Registering model layer quark:backpack#main
[04Aug2026 16:11:15.228] [Render thread/INFO] [net.pinkcats.createlazytick.CreateLazyTick/]: [CreateLazyTick][ClientInit] registering independent LazyTick tooltip overlay
[04Aug2026 16:11:15.423] [Render thread/INFO] [net.minecraft.server.packs.resources.ReloadableResourceManager/]: Reloading ResourceManager: vanilla, Figura runtime resource pack, fabric, mod_resources, mod/sodium, mod/betterdays, mod/c2me_fixes_worldgen_threading_issues, mod/mechtrowel, mod/supermartijn642configlib, mod/horseman, mod/createdeco, mod/playeranimator, mod/c2me_rewrites_chunk_serializer, mod/fabric_rendering_fluids_v1, mod/aeronautics_bundled, mod/mcwwindows, mod/createmoregirder, mod/doapi,terraform, mod/c2me_fixes_general_threading_issues, mod/fabric_convention_tags_v1, mod/neoforge, mod/modernfix, mod/swaying_garden, mod/fabric_block_view_api_v2, mod/fabric_convention_tags_v2, mod/fabric_command_api_v2, mod/mcwstairs, mod/iris, mod/veil, mod/biolith, mod/c2me, mod/balm, mod/fabric_screen_api_v1, mod/jeresources, mod/c2me_base, mod/sawmill, mod/supplementaries, mod/ldlib2, mod/athena, mod/corpse, mod/handcrafted, mod/fabric_game_rule_api_v1, mod/mcwtrpdoors, mod/supermartijn642corelib, mod/resourcefulconfig, mod/fairylights, mod/c2me_opts_dfc, mod/curios, mod/searchables, mod/measurements, mod/createlazytick, mod/noisium, mod/modern_gui, mod/fabric_entity_events_v1, mod/mcwroofs, mod/mcwfurnitures, mod/transition, mod/fabric_rendering_data_attachment_v1, mod/mcwlights, mod/fabric_client_tags_api_v1, mod/bellsandwhistles, mod/createbigcannons, mod/c2me_threading_lighting, mod/rechiseled, mod/bits_n_bobs, mod/fabric_model_loading_api_v1, mod/lithostitched, mod/irons_lib, mod/aeronautics, mod/fabric_screen_handler_api_v1, mod/fabric_rendering_v1, mod/sootychimneys, mod/fabric_renderer_indigo, mod/naturescompass, mod/epherolib, mod/glitchcore, mod/rechiseledcreate, mod/c2me_rewrites_chunk_system, mod/whitenoise, mod/corpsecurioscompat, mod/fusion, mod/fabric_particles_v1, mod/c2me_opts_worldgen_vanilla, mod/c2me_opts_scheduling, mod/sophisticatedbackpackscreateintegration, mod/offroad, mod/mcwpaths, mod/tectonic, mod/smoothchunk, mod/tmted, mod/voicechat,voicechat_api, mod/sound_physics_remastered, mod/terrablender, mod/biomesoplenty, mod/fabric_api_base, mod/mousetweaks, mod/createoreexcavation, mod/fabric_block_api_v1, mod/fabric_resource_conditions_api_v1, mod/kotlinforforge, mod/notenoughanimations, mod/sablecompanion, mod/flywheel, mod/ponder, mod/xaerominimap, mod/croptopia, mod/fabric_item_group_api_v1, mod/polymorph, mod/c2me_notickvd, mod/almostunified, mod/l2core, mod/zeta, mod/entityculling, mod/figura, mod/fabric_registry_sync_v0, mod/immediatelyfast, mod/appleskin, mod/fabric_recipe_api_v1, mod/lootr, mod/fabric_object_builder_api_v1, mod/addonslib, mod/fabric_sound_api_v1, mod/fabric_message_api_v1, mod/euphoria_patcher, mod/treechop, mod/kuma_api, mod/fabric_renderer_api_v1, mod/geckolib, mod/fabric_item_api_v1, mod/galosphere, mod/c2me_opts_natives_math, mod/connectivity, mod/sophisticatedcore, mod/structureessentials, mod/ritchiesprojectilelib, mod/xaeroworldmap, mod/citadel, mod/alexsmobs, mod/fabric_data_attachment_api_v1, mod/sophisticatedbackpacks, mod/c2me_opts_math, mod/simulated, mod/buildguide, mod/mcwdoors, mod/railways, mod/create_chipped, mod/carryon, mod/baguettelib, mod/fabric_api,forgified_fabric_api, mod/c2me_fixes_worldgen_vanilla_bugs, mod/fabric_content_registries_v0, mod/sodiumdynamiclights, mod/create_connected, mod/chipped, mod/rechiseled_chipped, mod/mcwbridges, mod/farmersdelight, mod/farmers_croptopia, mod/copycat_wing, mod/ambientsounds, mod/fabric_api_lookup_api_v1, mod/c2me_fixes_chunkio_threading_issues, mod/c2me_client_uncapvd, mod/mcwfences, mod/sophisticatedstoragecreateintegration, mod/dramaticdoors, mod/betterthirdperson, mod/resourcefullib, mod/sablephysicscompat, mod/architectury, mod/vinery, mod/herbalbrews, mod/farm_and_charm, mod/candlelight, mod/bakery, mod/brewery, mod/meadow, mod/fabric_loot_api_v2, mod/cupboard, mod/fabric_loot_api_v3, mod/undergarden, mod/fabric_networking_api_v1, mod/framework, mod/c2me_rewrites_chunkio, mod/c2me_opts_allocs, mod/fabric_lifecycle_events_v1, mod/fabric_key_binding_api_v1, mod/fabric_transfer_api_v1, mod/stonezone, mod/trashslot, mod/amendments, mod/irisflw, mod/sophisticatedstorage, mod/copycats, mod/xaerolib, mod/fabric_resource_loader_v0, mod/trender, mod/create, mod/dndecor, mod/framedblocks, mod/sliceanddice, mod/sable, mod/aeronautics_utility_objects, mod/pipeorgans, mod/tracks, mod/sable_schematic_api, mod/createdynlight, mod/interiors, mod/aeronauticscompat, mod/mcwpaintings, mod/artifacts, mod/decorative_blocks, mod/everycomp, mod/distanthorizons, mod/terralith, mod/blueprint, mod/autumnity, mod/buzzier_bees, mod/tfmg, mod/fabric_transitive_access_wideners_v1, mod/jeimultiblocks, mod/jei, mod/immersiveengineering, mod/engineeredcompatibility, mod/scguns, mod/immersiveposts, mod/craftingtweaks, mod/alexscaves, mod/borninconfiguration, mod/born_in_chaos_v1, mod/moonlight, mod/fabric_blockrenderlayer_v1, mod/jade, mod/create_bb, mod/displaydelight, mod/creativecore, mod/c2me_server_utils, mod/createaviation, mod/quark, mod/fabric_gametest_api_v1, mod/barbequesdelight, mod/irons_spellbooks, mod/createaddoncompatibility, mod/fabric_biome_api_v1, mod/c2me_opts_worldgen_general, mod/c2me_opts_chunkio, mod/lets_do_create_compat, mod/almostunified_ie, mod/creeperoverhaul, mod/ferritecore, mod/expandability, mod/fabric_data_generation_api_v1, mod/fabric_events_interaction_v0, mod/createaddition, mod/sable_createaddition_compat, moonlight:merged_pack, quark-emote-pack, ldlib2
[04Aug2026 16:11:15.478] [Render thread/INFO] [com.teamabnormals.blueprint.core.Blueprint/]: Successfully loaded 0 assets remolders!
[04Aug2026 16:11:15.488] [Worker-ResourceReload-0/INFO] [Moonlight/]: Resource cache state for CLIENT_RESOURCES: needs regeneration
[04Aug2026 16:11:15.488] [Worker-ResourceReload-0/INFO] [Moonlight/]: Cleared cache pack resources at E:\Minecraft Modding\Instances\DragonKnights DEV (1)\dynamic-resource-pack-cache\supplementaries-generated_pack in 574.9 μs
[04Aug2026 16:11:15.489] [Worker-ResourceReload-0/INFO] [Moonlight/]: Cleared cache pack resources at E:\Minecraft Modding\Instances\DragonKnights DEV (1)\dynamic-resource-pack-cache\amendments-generated_pack in 24.50 μs
[04Aug2026 16:11:15.489] [Worker-ResourceReload-0/INFO] [Moonlight/]: Starting runtime resource generation for pack type CLIENT_RESOURCES with generators [supplementaries:generated_pack, everycomp:dynamic_resources, amendments:generated_pack, moonlight:dynamic_resources]
[04Aug2026 16:11:15.497] [Worker-ResourceReload-0/INFO] [Moonlight/]: Regenerating Dynamic CLIENT_RESOURCES Resources Provider [supplementaries:generated_pack], requested by strategy CACHED_FOLDER
[04Aug2026 16:11:15.645] [Worker-ResourceReload-0/INFO] [Moonlight/]: Generated runtime CLIENT_RESOURCES for pack supplementaries:generated_pack in 148.5 ms
[04Aug2026 16:11:15.655] [Worker-ResourceReload-0/INFO] [Moonlight/]: Populated search tree for pack at E:\Minecraft Modding\Instances\DragonKnights DEV (1)\dynamic-resource-pack-cache\supplementaries-generated_pack in 8.473 ms
[04Aug2026 16:11:15.662] [Worker-ResourceReload-0/INFO] [Moonlight/]: Regenerating Dynamic CLIENT_RESOURCES Resources Provider [everycomp:dynamic_resources], requested by strategy REGEN_ON_EVERY_RELOAD
[04Aug2026 16:11:15.664] [Worker-ResourceReload-0/INFO] [Every Compat/]: Starting dynamic resources generation tasks: 655 in batches of 40
[04Aug2026 16:11:17.403] [Worker-ResourceReload-0/INFO] [Moonlight/]: Generated runtime CLIENT_RESOURCES for pack everycomp:dynamic_resources in 1.740 s
[04Aug2026 16:11:17.403] [Worker-ResourceReload-0/INFO] [Moonlight/]: Regenerating Dynamic CLIENT_RESOURCES Resources Provider [amendments:generated_pack], requested by strategy CACHED_FOLDER
[04Aug2026 16:11:17.587] [Worker-ResourceReload-0/INFO] [Moonlight/]: Generated runtime CLIENT_RESOURCES for pack amendments:generated_pack in 184.4 ms
[04Aug2026 16:11:17.593] [Worker-ResourceReload-0/INFO] [Moonlight/]: Populated search tree for pack at E:\Minecraft Modding\Instances\DragonKnights DEV (1)\dynamic-resource-pack-cache\amendments-generated_pack in 5.791 ms
[04Aug2026 16:11:17.593] [Worker-ResourceReload-0/INFO] [Moonlight/]: Regenerating Dynamic CLIENT_RESOURCES Resources Provider [moonlight:dynamic_resources], requested by strategy REGEN_ON_EVERY_RELOAD
[04Aug2026 16:11:17.593] [Worker-ResourceReload-0/INFO] [Moonlight/]: Generated runtime CLIENT_RESOURCES for pack moonlight:dynamic_resources in 413.3 μs
[04Aug2026 16:11:17.593] [Worker-ResourceReload-0/INFO] [Moonlight/]: Finished runtime resources generation for 4 packs in a total of 2.105 s 
[04Aug2026 16:11:17.621] [Worker-ResourceReload-7/INFO] [com.tom.createores.CreateOreExcavation/]: Create Ore Excavation starting
[04Aug2026 16:11:17.626] [NeoForge Version Check/INFO] [net.neoforged.fml.VersionChecker/]: [betterdays] Starting version check at https://raw.githubusercontent.com/wendall911/BetterDays/1.21.1/files/updates.json
[04Aug2026 16:11:17.626] [Worker-ResourceReload-1/INFO] [voicechat/]: [voicechat] Compatibility version 20
[04Aug2026 16:11:17.633] [Worker-ResourceReload-5/INFO] [com.connectivity.Connectivity/]: Connectivity initialized
[04Aug2026 16:11:17.634] [Worker-ResourceReload-5/INFO] [com.structureessentials.StructureEssentials/]: structureessentials mod initialized
[04Aug2026 16:11:17.635] [Worker-ResourceReload-10/INFO] [quark/]: added [block.quark.ancient_sapling] to CompostManager with chance 0.3
[04Aug2026 16:11:17.635] [Worker-ResourceReload-10/INFO] [quark/]: added [block.quark.ancient_leaves] to CompostManager with chance 0.3
[04Aug2026 16:11:17.636] [Worker-ResourceReload-10/INFO] [quark/]: added [item.quark.ancient_fruit] to CompostManager with chance 0.65
[04Aug2026 16:11:17.646] [Worker-ResourceReload-10/INFO] [quark/]: added [block.quark.blue_blossom_leaves] to CompostManager with chance 0.3
[04Aug2026 16:11:17.646] [Worker-ResourceReload-10/INFO] [quark/]: added [block.quark.blue_blossom_sapling] to CompostManager with chance 0.3
[04Aug2026 16:11:17.646] [Worker-ResourceReload-10/INFO] [quark/]: added [block.quark.lavender_blossom_leaves] to CompostManager with chance 0.3
[04Aug2026 16:11:17.646] [Worker-ResourceReload-10/INFO] [quark/]: added [block.quark.lavender_blossom_sapling] to CompostManager with chance 0.3
[04Aug2026 16:11:17.646] [Worker-ResourceReload-10/INFO] [quark/]: added [block.quark.orange_blossom_leaves] to CompostManager with chance 0.3
[04Aug2026 16:11:17.646] [Worker-ResourceReload-10/INFO] [quark/]: added [block.quark.orange_blossom_sapling] to CompostManager with chance 0.3
[04Aug2026 16:11:17.646] [Worker-ResourceReload-10/INFO] [quark/]: added [block.quark.yellow_blossom_leaves] to CompostManager with chance 0.3
[04Aug2026 16:11:17.646] [Worker-ResourceReload-10/INFO] [quark/]: added [block.quark.yellow_blossom_sapling] to CompostManager with chance 0.3
[04Aug2026 16:11:17.646] [Worker-ResourceReload-10/INFO] [quark/]: added [block.quark.red_blossom_leaves] to CompostManager with chance 0.3
[04Aug2026 16:11:17.646] [Worker-ResourceReload-10/INFO] [quark/]: added [block.quark.red_blossom_sapling] to CompostManager with chance 0.3
[04Aug2026 16:11:17.647] [Worker-ResourceReload-10/INFO] [quark/]: added [block.quark.apple_crate] to CompostManager with chance 1.0
[04Aug2026 16:11:17.647] [Worker-ResourceReload-10/INFO] [quark/]: added [block.quark.potato_crate] to CompostManager with chance 1.0
[04Aug2026 16:11:17.647] [Worker-ResourceReload-10/INFO] [quark/]: added [block.quark.carrot_crate] to CompostManager with chance 1.0
[04Aug2026 16:11:17.647] [Worker-ResourceReload-10/INFO] [quark/]: added [block.quark.beetroot_crate] to CompostManager with chance 1.0
[04Aug2026 16:11:17.647] [Worker-ResourceReload-10/INFO] [quark/]: added [block.quark.cocoa_beans_sack] to CompostManager with chance 1.0
[04Aug2026 16:11:17.647] [Worker-ResourceReload-10/INFO] [quark/]: added [block.quark.nether_wart_sack] to CompostManager with chance 1.0
[04Aug2026 16:11:17.647] [Worker-ResourceReload-10/INFO] [quark/]: added [block.quark.berry_sack] to CompostManager with chance 1.0
[04Aug2026 16:11:17.647] [Worker-ResourceReload-10/INFO] [quark/]: added [block.quark.glowberry_sack] to CompostManager with chance 1.0
[04Aug2026 16:11:17.651] [Worker-ResourceReload-10/INFO] [quark/]: added [block.quark.glow_shroom] to CompostManager with chance 0.65
[04Aug2026 16:11:17.651] [Worker-ResourceReload-10/INFO] [quark/]: added [block.quark.glow_shroom_block] to CompostManager with chance 0.65
[04Aug2026 16:11:17.651] [Worker-ResourceReload-13/INFO] [xaero.lib.XaeroLib/]: Loading XaeroLib common 1/2!
[04Aug2026 16:11:17.651] [Worker-ResourceReload-10/INFO] [quark/]: added [block.quark.glow_shroom_stem] to CompostManager with chance 0.65
[04Aug2026 16:11:17.651] [Worker-ResourceReload-10/INFO] [quark/]: added [block.quark.glow_shroom_ring] to CompostManager with chance 0.65
[04Aug2026 16:11:17.651] [Worker-ResourceReload-10/INFO] [quark/]: added [block.quark.glow_lichen_growth] to CompostManager with chance 0.5
[04Aug2026 16:11:17.651] [Worker-ResourceReload-10/INFO] [quark/]: added [block.quark.oak_leaf_carpet] to CompostManager with chance 0.2
[04Aug2026 16:11:17.651] [Worker-ResourceReload-10/INFO] [quark/]: added [block.quark.spruce_leaf_carpet] to CompostManager with chance 0.2
[04Aug2026 16:11:17.651] [Worker-ResourceReload-10/INFO] [quark/]: added [block.quark.birch_leaf_carpet] to CompostManager with chance 0.2
[04Aug2026 16:11:17.651] [Worker-ResourceReload-10/INFO] [quark/]: added [block.quark.jungle_leaf_carpet] to CompostManager with chance 0.2
[04Aug2026 16:11:17.651] [Worker-ResourceReload-10/INFO] [quark/]: added [block.quark.acacia_leaf_carpet] to CompostManager with chance 0.2
[04Aug2026 16:11:17.651] [Worker-ResourceReload-10/INFO] [quark/]: added [block.quark.dark_oak_leaf_carpet] to CompostManager with chance 0.2
[04Aug2026 16:11:17.651] [Worker-ResourceReload-10/INFO] [quark/]: added [block.quark.mangrove_leaf_carpet] to CompostManager with chance 0.2
[04Aug2026 16:11:17.651] [Worker-ResourceReload-10/INFO] [quark/]: added [block.quark.cherry_leaf_carpet] to CompostManager with chance 0.2
[04Aug2026 16:11:17.651] [Worker-ResourceReload-10/INFO] [quark/]: added [block.quark.azalea_leaf_carpet] to CompostManager with chance 0.2
[04Aug2026 16:11:17.651] [Worker-ResourceReload-10/INFO] [quark/]: added [block.quark.flowering_azalea_leaf_carpet] to CompostManager with chance 0.2
[04Aug2026 16:11:17.651] [Worker-ResourceReload-10/INFO] [quark/]: added [block.quark.blue_blossom_leaf_carpet] to CompostManager with chance 0.2
[04Aug2026 16:11:17.651] [Worker-ResourceReload-10/INFO] [quark/]: added [block.quark.lavender_blossom_leaf_carpet] to CompostManager with chance 0.2
[04Aug2026 16:11:17.652] [Worker-ResourceReload-10/INFO] [quark/]: added [block.quark.orange_blossom_leaf_carpet] to CompostManager with chance 0.2
[04Aug2026 16:11:17.652] [Worker-ResourceReload-10/INFO] [quark/]: added [block.quark.yellow_blossom_leaf_carpet] to CompostManager with chance 0.2
[04Aug2026 16:11:17.652] [Worker-ResourceReload-10/INFO] [quark/]: added [block.quark.red_blossom_leaf_carpet] to CompostManager with chance 0.2
[04Aug2026 16:11:17.652] [Worker-ResourceReload-10/INFO] [quark/]: added [block.quark.ancient_leaf_carpet] to CompostManager with chance 0.2
[04Aug2026 16:11:17.655] [Worker-ResourceReload-10/INFO] [quark/]: added [block.quark.thatch] to CompostManager with chance 0.65
[04Aug2026 16:11:17.655] [Worker-ResourceReload-10/INFO] [quark/]: added [Poisonous Potato] to CompostManager with chance 0.85
[04Aug2026 16:11:17.655] [Worker-ResourceReload-10/INFO] [quark/]: added [Rotten Flesh] to CompostManager with chance 0.3
[04Aug2026 16:11:17.664] [Immersive Engineering Contributors Thread/INFO] [immersiveengineering/]: Attempting to download special revolvers from GitHub
[04Aug2026 16:11:17.690] [Worker-ResourceReload-6/INFO] [sh.rsap.aeronauticscompat.AeronauticsCompat/]: [AeronauticsCompat] Sable=true Etched=false WaterFrames=false Citadel=true
[04Aug2026 16:11:17.750] [Worker-ResourceReload-1/INFO] [voicechat/]: [voicechat] Loading plugins
[04Aug2026 16:11:17.750] [Worker-ResourceReload-7/ERROR] [net.minecraft.Util/]: Invalid path in pack: pipeorgans:sounds/prestant/090-f#.wav, ignoring
[04Aug2026 16:11:17.761] [NeoForge Version Check/INFO] [net.neoforged.fml.VersionChecker/]: [betterdays] Found status: UP_TO_DATE Current: 3.3.6.3 Target: null
[04Aug2026 16:11:17.761] [NeoForge Version Check/INFO] [net.neoforged.fml.VersionChecker/]: [mcwwindows] Starting version check at https://raw.githubusercontent.com/sketchmacaw/macawsmods/master/window.json
[04Aug2026 16:11:17.769] [Worker-ResourceReload-13/WARN] [GeckoLib/]: Unsupported geometry json version: 1.21.0 for model scguns:geo/item/gun/fencer_carabine.geo.json. Supported versions: 1.12.0. Remove any rotated face UVs and re-export the model to fix
[04Aug2026 16:11:17.774] [NeoForge Version Check/INFO] [net.neoforged.fml.VersionChecker/]: [mcwwindows] Found status: UP_TO_DATE Current: 2.4.2 Target: null
[04Aug2026 16:11:17.774] [NeoForge Version Check/INFO] [net.neoforged.fml.VersionChecker/]: [mcwstairs] Starting version check at https://raw.githubusercontent.com/sketchmacaw/macawsmods/master/stairs.json
[04Aug2026 16:11:17.782] [Worker-ResourceReload-1/INFO] [voicechat/]: [voicechat] Loaded 1 plugin(s)
[04Aug2026 16:11:17.782] [Worker-ResourceReload-1/INFO] [voicechat/]: [voicechat] Initializing plugins
[04Aug2026 16:11:17.782] [Worker-ResourceReload-13/WARN] [GeckoLib/]: Unsupported geometry json version: 1.21.0 for model scguns:geo/item/gun/gale.geo.json. Supported versions: 1.12.0. Remove any rotated face UVs and re-export the model to fix
[04Aug2026 16:11:17.787] [NeoForge Version Check/INFO] [net.neoforged.fml.VersionChecker/]: [mcwstairs] Found status: UP_TO_DATE Current: 1.0.2 Target: null
[04Aug2026 16:11:17.787] [NeoForge Version Check/INFO] [net.neoforged.fml.VersionChecker/]: [corpse] Starting version check at https://update.maxhenkel.de/neoforge/corpse
[04Aug2026 16:11:17.803] [Worker-ResourceReload-1/INFO] [Sound Physics - General/]: Initializing Simple Voice Chat integration
[04Aug2026 16:11:17.804] [Worker-ResourceReload-1/INFO] [voicechat/]: [voicechat] Initialized 1 plugin(s)
[04Aug2026 16:11:17.810] [Worker-ResourceReload-1/INFO] [voicechat/]: [voicechat] Registering events for 'sound_physics_remastered'
[04Aug2026 16:11:17.843] [Worker-ResourceReload-10/WARN] [GeckoLib/]: Found animation file with improper file name format; animation files should end in .animation.json: 'irons_spellbooks:animations/casting_animations.json'
[04Aug2026 16:11:17.855] [Worker-ResourceReload-7/WARN] [net.minecraft.client.sounds.SoundManager/]: File design_decor:sounds/large_chain/break1.ogg does not exist, cannot add it to event dndecor:large_chain_break
[04Aug2026 16:11:17.855] [Worker-ResourceReload-7/WARN] [net.minecraft.client.sounds.SoundManager/]: File design_decor:sounds/large_chain/break2.ogg does not exist, cannot add it to event dndecor:large_chain_break
[04Aug2026 16:11:17.855] [Worker-ResourceReload-7/WARN] [net.minecraft.client.sounds.SoundManager/]: File design_decor:sounds/large_chain/break3.ogg does not exist, cannot add it to event dndecor:large_chain_break
[04Aug2026 16:11:17.855] [Worker-ResourceReload-7/WARN] [net.minecraft.client.sounds.SoundManager/]: File design_decor:sounds/large_chain/break4.ogg does not exist, cannot add it to event dndecor:large_chain_break
[04Aug2026 16:11:17.855] [Worker-ResourceReload-7/WARN] [net.minecraft.client.sounds.SoundManager/]: File design_decor:sounds/large_chain/place1.ogg does not exist, cannot add it to event dndecor:large_chain_step
[04Aug2026 16:11:17.855] [Worker-ResourceReload-7/WARN] [net.minecraft.client.sounds.SoundManager/]: File design_decor:sounds/large_chain/place2.ogg does not exist, cannot add it to event dndecor:large_chain_step
[04Aug2026 16:11:17.855] [Worker-ResourceReload-7/WARN] [net.minecraft.client.sounds.SoundManager/]: File design_decor:sounds/large_chain/place3.ogg does not exist, cannot add it to event dndecor:large_chain_step
[04Aug2026 16:11:17.855] [Worker-ResourceReload-7/WARN] [net.minecraft.client.sounds.SoundManager/]: File design_decor:sounds/large_chain/place4.ogg does not exist, cannot add it to event dndecor:large_chain_step
[04Aug2026 16:11:17.855] [Worker-ResourceReload-7/WARN] [net.minecraft.client.sounds.SoundManager/]: File design_decor:sounds/large_chain/place5.ogg does not exist, cannot add it to event dndecor:large_chain_step
[04Aug2026 16:11:17.855] [Worker-ResourceReload-7/WARN] [net.minecraft.client.sounds.SoundManager/]: File design_decor:sounds/large_chain/place6.ogg does not exist, cannot add it to event dndecor:large_chain_step
[04Aug2026 16:11:17.855] [Worker-ResourceReload-7/WARN] [net.minecraft.client.sounds.SoundManager/]: File design_decor:sounds/large_chain/break1.ogg does not exist, cannot add it to event dndecor:large_chain_place
[04Aug2026 16:11:17.855] [Worker-ResourceReload-7/WARN] [net.minecraft.client.sounds.SoundManager/]: File design_decor:sounds/large_chain/break2.ogg does not exist, cannot add it to event dndecor:large_chain_place
[04Aug2026 16:11:17.855] [Worker-ResourceReload-7/WARN] [net.minecraft.client.sounds.SoundManager/]: File design_decor:sounds/large_chain/break3.ogg does not exist, cannot add it to event dndecor:large_chain_place
[04Aug2026 16:11:17.855] [Worker-ResourceReload-7/WARN] [net.minecraft.client.sounds.SoundManager/]: File design_decor:sounds/large_chain/break4.ogg does not exist, cannot add it to event dndecor:large_chain_place
[04Aug2026 16:11:17.855] [Worker-ResourceReload-7/WARN] [net.minecraft.client.sounds.SoundManager/]: File design_decor:sounds/large_chain/place1.ogg does not exist, cannot add it to event dndecor:large_chain_hit
[04Aug2026 16:11:17.855] [Worker-ResourceReload-7/WARN] [net.minecraft.client.sounds.SoundManager/]: File design_decor:sounds/large_chain/place2.ogg does not exist, cannot add it to event dndecor:large_chain_hit
[04Aug2026 16:11:17.855] [Worker-ResourceReload-7/WARN] [net.minecraft.client.sounds.SoundManager/]: File design_decor:sounds/large_chain/place3.ogg does not exist, cannot add it to event dndecor:large_chain_hit
[04Aug2026 16:11:17.855] [Worker-ResourceReload-7/WARN] [net.minecraft.client.sounds.SoundManager/]: File design_decor:sounds/large_chain/place4.ogg does not exist, cannot add it to event dndecor:large_chain_hit
[04Aug2026 16:11:17.855] [Worker-ResourceReload-7/WARN] [net.minecraft.client.sounds.SoundManager/]: File design_decor:sounds/large_chain/place5.ogg does not exist, cannot add it to event dndecor:large_chain_hit
[04Aug2026 16:11:17.855] [Worker-ResourceReload-7/WARN] [net.minecraft.client.sounds.SoundManager/]: File design_decor:sounds/large_chain/place6.ogg does not exist, cannot add it to event dndecor:large_chain_hit
[04Aug2026 16:11:17.855] [Worker-ResourceReload-7/WARN] [net.minecraft.client.sounds.SoundManager/]: File design_decor:sounds/large_chain/place1.ogg does not exist, cannot add it to event dndecor:large_chain_fall
[04Aug2026 16:11:17.855] [Worker-ResourceReload-7/WARN] [net.minecraft.client.sounds.SoundManager/]: File design_decor:sounds/large_chain/place2.ogg does not exist, cannot add it to event dndecor:large_chain_fall
[04Aug2026 16:11:17.855] [Worker-ResourceReload-7/WARN] [net.minecraft.client.sounds.SoundManager/]: File design_decor:sounds/large_chain/place3.ogg does not exist, cannot add it to event dndecor:large_chain_fall
[04Aug2026 16:11:17.855] [Worker-ResourceReload-7/WARN] [net.minecraft.client.sounds.SoundManager/]: File design_decor:sounds/large_chain/place4.ogg does not exist, cannot add it to event dndecor:large_chain_fall
[04Aug2026 16:11:17.855] [Worker-ResourceReload-7/WARN] [net.minecraft.client.sounds.SoundManager/]: File design_decor:sounds/large_chain/place5.ogg does not exist, cannot add it to event dndecor:large_chain_fall
[04Aug2026 16:11:17.855] [Worker-ResourceReload-7/WARN] [net.minecraft.client.sounds.SoundManager/]: File design_decor:sounds/large_chain/place6.ogg does not exist, cannot add it to event dndecor:large_chain_fall
[04Aug2026 16:11:17.856] [Worker-ResourceReload-3/WARN] [GeckoLib/]: Unsupported geometry json version: 1.21.0 for model scguns:geo/item/gun/rocket_rifle.geo.json. Supported versions: 1.12.0. Remove any rotated face UVs and re-export the model to fix
[04Aug2026 16:11:17.861] [Worker-ResourceReload-2/ERROR] [GeckoLib/]: Unable to parse animation: idle
	-> Failed to parse expression '-'
		-> Unable to parse compiled symbols from expression: [Left[-]]
[04Aug2026 16:11:17.861] [Worker-ResourceReload-11/ERROR] [GeckoLib/]: Unable to parse animation: idle
	-> Failed to parse expression '-'
		-> Unable to parse compiled symbols from expression: [Left[-]]
[04Aug2026 16:11:17.861] [Worker-ResourceReload-8/ERROR] [GeckoLib/]: Unable to parse animation: idle
	-> Failed to parse expression '-'
		-> Unable to parse compiled symbols from expression: [Left[-]]
[04Aug2026 16:11:17.862] [Worker-ResourceReload-2/INFO] [STDERR/]: [java.lang.Throwable:printStackTrace:-1]: Geckolib.CompoundException: Unable to parse animation: idle
	-> Failed to parse expression '-'
		-> Unable to parse compiled symbols from expression: [Left[-]]
[04Aug2026 16:11:17.863] [Worker-ResourceReload-2/INFO] [STDERR/]: [java.lang.Throwable:printStackTrace:-1]: 	at TRANSFORMER/geckolib@4.8.4/software.bernie.geckolib.loading.math.MathParser.parseSymbols(MathParser.java:392)
[04Aug2026 16:11:17.863] [Worker-ResourceReload-2/INFO] [STDERR/]: [java.lang.Throwable:printStackTrace:-1]: 	at TRANSFORMER/geckolib@4.8.4/software.bernie.geckolib.loading.math.MathParser.compileExpression(MathParser.java:209)
[04Aug2026 16:11:17.863] [Worker-ResourceReload-2/INFO] [STDERR/]: [java.lang.Throwable:printStackTrace:-1]: 	at TRANSFORMER/geckolib@4.8.4/software.bernie.geckolib.loading.math.MathParser.compileMolang(MathParser.java:201)
[04Aug2026 16:11:17.863] [Worker-ResourceReload-2/INFO] [STDERR/]: [java.lang.Throwable:printStackTrace:-1]: 	at TRANSFORMER/geckolib@4.8.4/software.bernie.geckolib.loading.math.MathParser.parseJson(MathParser.java:163)
[04Aug2026 16:11:17.864] [Worker-ResourceReload-2/INFO] [STDERR/]: [java.lang.Throwable:printStackTrace:-1]: 	at TRANSFORMER/geckolib@4.8.4/software.bernie.geckolib.loading.json.typeadapter.BakedAnimationsAdapter.buildKeyframeStack(BakedAnimationsAdapter.java:203)
[04Aug2026 16:11:17.865] [Worker-ResourceReload-2/INFO] [STDERR/]: [java.lang.Throwable:printStackTrace:-1]: 	at TRANSFORMER/geckolib@4.8.4/software.bernie.geckolib.loading.json.typeadapter.BakedAnimationsAdapter.bakeBoneAnimations(BakedAnimationsAdapter.java:78)
[04Aug2026 16:11:17.865] [Worker-ResourceReload-2/INFO] [STDERR/]: [java.lang.Throwable:printStackTrace:-1]: 	at TRANSFORMER/geckolib@4.8.4/software.bernie.geckolib.loading.json.typeadapter.BakedAnimationsAdapter.bakeAnimation(BakedAnimationsAdapter.java:61)
[04Aug2026 16:11:17.865] [Worker-ResourceReload-13/WARN] [GeckoLib/]: Unsupported geometry json version: 1.21.0 for model scguns:geo/item/gun/trotters.geo.json. Supported versions: 1.12.0. Remove any rotated face UVs and re-export the model to fix
[04Aug2026 16:11:17.866] [Worker-ResourceReload-2/INFO] [STDERR/]: [java.lang.Throwable:printStackTrace:-1]: 	at TRANSFORMER/geckolib@4.8.4/software.bernie.geckolib.loading.json.typeadapter.BakedAnimationsAdapter.deserialize(BakedAnimationsAdapter.java:41)
[04Aug2026 16:11:17.866] [Worker-ResourceReload-2/INFO] [STDERR/]: [java.lang.Throwable:printStackTrace:-1]: 	at TRANSFORMER/geckolib@4.8.4/software.bernie.geckolib.loading.json.typeadapter.BakedAnimationsAdapter.deserialize(BakedAnimationsAdapter.java:31)
[04Aug2026 16:11:17.867] [Worker-ResourceReload-2/INFO] [STDERR/]: [java.lang.Throwable:printStackTrace:-1]: 	at MC-BOOTSTRAP/com.google.gson@2.10.1/com.google.gson.internal.bind.TreeTypeAdapter.read(TreeTypeAdapter.java:76)
[04Aug2026 16:11:17.867] [Worker-ResourceReload-2/INFO] [STDERR/]: [java.lang.Throwable:printStackTrace:-1]: 	at MC-BOOTSTRAP/com.google.gson@2.10.1/com.google.gson.Gson.fromJson(Gson.java:1227)
[04Aug2026 16:11:17.868] [Worker-ResourceReload-2/INFO] [STDERR/]: [java.lang.Throwable:printStackTrace:-1]: 	at MC-BOOTSTRAP/com.google.gson@2.10.1/com.google.gson.Gson.fromJson(Gson.java:1329)
[04Aug2026 16:11:17.868] [Worker-ResourceReload-2/INFO] [STDERR/]: [java.lang.Throwable:printStackTrace:-1]: 	at MC-BOOTSTRAP/com.google.gson@2.10.1/com.google.gson.Gson.fromJson(Gson.java:1271)
[04Aug2026 16:11:17.868] [Worker-ResourceReload-2/INFO] [STDERR/]: [java.lang.Throwable:printStackTrace:-1]: 	at TRANSFORMER/geckolib@4.8.4/software.bernie.geckolib.loading.FileLoader.loadAnimationsFile(FileLoader.java:36)
[04Aug2026 16:11:17.869] [Worker-ResourceReload-2/INFO] [STDERR/]: [java.lang.Throwable:printStackTrace:-1]: 	at TRANSFORMER/geckolib@4.8.4/software.bernie.geckolib.cache.GeckoLibCache.lambda$loadAnimations$2(GeckoLibCache.java:79)
[04Aug2026 16:11:17.870] [Worker-ResourceReload-2/INFO] [STDERR/]: [java.lang.Throwable:printStackTrace:-1]: 	at TRANSFORMER/geckolib@4.8.4/software.bernie.geckolib.cache.GeckoLibCache.lambda$loadResources$8(GeckoLibCache.java:121)
[04Aug2026 16:11:17.871] [Worker-ResourceReload-2/INFO] [STDERR/]: [java.lang.Throwable:printStackTrace:-1]: 	at java.base/java.util.concurrent.CompletableFuture$AsyncSupply.run(Unknown Source)
[04Aug2026 16:11:17.871] [Worker-ResourceReload-2/INFO] [STDERR/]: [java.lang.Throwable:printStackTrace:-1]: 	at java.base/java.util.concurrent.CompletableFuture$AsyncSupply.exec(Unknown Source)
[04Aug2026 16:11:17.872] [Worker-ResourceReload-2/INFO] [STDERR/]: [java.lang.Throwable:printStackTrace:-1]: 	at java.base/java.util.concurrent.ForkJoinTask.doExec(Unknown Source)
[04Aug2026 16:11:17.873] [Worker-ResourceReload-2/INFO] [STDERR/]: [java.lang.Throwable:printStackTrace:-1]: 	at java.base/java.util.concurrent.ForkJoinPool$WorkQueue.topLevelExec(Unknown Source)
[04Aug2026 16:11:17.873] [Worker-ResourceReload-2/INFO] [STDERR/]: [java.lang.Throwable:printStackTrace:-1]: 	at java.base/java.util.concurrent.ForkJoinPool.scan(Unknown Source)
[04Aug2026 16:11:17.873] [Worker-ResourceReload-2/INFO] [STDERR/]: [java.lang.Throwable:printStackTrace:-1]: 	at java.base/java.util.concurrent.ForkJoinPool.runWorker(Unknown Source)
[04Aug2026 16:11:17.874] [Worker-ResourceReload-2/INFO] [STDERR/]: [java.lang.Throwable:printStackTrace:-1]: 	at java.base/java.util.concurrent.ForkJoinWorkerThread.run(Unknown Source)
[04Aug2026 16:11:17.877] [Worker-ResourceReload-8/INFO] [STDERR/]: [java.lang.Throwable:printStackTrace:-1]: Geckolib.CompoundException: Unable to parse animation: idle
	-> Failed to parse expression '-'
		-> Unable to parse compiled symbols from expression: [Left[-]]
[04Aug2026 16:11:17.880] [Worker-ResourceReload-8/INFO] [STDERR/]: [java.lang.Throwable:printStackTrace:-1]: 	at TRANSFORMER/geckolib@4.8.4/software.bernie.geckolib.loading.math.MathParser.parseSymbols(MathParser.java:392)
[04Aug2026 16:11:17.881] [Worker-ResourceReload-8/INFO] [STDERR/]: [java.lang.Throwable:printStackTrace:-1]: 	at TRANSFORMER/geckolib@4.8.4/software.bernie.geckolib.loading.math.MathParser.compileExpression(MathParser.java:209)
[04Aug2026 16:11:17.881] [Worker-ResourceReload-7/WARN] [net.minecraft.client.sounds.SoundManager/]: File galosphere:sounds/block/pink_salt_pillar/emerge2.ogg does not exist, cannot add it to event galosphere:entity.pink_salt_pillar.emerge
[04Aug2026 16:11:17.881] [Worker-ResourceReload-7/WARN] [net.minecraft.client.sounds.SoundManager/]: File galosphere:sounds/block/pink_salt_pillar/emerge3.ogg does not exist, cannot add it to event galosphere:entity.pink_salt_pillar.emerge
[04Aug2026 16:11:17.882] [Worker-ResourceReload-7/WARN] [net.minecraft.client.sounds.SoundManager/]: File minecraft:sounds/music/game/hal1.ogg does not exist, cannot add it to event galosphere:music.biome.crystal_canyons
[04Aug2026 16:11:17.882] [Worker-ResourceReload-7/WARN] [net.minecraft.client.sounds.SoundManager/]: File minecraft:sounds/music/game/hal4.ogg does not exist, cannot add it to event galosphere:music.biome.crystal_canyons
[04Aug2026 16:11:17.882] [Worker-ResourceReload-7/WARN] [net.minecraft.client.sounds.SoundManager/]: File minecraft:sounds/music/game/nuance1.ogg does not exist, cannot add it to event galosphere:music.biome.crystal_canyons
[04Aug2026 16:11:17.882] [Worker-ResourceReload-7/WARN] [net.minecraft.client.sounds.SoundManager/]: File minecraft:sounds/music/game/nuance2.ogg does not exist, cannot add it to event galosphere:music.biome.crystal_canyons
[04Aug2026 16:11:17.882] [Worker-ResourceReload-7/WARN] [net.minecraft.client.sounds.SoundManager/]: File minecraft:sounds/music/game/hal1.ogg does not exist, cannot add it to event galosphere:music.biome.lichen_caves
[04Aug2026 16:11:17.882] [Worker-ResourceReload-7/WARN] [net.minecraft.client.sounds.SoundManager/]: File minecraft:sounds/music/game/hal4.ogg does not exist, cannot add it to event galosphere:music.biome.lichen_caves
[04Aug2026 16:11:17.882] [Worker-ResourceReload-7/WARN] [net.minecraft.client.sounds.SoundManager/]: File minecraft:sounds/music/game/nuance1.ogg does not exist, cannot add it to event galosphere:music.biome.lichen_caves
[04Aug2026 16:11:17.882] [Worker-ResourceReload-7/WARN] [net.minecraft.client.sounds.SoundManager/]: File minecraft:sounds/music/game/nuance2.ogg does not exist, cannot add it to event galosphere:music.biome.lichen_caves
[04Aug2026 16:11:17.882] [Worker-ResourceReload-5/INFO] [create_bb/]: Create: Blocks & Bogies initializing...
[04Aug2026 16:11:17.882] [Worker-ResourceReload-7/WARN] [net.minecraft.client.sounds.SoundManager/]: File minecraft:sounds/music/game/hal1.ogg does not exist, cannot add it to event galosphere:music.biome.pink_salt_caves
[04Aug2026 16:11:17.882] [Worker-ResourceReload-7/WARN] [net.minecraft.client.sounds.SoundManager/]: File minecraft:sounds/music/game/hal4.ogg does not exist, cannot add it to event galosphere:music.biome.pink_salt_caves
[04Aug2026 16:11:17.882] [Worker-ResourceReload-7/WARN] [net.minecraft.client.sounds.SoundManager/]: File minecraft:sounds/music/game/nuance1.ogg does not exist, cannot add it to event galosphere:music.biome.pink_salt_caves
[04Aug2026 16:11:17.882] [Worker-ResourceReload-7/WARN] [net.minecraft.client.sounds.SoundManager/]: File minecraft:sounds/music/game/nuance2.ogg does not exist, cannot add it to event galosphere:music.biome.pink_salt_caves
[04Aug2026 16:11:17.882] [Worker-ResourceReload-8/INFO] [STDERR/]: [java.lang.Throwable:printStackTrace:-1]: 	at TRANSFORMER/geckolib@4.8.4/software.bernie.geckolib.loading.math.MathParser.compileMolang(MathParser.java:201)
[04Aug2026 16:11:17.882] [Worker-ResourceReload-2/WARN] [GeckoLib/]: Found animation file with improper file name format; animation files should end in .animation.json: 'irons_spellbooks:animations/ice_block_animations.json'
[04Aug2026 16:11:17.883] [Worker-ResourceReload-8/INFO] [STDERR/]: [java.lang.Throwable:printStackTrace:-1]: 	at TRANSFORMER/geckolib@4.8.4/software.bernie.geckolib.loading.math.MathParser.parseJson(MathParser.java:163)
[04Aug2026 16:11:17.883] [Worker-ResourceReload-8/INFO] [STDERR/]: [java.lang.Throwable:printStackTrace:-1]: 	at TRANSFORMER/geckolib@4.8.4/software.bernie.geckolib.loading.json.typeadapter.BakedAnimationsAdapter.buildKeyframeStack(BakedAnimationsAdapter.java:203)
[04Aug2026 16:11:17.884] [Worker-ResourceReload-8/INFO] [STDERR/]: [java.lang.Throwable:printStackTrace:-1]: 	at TRANSFORMER/geckolib@4.8.4/software.bernie.geckolib.loading.json.typeadapter.BakedAnimationsAdapter.bakeBoneAnimations(BakedAnimationsAdapter.java:78)
[04Aug2026 16:11:17.885] [Worker-ResourceReload-8/INFO] [STDERR/]: [java.lang.Throwable:printStackTrace:-1]: 	at TRANSFORMER/geckolib@4.8.4/software.bernie.geckolib.loading.json.typeadapter.BakedAnimationsAdapter.bakeAnimation(BakedAnimationsAdapter.java:61)
[04Aug2026 16:11:17.886] [Worker-ResourceReload-8/INFO] [STDERR/]: [java.lang.Throwable:printStackTrace:-1]: 	at TRANSFORMER/geckolib@4.8.4/software.bernie.geckolib.loading.json.typeadapter.BakedAnimationsAdapter.deserialize(BakedAnimationsAdapter.java:41)
[04Aug2026 16:11:17.887] [Worker-ResourceReload-8/INFO] [STDERR/]: [java.lang.Throwable:printStackTrace:-1]: 	at TRANSFORMER/geckolib@4.8.4/software.bernie.geckolib.loading.json.typeadapter.BakedAnimationsAdapter.deserialize(BakedAnimationsAdapter.java:31)
[04Aug2026 16:11:17.888] [Worker-ResourceReload-8/INFO] [STDERR/]: [java.lang.Throwable:printStackTrace:-1]: 	at MC-BOOTSTRAP/com.google.gson@2.10.1/com.google.gson.internal.bind.TreeTypeAdapter.read(TreeTypeAdapter.java:76)
[04Aug2026 16:11:17.889] [Worker-ResourceReload-8/INFO] [STDERR/]: [java.lang.Throwable:printStackTrace:-1]: 	at MC-BOOTSTRAP/com.google.gson@2.10.1/com.google.gson.Gson.fromJson(Gson.java:1227)
[04Aug2026 16:11:17.890] [Worker-ResourceReload-8/INFO] [STDERR/]: [java.lang.Throwable:printStackTrace:-1]: 	at MC-BOOTSTRAP/com.google.gson@2.10.1/com.google.gson.Gson.fromJson(Gson.java:1329)
[04Aug2026 16:11:17.892] [Worker-ResourceReload-8/INFO] [STDERR/]: [java.lang.Throwable:printStackTrace:-1]: 	at MC-BOOTSTRAP/com.google.gson@2.10.1/com.google.gson.Gson.fromJson(Gson.java:1271)
[04Aug2026 16:11:17.894] [Worker-ResourceReload-8/INFO] [STDERR/]: [java.lang.Throwable:printStackTrace:-1]: 	at TRANSFORMER/geckolib@4.8.4/software.bernie.geckolib.loading.FileLoader.loadAnimationsFile(FileLoader.java:36)
[04Aug2026 16:11:17.895] [Worker-ResourceReload-8/INFO] [STDERR/]: [java.lang.Throwable:printStackTrace:-1]: 	at TRANSFORMER/geckolib@4.8.4/software.bernie.geckolib.cache.GeckoLibCache.lambda$loadAnimations$2(GeckoLibCache.java:79)
[04Aug2026 16:11:17.898] [Worker-ResourceReload-8/INFO] [STDERR/]: [java.lang.Throwable:printStackTrace:-1]: 	at TRANSFORMER/geckolib@4.8.4/software.bernie.geckolib.cache.GeckoLibCache.lambda$loadResources$8(GeckoLibCache.java:121)
[04Aug2026 16:11:17.899] [Worker-ResourceReload-7/WARN] [net.minecraft.client.sounds.SoundManager/]: File minecraft:sounds/ui/cartography_table/take_result.ogg does not exist, cannot add it to event createaviation:mail_seal
[04Aug2026 16:11:17.899] [Worker-ResourceReload-7/WARN] [net.minecraft.client.sounds.SoundManager/]: File minecraft:sounds/item/book/page_turn.ogg does not exist, cannot add it to event createaviation:mail_seal
[04Aug2026 16:11:17.899] [Worker-ResourceReload-7/WARN] [net.minecraft.client.sounds.SoundManager/]: File minecraft:sounds/block/wood/place1.ogg does not exist, cannot add it to event createaviation:mail_deposit
[04Aug2026 16:11:17.899] [Worker-ResourceReload-7/WARN] [net.minecraft.client.sounds.SoundManager/]: File minecraft:sounds/block/wood/place2.ogg does not exist, cannot add it to event createaviation:mail_deposit
[04Aug2026 16:11:17.899] [Worker-ResourceReload-7/WARN] [net.minecraft.client.sounds.SoundManager/]: File minecraft:sounds/block/wood/place3.ogg does not exist, cannot add it to event createaviation:mail_deposit
[04Aug2026 16:11:17.899] [Worker-ResourceReload-7/WARN] [net.minecraft.client.sounds.SoundManager/]: File minecraft:sounds/block/wood/place4.ogg does not exist, cannot add it to event createaviation:mail_deposit
[04Aug2026 16:11:17.899] [Worker-ResourceReload-7/WARN] [net.minecraft.client.sounds.SoundManager/]: File minecraft:sounds/entity/item_frame/add_item1.ogg does not exist, cannot add it to event createaviation:mail_deposit
[04Aug2026 16:11:17.899] [Worker-ResourceReload-7/WARN] [net.minecraft.client.sounds.SoundManager/]: File minecraft:sounds/entity/item_frame/add_item2.ogg does not exist, cannot add it to event createaviation:mail_deposit
[04Aug2026 16:11:17.901] [Worker-ResourceReload-8/INFO] [STDERR/]: [java.lang.Throwable:printStackTrace:-1]: 	at java.base/java.util.concurrent.CompletableFuture$AsyncSupply.run(Unknown Source)
[04Aug2026 16:11:17.903] [Worker-ResourceReload-8/INFO] [STDERR/]: [java.lang.Throwable:printStackTrace:-1]: 	at java.base/java.util.concurrent.CompletableFuture$AsyncSupply.exec(Unknown Source)
[04Aug2026 16:11:17.904] [Worker-ResourceReload-8/INFO] [STDERR/]: [java.lang.Throwable:printStackTrace:-1]: 	at java.base/java.util.concurrent.ForkJoinTask.doExec(Unknown Source)
[04Aug2026 16:11:17.905] [Worker-ResourceReload-8/INFO] [STDERR/]: [java.lang.Throwable:printStackTrace:-1]: 	at java.base/java.util.concurrent.ForkJoinPool$WorkQueue.topLevelExec(Unknown Source)
[04Aug2026 16:11:17.905] [Worker-ResourceReload-8/INFO] [STDERR/]: [java.lang.Throwable:printStackTrace:-1]: 	at java.base/java.util.concurrent.ForkJoinPool.scan(Unknown Source)
[04Aug2026 16:11:17.906] [Worker-ResourceReload-8/INFO] [STDERR/]: [java.lang.Throwable:printStackTrace:-1]: 	at java.base/java.util.concurrent.ForkJoinPool.runWorker(Unknown Source)
[04Aug2026 16:11:17.906] [Worker-ResourceReload-8/INFO] [STDERR/]: [java.lang.Throwable:printStackTrace:-1]: 	at java.base/java.util.concurrent.ForkJoinWorkerThread.run(Unknown Source)
[04Aug2026 16:11:17.907] [Worker-ResourceReload-11/INFO] [STDERR/]: [java.lang.Throwable:printStackTrace:-1]: Geckolib.CompoundException: Unable to parse animation: idle
	-> Failed to parse expression '-'
		-> Unable to parse compiled symbols from expression: [Left[-]]
[04Aug2026 16:11:17.910] [Worker-ResourceReload-11/INFO] [STDERR/]: [java.lang.Throwable:printStackTrace:-1]: 	at TRANSFORMER/geckolib@4.8.4/software.bernie.geckolib.loading.math.MathParser.parseSymbols(MathParser.java:392)
[04Aug2026 16:11:17.911] [Worker-ResourceReload-11/INFO] [STDERR/]: [java.lang.Throwable:printStackTrace:-1]: 	at TRANSFORMER/geckolib@4.8.4/software.bernie.geckolib.loading.math.MathParser.compileExpression(MathParser.java:209)
[04Aug2026 16:11:17.912] [Worker-ResourceReload-11/INFO] [STDERR/]: [java.lang.Throwable:printStackTrace:-1]: 	at TRANSFORMER/geckolib@4.8.4/software.bernie.geckolib.loading.math.MathParser.compileMolang(MathParser.java:201)
[04Aug2026 16:11:17.912] [Worker-ResourceReload-11/INFO] [STDERR/]: [java.lang.Throwable:printStackTrace:-1]: 	at TRANSFORMER/geckolib@4.8.4/software.bernie.geckolib.loading.math.MathParser.parseJson(MathParser.java:163)
[04Aug2026 16:11:17.914] [Worker-ResourceReload-11/INFO] [STDERR/]: [java.lang.Throwable:printStackTrace:-1]: 	at TRANSFORMER/geckolib@4.8.4/software.bernie.geckolib.loading.json.typeadapter.BakedAnimationsAdapter.buildKeyframeStack(BakedAnimationsAdapter.java:203)
[04Aug2026 16:11:17.915] [Worker-ResourceReload-11/INFO] [STDERR/]: [java.lang.Throwable:printStackTrace:-1]: 	at TRANSFORMER/geckolib@4.8.4/software.bernie.geckolib.loading.json.typeadapter.BakedAnimationsAdapter.bakeBoneAnimations(BakedAnimationsAdapter.java:78)
[04Aug2026 16:11:17.917] [Worker-ResourceReload-11/INFO] [STDERR/]: [java.lang.Throwable:printStackTrace:-1]: 	at TRANSFORMER/geckolib@4.8.4/software.bernie.geckolib.loading.json.typeadapter.BakedAnimationsAdapter.bakeAnimation(BakedAnimationsAdapter.java:61)
[04Aug2026 16:11:17.918] [Worker-ResourceReload-11/INFO] [STDERR/]: [java.lang.Throwable:printStackTrace:-1]: 	at TRANSFORMER/geckolib@4.8.4/software.bernie.geckolib.loading.json.typeadapter.BakedAnimationsAdapter.deserialize(BakedAnimationsAdapter.java:41)
[04Aug2026 16:11:17.919] [Worker-ResourceReload-11/INFO] [STDERR/]: [java.lang.Throwable:printStackTrace:-1]: 	at TRANSFORMER/geckolib@4.8.4/software.bernie.geckolib.loading.json.typeadapter.BakedAnimationsAdapter.deserialize(BakedAnimationsAdapter.java:31)
[04Aug2026 16:11:17.920] [Worker-ResourceReload-11/INFO] [STDERR/]: [java.lang.Throwable:printStackTrace:-1]: 	at MC-BOOTSTRAP/com.google.gson@2.10.1/com.google.gson.internal.bind.TreeTypeAdapter.read(TreeTypeAdapter.java:76)
[04Aug2026 16:11:17.921] [Worker-ResourceReload-11/INFO] [STDERR/]: [java.lang.Throwable:printStackTrace:-1]: 	at MC-BOOTSTRAP/com.google.gson@2.10.1/com.google.gson.Gson.fromJson(Gson.java:1227)
[04Aug2026 16:11:17.923] [Worker-ResourceReload-11/INFO] [STDERR/]: [java.lang.Throwable:printStackTrace:-1]: 	at MC-BOOTSTRAP/com.google.gson@2.10.1/com.google.gson.Gson.fromJson(Gson.java:1329)
[04Aug2026 16:11:17.925] [Worker-ResourceReload-11/INFO] [STDERR/]: [java.lang.Throwable:printStackTrace:-1]: 	at MC-BOOTSTRAP/com.google.gson@2.10.1/com.google.gson.Gson.fromJson(Gson.java:1271)
[04Aug2026 16:11:17.926] [Worker-ResourceReload-11/INFO] [STDERR/]: [java.lang.Throwable:printStackTrace:-1]: 	at TRANSFORMER/geckolib@4.8.4/software.bernie.geckolib.loading.FileLoader.loadAnimationsFile(FileLoader.java:36)
[04Aug2026 16:11:17.927] [Worker-ResourceReload-11/INFO] [STDERR/]: [java.lang.Throwable:printStackTrace:-1]: 	at TRANSFORMER/geckolib@4.8.4/software.bernie.geckolib.cache.GeckoLibCache.lambda$loadAnimations$2(GeckoLibCache.java:79)
[04Aug2026 16:11:17.928] [Worker-ResourceReload-11/INFO] [STDERR/]: [java.lang.Throwable:printStackTrace:-1]: 	at TRANSFORMER/geckolib@4.8.4/software.bernie.geckolib.cache.GeckoLibCache.lambda$loadResources$8(GeckoLibCache.java:121)
[04Aug2026 16:11:17.929] [Worker-ResourceReload-11/INFO] [STDERR/]: [java.lang.Throwable:printStackTrace:-1]: 	at java.base/java.util.concurrent.CompletableFuture$AsyncSupply.run(Unknown Source)
[04Aug2026 16:11:17.930] [Worker-ResourceReload-11/INFO] [STDERR/]: [java.lang.Throwable:printStackTrace:-1]: 	at java.base/java.util.concurrent.CompletableFuture$AsyncSupply.exec(Unknown Source)
[04Aug2026 16:11:17.931] [Worker-ResourceReload-11/INFO] [STDERR/]: [java.lang.Throwable:printStackTrace:-1]: 	at java.base/java.util.concurrent.ForkJoinTask.doExec(Unknown Source)
[04Aug2026 16:11:17.932] [Worker-ResourceReload-11/INFO] [STDERR/]: [java.lang.Throwable:printStackTrace:-1]: 	at java.base/java.util.concurrent.ForkJoinPool$WorkQueue.topLevelExec(Unknown Source)
[04Aug2026 16:11:17.933] [Worker-ResourceReload-11/INFO] [STDERR/]: [java.lang.Throwable:printStackTrace:-1]: 	at java.base/java.util.concurrent.ForkJoinPool.scan(Unknown Source)
[04Aug2026 16:11:17.933] [Worker-ResourceReload-11/INFO] [STDERR/]: [java.lang.Throwable:printStackTrace:-1]: 	at java.base/java.util.concurrent.ForkJoinPool.runWorker(Unknown Source)
[04Aug2026 16:11:17.934] [Worker-ResourceReload-11/INFO] [STDERR/]: [java.lang.Throwable:printStackTrace:-1]: 	at java.base/java.util.concurrent.ForkJoinWorkerThread.run(Unknown Source)
[04Aug2026 16:11:17.940] [Worker-ResourceReload-2/WARN] [GeckoLib/]: Found animation file with improper file name format; animation files should end in .animation.json: 'irons_spellbooks:animations/root_animations.json'
[04Aug2026 16:11:17.942] [Worker-ResourceReload-12/ERROR] [GeckoLib/]: Unable to parse animation: attack
	-> Failed to parse expression '-'
		-> Unable to parse compiled symbols from expression: [Left[-]]
[04Aug2026 16:11:17.943] [Worker-ResourceReload-2/WARN] [GeckoLib/]: Found animation file with improper file name format; animation files should end in .animation.json: 'irons_spellbooks:animations/spectral_hammer.json'
[04Aug2026 16:11:17.944] [Worker-ResourceReload-11/WARN] [GeckoLib/]: Found animation file with improper file name format; animation files should end in .animation.json: 'irons_spellbooks:animations/summoned_weapon_animations.json'
[04Aug2026 16:11:17.944] [Worker-ResourceReload-12/INFO] [STDERR/]: [java.lang.Throwable:printStackTrace:-1]: Geckolib.CompoundException: Unable to parse animation: attack
	-> Failed to parse expression '-'
		-> Unable to parse compiled symbols from expression: [Left[-]]
[04Aug2026 16:11:17.945] [Worker-ResourceReload-12/INFO] [STDERR/]: [java.lang.Throwable:printStackTrace:-1]: 	at TRANSFORMER/geckolib@4.8.4/software.bernie.geckolib.loading.math.MathParser.parseSymbols(MathParser.java:392)
[04Aug2026 16:11:17.946] [Worker-ResourceReload-12/INFO] [STDERR/]: [java.lang.Throwable:printStackTrace:-1]: 	at TRANSFORMER/geckolib@4.8.4/software.bernie.geckolib.loading.math.MathParser.compileExpression(MathParser.java:209)
[04Aug2026 16:11:17.946] [Worker-ResourceReload-9/WARN] [GeckoLib/]: Found animation file with improper file name format; animation files should end in .animation.json: 'irons_spellbooks:animations/void_tentacle_animations.json'
[04Aug2026 16:11:17.947] [Worker-ResourceReload-12/INFO] [STDERR/]: [java.lang.Throwable:printStackTrace:-1]: 	at TRANSFORMER/geckolib@4.8.4/software.bernie.geckolib.loading.math.MathParser.compileMolang(MathParser.java:201)
[04Aug2026 16:11:17.947] [Worker-ResourceReload-11/WARN] [GeckoLib/]: Found animation file with improper file name format; animation files should end in .animation.json: 'irons_lib:animations/wizard_armor_animation.json'
[04Aug2026 16:11:17.947] [Worker-ResourceReload-11/WARN] [GeckoLib/]: Found animation file with improper file name format; animation files should end in .animation.json: 'irons_spellbooks:animations/wizard_armor_animation.json'
[04Aug2026 16:11:17.948] [Worker-ResourceReload-12/INFO] [STDERR/]: [java.lang.Throwable:printStackTrace:-1]: 	at TRANSFORMER/geckolib@4.8.4/software.bernie.geckolib.loading.math.MathParser.parseJson(MathParser.java:163)
[04Aug2026 16:11:17.948] [Worker-ResourceReload-12/INFO] [STDERR/]: [java.lang.Throwable:printStackTrace:-1]: 	at TRANSFORMER/geckolib@4.8.4/software.bernie.geckolib.loading.json.typeadapter.BakedAnimationsAdapter.buildKeyframeStack(BakedAnimationsAdapter.java:202)
[04Aug2026 16:11:17.950] [Worker-ResourceReload-12/INFO] [STDERR/]: [java.lang.Throwable:printStackTrace:-1]: 	at TRANSFORMER/geckolib@4.8.4/software.bernie.geckolib.loading.json.typeadapter.BakedAnimationsAdapter.bakeBoneAnimations(BakedAnimationsAdapter.java:78)
[04Aug2026 16:11:17.950] [Worker-ResourceReload-12/INFO] [STDERR/]: [java.lang.Throwable:printStackTrace:-1]: 	at TRANSFORMER/geckolib@4.8.4/software.bernie.geckolib.loading.json.typeadapter.BakedAnimationsAdapter.bakeAnimation(BakedAnimationsAdapter.java:61)
[04Aug2026 16:11:17.952] [Worker-ResourceReload-12/INFO] [STDERR/]: [java.lang.Throwable:printStackTrace:-1]: 	at TRANSFORMER/geckolib@4.8.4/software.bernie.geckolib.loading.json.typeadapter.BakedAnimationsAdapter.deserialize(BakedAnimationsAdapter.java:41)
[04Aug2026 16:11:17.952] [Worker-ResourceReload-12/INFO] [STDERR/]: [java.lang.Throwable:printStackTrace:-1]: 	at TRANSFORMER/geckolib@4.8.4/software.bernie.geckolib.loading.json.typeadapter.BakedAnimationsAdapter.deserialize(BakedAnimationsAdapter.java:31)
[04Aug2026 16:11:17.953] [Worker-ResourceReload-12/INFO] [STDERR/]: [java.lang.Throwable:printStackTrace:-1]: 	at MC-BOOTSTRAP/com.google.gson@2.10.1/com.google.gson.internal.bind.TreeTypeAdapter.read(TreeTypeAdapter.java:76)
[04Aug2026 16:11:17.953] [Worker-ResourceReload-12/INFO] [STDERR/]: [java.lang.Throwable:printStackTrace:-1]: 	at MC-BOOTSTRAP/com.google.gson@2.10.1/com.google.gson.Gson.fromJson(Gson.java:1227)
[04Aug2026 16:11:17.954] [Worker-ResourceReload-12/INFO] [STDERR/]: [java.lang.Throwable:printStackTrace:-1]: 	at MC-BOOTSTRAP/com.google.gson@2.10.1/com.google.gson.Gson.fromJson(Gson.java:1329)
[04Aug2026 16:11:17.954] [Worker-ResourceReload-12/INFO] [STDERR/]: [java.lang.Throwable:printStackTrace:-1]: 	at MC-BOOTSTRAP/com.google.gson@2.10.1/com.google.gson.Gson.fromJson(Gson.java:1271)
[04Aug2026 16:11:17.955] [Worker-ResourceReload-12/INFO] [STDERR/]: [java.lang.Throwable:printStackTrace:-1]: 	at TRANSFORMER/geckolib@4.8.4/software.bernie.geckolib.loading.FileLoader.loadAnimationsFile(FileLoader.java:36)
[04Aug2026 16:11:17.956] [Worker-ResourceReload-12/INFO] [STDERR/]: [java.lang.Throwable:printStackTrace:-1]: 	at TRANSFORMER/geckolib@4.8.4/software.bernie.geckolib.cache.GeckoLibCache.lambda$loadAnimations$2(GeckoLibCache.java:79)
[04Aug2026 16:11:17.956] [Worker-ResourceReload-12/INFO] [STDERR/]: [java.lang.Throwable:printStackTrace:-1]: 	at TRANSFORMER/geckolib@4.8.4/software.bernie.geckolib.cache.GeckoLibCache.lambda$loadResources$8(GeckoLibCache.java:121)
[04Aug2026 16:11:17.957] [Worker-ResourceReload-12/INFO] [STDERR/]: [java.lang.Throwable:printStackTrace:-1]: 	at java.base/java.util.concurrent.CompletableFuture$AsyncSupply.run(Unknown Source)
[04Aug2026 16:11:17.960] [Worker-ResourceReload-12/INFO] [STDERR/]: [java.lang.Throwable:printStackTrace:-1]: 	at java.base/java.util.concurrent.CompletableFuture$AsyncSupply.exec(Unknown Source)
[04Aug2026 16:11:17.960] [Worker-ResourceReload-12/INFO] [STDERR/]: [java.lang.Throwable:printStackTrace:-1]: 	at java.base/java.util.concurrent.ForkJoinTask.doExec(Unknown Source)
[04Aug2026 16:11:17.964] [Worker-ResourceReload-12/INFO] [STDERR/]: [java.lang.Throwable:printStackTrace:-1]: 	at java.base/java.util.concurrent.ForkJoinPool$WorkQueue.topLevelExec(Unknown Source)
[04Aug2026 16:11:17.966] [Worker-ResourceReload-12/INFO] [STDERR/]: [java.lang.Throwable:printStackTrace:-1]: 	at java.base/java.util.concurrent.ForkJoinPool.scan(Unknown Source)
[04Aug2026 16:11:17.968] [Worker-ResourceReload-12/INFO] [STDERR/]: [java.lang.Throwable:printStackTrace:-1]: 	at java.base/java.util.concurrent.ForkJoinPool.runWorker(Unknown Source)
[04Aug2026 16:11:17.969] [Worker-ResourceReload-12/INFO] [STDERR/]: [java.lang.Throwable:printStackTrace:-1]: 	at java.base/java.util.concurrent.ForkJoinWorkerThread.run(Unknown Source)
[04Aug2026 16:11:18.215] [Worker-ResourceReload-0/INFO] [net.minecraft.client.gui.font.providers.UnihexProvider/]: Found unifont_all_no_pua-15.1.05.hex, loading
[04Aug2026 16:11:18.314] [NeoForge Version Check/INFO] [net.neoforged.fml.VersionChecker/]: [corpse] Found status: BETA Current: 1.21.1-1.1.13 Target: 1.21.1-1.1.13
[04Aug2026 16:11:18.314] [NeoForge Version Check/INFO] [net.neoforged.fml.VersionChecker/]: [mcwtrpdoors] Starting version check at https://raw.githubusercontent.com/sketchmacaw/macawsmods/master/trapdoors.json
[04Aug2026 16:11:18.327] [NeoForge Version Check/INFO] [net.neoforged.fml.VersionChecker/]: [mcwtrpdoors] Found status: UP_TO_DATE Current: 1.1.5 Target: null
[04Aug2026 16:11:18.327] [NeoForge Version Check/INFO] [net.neoforged.fml.VersionChecker/]: [searchables] Starting version check at https://updates.blamejared.com/get?n=searchables&gv=1.21.1&ml=neoforge
[04Aug2026 16:11:18.425] [Worker-ResourceReload-1/WARN] [net.minecraft.client.renderer.texture.SpriteContents/]: Invalid frame index on sprite born_in_chaos_v1:dimanim frame 1: 1
[04Aug2026 16:11:18.425] [Worker-ResourceReload-1/WARN] [net.minecraft.client.renderer.texture.SpriteContents/]: Invalid frame index on sprite born_in_chaos_v1:dimanim frame 2: 2
[04Aug2026 16:11:18.426] [Worker-ResourceReload-1/WARN] [net.minecraft.client.renderer.texture.SpriteContents/]: Invalid frame index on sprite born_in_chaos_v1:dimanim frame 3: 3
[04Aug2026 16:11:18.426] [Worker-ResourceReload-1/WARN] [net.minecraft.client.renderer.texture.SpriteContents/]: Invalid frame index on sprite born_in_chaos_v1:dimanim frame 4: 4
[04Aug2026 16:11:18.426] [Worker-ResourceReload-1/WARN] [net.minecraft.client.renderer.texture.SpriteContents/]: Invalid frame index on sprite born_in_chaos_v1:dimanim frame 5: 5
[04Aug2026 16:11:18.426] [Worker-ResourceReload-1/WARN] [net.minecraft.client.renderer.texture.SpriteContents/]: Invalid frame index on sprite born_in_chaos_v1:dimanim frame 6: 6
[04Aug2026 16:11:18.512] [Worker-ResourceReload-4/WARN] [net.minecraft.client.renderer.texture.atlas.sources.SingleFile/]: Missing sprite: bits_n_bobs:textures/blocks/nixie_board/text_atlas.png
[04Aug2026 16:11:18.601] [Worker-ResourceReload-2/INFO] [net.minecraft.client.gui.font.providers.UnihexProvider/]: Found unifont_jp_patch-15.1.05.hex, loading
[04Aug2026 16:11:18.886] [NeoForge Version Check/INFO] [net.neoforged.fml.VersionChecker/]: [searchables] Found status: BETA Current: 1.0.2 Target: 1.0.2
[04Aug2026 16:11:18.886] [NeoForge Version Check/INFO] [net.neoforged.fml.VersionChecker/]: [mcwroofs] Starting version check at https://raw.githubusercontent.com/sketchmacaw/macawsmods/master/roofs.json
[04Aug2026 16:11:18.905] [NeoForge Version Check/INFO] [net.neoforged.fml.VersionChecker/]: [mcwroofs] Found status: UP_TO_DATE Current: 2.3.2 Target: null
[04Aug2026 16:11:18.905] [NeoForge Version Check/INFO] [net.neoforged.fml.VersionChecker/]: [mcwfurnitures] Starting version check at https://raw.githubusercontent.com/sketchmacaw/macawsmods/master/furniture.json
[04Aug2026 16:11:18.912] [Render thread/INFO] [Supplementaries/]: Finished mod setup in: [3, 1, 10, 0, 0, 0] ms
[04Aug2026 16:11:18.931] [Render thread/WARN] [io.redspace.ironslib.IronsLib/]: Skipping attribute remap irons_lib:armor_pierce -> apothic_attributes:armor_pierce (missing registry entry)
[04Aug2026 16:11:18.931] [Render thread/WARN] [io.redspace.ironslib.IronsLib/]: Skipping attribute remap irons_lib:armor_pierce -> apothic_attributes:armor_pierce (missing registry entry)
[04Aug2026 16:11:18.931] [Render thread/WARN] [io.redspace.ironslib.IronsLib/]: Skipping attribute remap irons_lib:mining_speed -> apothic_attributes:mining_speed (missing registry entry)
[04Aug2026 16:11:18.931] [Render thread/WARN] [io.redspace.ironslib.IronsLib/]: Skipping attribute remap irons_lib:armor_pierce -> apothic_attributes:armor_pierce (missing registry entry)
[04Aug2026 16:11:18.931] [Render thread/WARN] [io.redspace.ironslib.IronsLib/]: Skipping attribute remap irons_lib:mining_speed -> apothic_attributes:mining_speed (missing registry entry)
[04Aug2026 16:11:18.931] [Render thread/WARN] [io.redspace.ironslib.IronsLib/]: Skipping attribute remap irons_lib:experience_gained -> apothic_attributes:experience_gained (missing registry entry)
[04Aug2026 16:11:18.931] [Render thread/WARN] [io.redspace.ironslib.IronsLib/]: Skipping attribute remap irons_lib:armor_pierce -> apothic_attributes:armor_pierce (missing registry entry)
[04Aug2026 16:11:18.931] [Render thread/WARN] [io.redspace.ironslib.IronsLib/]: Skipping attribute remap irons_lib:mining_speed -> apothic_attributes:mining_speed (missing registry entry)
[04Aug2026 16:11:18.931] [Render thread/WARN] [io.redspace.ironslib.IronsLib/]: Skipping attribute remap irons_lib:experience_gained -> apothic_attributes:experience_gained (missing registry entry)
[04Aug2026 16:11:18.931] [Render thread/WARN] [io.redspace.ironslib.IronsLib/]: Skipping attribute remap irons_lib:arrow_damage -> apothic_attributes:arrow_damage (missing registry entry)
[04Aug2026 16:11:18.931] [Render thread/WARN] [io.redspace.ironslib.IronsLib/]: Skipping attribute remap irons_lib:armor_pierce -> apothic_attributes:armor_pierce (missing registry entry)
[04Aug2026 16:11:18.931] [Render thread/WARN] [io.redspace.ironslib.IronsLib/]: Skipping attribute remap irons_lib:mining_speed -> apothic_attributes:mining_speed (missing registry entry)
[04Aug2026 16:11:18.931] [Render thread/WARN] [io.redspace.ironslib.IronsLib/]: Skipping attribute remap irons_lib:experience_gained -> apothic_attributes:experience_gained (missing registry entry)
[04Aug2026 16:11:18.931] [Render thread/WARN] [io.redspace.ironslib.IronsLib/]: Skipping attribute remap irons_lib:arrow_damage -> apothic_attributes:arrow_damage (missing registry entry)
[04Aug2026 16:11:18.931] [Render thread/WARN] [io.redspace.ironslib.IronsLib/]: Skipping attribute remap irons_lib:crit_damage -> apothic_attributes:crit_damage (missing registry entry)
[04Aug2026 16:11:18.931] [Render thread/WARN] [io.redspace.ironslib.IronsLib/]: Skipping attribute remap irons_lib:armor_pierce -> apothic_attributes:armor_pierce (missing registry entry)
[04Aug2026 16:11:18.931] [Render thread/WARN] [io.redspace.ironslib.IronsLib/]: Skipping attribute remap irons_lib:mining_speed -> apothic_attributes:mining_speed (missing registry entry)
[04Aug2026 16:11:18.932] [Render thread/WARN] [io.redspace.ironslib.IronsLib/]: Skipping attribute remap irons_lib:experience_gained -> apothic_attributes:experience_gained (missing registry entry)
[04Aug2026 16:11:18.932] [Render thread/WARN] [io.redspace.ironslib.IronsLib/]: Skipping attribute remap irons_lib:arrow_damage -> apothic_attributes:arrow_damage (missing registry entry)
[04Aug2026 16:11:18.932] [Render thread/WARN] [io.redspace.ironslib.IronsLib/]: Skipping attribute remap irons_lib:crit_damage -> apothic_attributes:crit_damage (missing registry entry)
[04Aug2026 16:11:18.932] [Render thread/WARN] [io.redspace.ironslib.IronsLib/]: Skipping attribute remap irons_lib:dodge_chance -> apothic_attributes:dodge_chance (missing registry entry)
[04Aug2026 16:11:18.934] [NeoForge Version Check/INFO] [net.neoforged.fml.VersionChecker/]: [mcwfurnitures] Found status: UP_TO_DATE Current: 3.4.1 Target: null
[04Aug2026 16:11:18.934] [NeoForge Version Check/INFO] [net.neoforged.fml.VersionChecker/]: [mcwlights] Starting version check at https://raw.githubusercontent.com/sketchmacaw/macawsmods/master/lights.json
[04Aug2026 16:11:18.940] [Render thread/INFO] [terrablender/]: Registered region minecraft:overworld to index 0 for type OVERWORLD
[04Aug2026 16:11:18.940] [Render thread/INFO] [terrablender/]: Registered region minecraft:nether to index 0 for type NETHER
[04Aug2026 16:11:18.940] [Render thread/INFO] [terrablender/]: Registered region biomesoplenty:overworld_primary to index 1 for type OVERWORLD
[04Aug2026 16:11:18.941] [Render thread/INFO] [terrablender/]: Registered region biomesoplenty:overworld_secondary to index 2 for type OVERWORLD
[04Aug2026 16:11:18.941] [Render thread/INFO] [terrablender/]: Registered region biomesoplenty:overworld_rare to index 3 for type OVERWORLD
[04Aug2026 16:11:18.941] [Render thread/INFO] [terrablender/]: Registered region biomesoplenty:nether_common to index 1 for type NETHER
[04Aug2026 16:11:18.941] [Render thread/INFO] [terrablender/]: Registered region biomesoplenty:nether_rare to index 2 for type NETHER
[04Aug2026 16:11:18.952] [NeoForge Version Check/INFO] [net.neoforged.fml.VersionChecker/]: [mcwlights] Found status: UP_TO_DATE Current: 1.1.5 Target: null
[04Aug2026 16:11:18.952] [NeoForge Version Check/INFO] [net.neoforged.fml.VersionChecker/]: [mcwpaths] Starting version check at https://raw.githubusercontent.com/sketchmacaw/macawsmods/master/paths.json
[04Aug2026 16:11:18.965] [NeoForge Version Check/INFO] [net.neoforged.fml.VersionChecker/]: [mcwpaths] Found status: UP_TO_DATE Current: 1.1.1 Target: null
[04Aug2026 16:11:18.965] [NeoForge Version Check/INFO] [net.neoforged.fml.VersionChecker/]: [voicechat] Starting version check at https://update.maxhenkel.de/neoforge/voicechat
[04Aug2026 16:11:19.105] [Worker-ResourceReload-4/WARN] [net.minecraft.client.renderer.texture.SpriteContents/]: Unused frames in sprite irons_spellbooks:item/upgrade_orb_ender: [1, 5, 6, 7]
[04Aug2026 16:11:19.120] [Render thread/INFO] [zeta/]: Common setup: Performing initial refresh of zeta's config on thread 'Render thread'
[04Aug2026 16:11:19.121] [Render thread/INFO] [zeta/]: 'zeta' is enabling Zeta's piston structure resolver.
[04Aug2026 16:11:19.123] [Render thread/INFO] [zeta/]: zeta's config is now ready to accept filewatcher changes
[04Aug2026 16:11:19.133] [NeoForge Version Check/INFO] [net.neoforged.fml.VersionChecker/]: [voicechat] Found status: OUTDATED Current: 1.21.1-2.6.20 Target: 1.21.1-2.6.21
[04Aug2026 16:11:19.133] [NeoForge Version Check/INFO] [net.neoforged.fml.VersionChecker/]: [sound_physics_remastered] Starting version check at https://update.maxhenkel.de/neoforge/sound_physics_remastered
[04Aug2026 16:11:19.157] [Render thread/INFO] [quark-zeta/]: Common setup: Performing initial refresh of quark's config on thread 'Render thread'
[04Aug2026 16:11:19.228] [Render thread/INFO] [quark-zeta/]: quark's config is now ready to accept filewatcher changes
[04Aug2026 16:11:19.324] [NeoForge Version Check/INFO] [net.neoforged.fml.VersionChecker/]: [sound_physics_remastered] Found status: BETA Current: 1.21.1-1.5.1 Target: 1.21.1-1.5.1
[04Aug2026 16:11:19.325] [NeoForge Version Check/INFO] [net.neoforged.fml.VersionChecker/]: [createoreexcavation] Starting version check at https://raw.githubusercontent.com/tom5454/Create-Ore-Excavation/main/version-check.json
[04Aug2026 16:11:19.340] [NeoForge Version Check/INFO] [net.neoforged.fml.VersionChecker/]: [createoreexcavation] Found status: BETA Current: 1.6.8 Target: 1.6.8
[04Aug2026 16:11:19.340] [NeoForge Version Check/INFO] [net.neoforged.fml.VersionChecker/]: [mcwdoors] Starting version check at https://raw.githubusercontent.com/sketchmacaw/macawsmods/master/doors.json
[04Aug2026 16:11:19.354] [NeoForge Version Check/INFO] [net.neoforged.fml.VersionChecker/]: [mcwdoors] Found status: AHEAD Current: 1.1.5 Target: null
[04Aug2026 16:11:19.354] [NeoForge Version Check/INFO] [net.neoforged.fml.VersionChecker/]: [create_connected] Starting version check at https://raw.githubusercontent.com/hlysine/create_connected/main/update.json
[04Aug2026 16:11:19.377] [NeoForge Version Check/INFO] [net.neoforged.fml.VersionChecker/]: [create_connected] Found status: OUTDATED Current: 1.3.1-mc1.21.1 Target: 1.3.2-mc1.21.1
[04Aug2026 16:11:19.377] [NeoForge Version Check/INFO] [net.neoforged.fml.VersionChecker/]: [chipped] Starting version check at https://api.modrinth.com/updates/BAscRYKm/forge_updates.json
[04Aug2026 16:11:19.463] [Render thread/INFO] [Every Compat/]: Every Compat has loaded 37 modules: [candlelight, chipped(6), handcrafted(2), rechiseled(3), quark(3), mcwbridges(2), mcwfences(2), mcwwindows(2), mcwroofs(2), mcwstairs(2), mcwpaths(2), create(2), decorative_blocks, farmersdelight, mcwdoors, mcwfurnitures, mcwlights, mcwtrpdoors, dramaticdoors(2)]
[04Aug2026 16:11:19.463] [Render thread/WARN] [Every Compat/]: Chipped is installed. The mod on its own adds a ludicrous amount of blocks. With Every Compat this can easily explode. You have been warned
[04Aug2026 16:11:19.464] [Render thread/WARN] [Every Compat/]: Registered 16340 compat blocks making up 40.18% of total blocks registered
[04Aug2026 16:11:19.465] [Render thread/INFO] [Every Compat/]: Registered 16340 compat blocks making up 40.18% of total blocks registered
[04Aug2026 16:11:19.465] [Render thread/ERROR] [Every Compat/]: Every Compat registered blocks make up more than one third of your registered blocks, taking up memory and load time.
[04Aug2026 16:11:19.465] [Render thread/ERROR] [Every Compat/]: You might want to uninstall some mods, biggest offender was CHIPPED (2019 blocks)
[04Aug2026 16:11:19.580] [NeoForge Version Check/INFO] [net.neoforged.fml.VersionChecker/]: [chipped] Found status: BETA Current: 4.0.2 Target: null
[04Aug2026 16:11:19.580] [NeoForge Version Check/INFO] [net.neoforged.fml.VersionChecker/]: [mcwbridges] Starting version check at https://raw.githubusercontent.com/sketchmacaw/macawsmods/master/bridges.json
[04Aug2026 16:11:19.599] [NeoForge Version Check/INFO] [net.neoforged.fml.VersionChecker/]: [mcwbridges] Found status: AHEAD Current: 3.1.2 Target: null
[04Aug2026 16:11:19.599] [NeoForge Version Check/INFO] [net.neoforged.fml.VersionChecker/]: [mcwfences] Starting version check at https://raw.githubusercontent.com/sketchmacaw/macawsmods/master/fences.json
[04Aug2026 16:11:19.650] [NeoForge Version Check/INFO] [net.neoforged.fml.VersionChecker/]: [mcwfences] Found status: UP_TO_DATE Current: 1.2.1 Target: null
[04Aug2026 16:11:19.650] [NeoForge Version Check/INFO] [net.neoforged.fml.VersionChecker/]: [copycats] Starting version check at https://raw.githubusercontent.com/copycats-plus/copycats/multiloader/update.json
[04Aug2026 16:11:19.674] [NeoForge Version Check/INFO] [net.neoforged.fml.VersionChecker/]: [copycats] Found status: AHEAD Current: 3.0.4+mc.1.21.1-neoforge Target: null
[04Aug2026 16:11:19.674] [NeoForge Version Check/INFO] [net.neoforged.fml.VersionChecker/]: [create] Starting version check at https://api.modrinth.com/updates/create/forge_updates.json?neoforge=only
[04Aug2026 16:11:19.749] [Render thread/INFO] [Moonlight/]: Initialized color sets in 275ms
[04Aug2026 16:11:19.758] [Render thread/ERROR] [Moonlight/]: Fabric API detected! This is not a Fabric mod, so please don't report related issues to MoonlightLib or its dependent(s). This can usually happen when using Connector, or when using a mod that does NOT have a native Neoforge implementation. This can easily lead to poor compatibility and other bizarre issues. Proceed at your own risk. 
 Mods that bundle Fabric API: [forgified-fabric-api-0.116.7+2.2.4+1.21.1.jar]
[04Aug2026 16:11:19.782] [Render thread/INFO] [dev.rew1nd.sableschematicapi.SableSchematicApi/]: Registered Create blueprint compatibility mappers
[04Aug2026 16:11:19.787] [Render thread/INFO] [dev.rew1nd.sableschematicapi.SableSchematicApi/]: Registered Simulated Project blueprint compatibility mappers
[04Aug2026 16:11:19.790] [Render thread/INFO] [dev.rew1nd.sableschematicapi.SableSchematicApi/]: Registered Create Aeronautics blueprint compatibility events
[04Aug2026 16:11:19.791] [Render thread/INFO] [dev.rew1nd.sableschematicapi.SableSchematicApi/]: Registered Copycats+ blueprint survival cost compatibility
[04Aug2026 16:11:19.792] [Render thread/INFO] [dev.rew1nd.sableschematicapi.SableSchematicApi/]: Registered Create Aeronautics: Transmission & Linkage blueprint compatibility mappers
[04Aug2026 16:11:19.846] [NeoForge Version Check/INFO] [net.neoforged.fml.VersionChecker/]: [create] Found status: OUTDATED Current: 6.0.10 Target: 6.0.10+mc1.21.1
[04Aug2026 16:11:19.846] [NeoForge Version Check/INFO] [net.neoforged.fml.VersionChecker/]: [sliceanddice] Starting version check at https://api.modrinth.com/updates/slice-and-dice/forge_updates.json?neoforge=only
[04Aug2026 16:11:19.955] [Render thread/INFO] [Framework/SYNCED_ENTITY_DATA]: Registered synced data key scguns:aiming for minecraft:player
[04Aug2026 16:11:19.956] [Render thread/INFO] [Framework/SYNCED_ENTITY_DATA]: Registered synced data key scguns:reloading for minecraft:player
[04Aug2026 16:11:19.956] [Render thread/INFO] [Framework/SYNCED_ENTITY_DATA]: Registered synced data key scguns:shooting for minecraft:player
[04Aug2026 16:11:19.956] [Render thread/INFO] [Framework/SYNCED_ENTITY_DATA]: Registered synced data key scguns:burstcount for minecraft:player
[04Aug2026 16:11:19.956] [Render thread/INFO] [Framework/SYNCED_ENTITY_DATA]: Registered synced data key scguns:onburstcooldown for minecraft:player
[04Aug2026 16:11:19.956] [Render thread/INFO] [Framework/SYNCED_ENTITY_DATA]: Registered synced data key scguns:melee for minecraft:player
[04Aug2026 16:11:19.961] [Worker-ResourceReload-4/WARN] [net.minecraft.client.renderer.texture.SpriteContents/]: Unused frames in sprite irons_spellbooks:item/energized_core_energy: [11]
[04Aug2026 16:11:20.044] [NeoForge Version Check/INFO] [net.neoforged.fml.VersionChecker/]: [sliceanddice] Found status: OUTDATED Current: 4.2.4 Target: 4.3.3
[04Aug2026 16:11:20.044] [NeoForge Version Check/INFO] [net.neoforged.fml.VersionChecker/]: [mcwpaintings] Starting version check at https://raw.githubusercontent.com/sketchmacaw/macawsmods/master/paintings.json
[04Aug2026 16:11:20.071] [Worker-ResourceReload-2/INFO] [com.asger.mechtrowel.MechTrowel/]: Initializing MechTrowel client
[04Aug2026 16:11:20.075] [NeoForge Version Check/INFO] [net.neoforged.fml.VersionChecker/]: [mcwpaintings] Found status: AHEAD Current: 1.1.0 Target: null
[04Aug2026 16:11:20.075] [NeoForge Version Check/INFO] [net.neoforged.fml.VersionChecker/]: [immersiveengineering] Starting version check at https://raw.githubusercontent.com/BluSunrize/ImmersiveEngineering/1.21.1/changelog.json
[04Aug2026 16:11:20.099] [NeoForge Version Check/INFO] [net.neoforged.fml.VersionChecker/]: [immersiveengineering] Found status: AHEAD Current: 12.4.2-194 Target: null
[04Aug2026 16:11:20.099] [NeoForge Version Check/INFO] [net.neoforged.fml.VersionChecker/]: [immersiveposts] Starting version check at https://raw.githubusercontent.com/TwistedGate/ImmersivePosts/master/change.json
[04Aug2026 16:11:20.117] [Worker-ResourceReload-10/INFO] [Sodium/]: Block croptopia:almond_crop had its color provider replaced with com.epherical.croptopia.client.ClientFunctions$$Lambda/0x000001adeab65000@737d3da1 and will not use per-vertex coloring
[04Aug2026 16:11:20.117] [Worker-ResourceReload-10/INFO] [Sodium/]: Block croptopia:apple_crop had its color provider replaced with com.epherical.croptopia.client.ClientFunctions$$Lambda/0x000001adeab65000@737d3da1 and will not use per-vertex coloring
[04Aug2026 16:11:20.117] [Worker-ResourceReload-10/INFO] [Sodium/]: Block croptopia:apricot_crop had its color provider replaced with com.epherical.croptopia.client.ClientFunctions$$Lambda/0x000001adeab65000@737d3da1 and will not use per-vertex coloring
[04Aug2026 16:11:20.117] [Worker-ResourceReload-10/INFO] [Sodium/]: Block croptopia:avocado_crop had its color provider replaced with com.epherical.croptopia.client.ClientFunctions$$Lambda/0x000001adeab65000@737d3da1 and will not use per-vertex coloring
[04Aug2026 16:11:20.117] [Worker-ResourceReload-10/INFO] [Sodium/]: Block croptopia:banana_crop had its color provider replaced with com.epherical.croptopia.client.ClientFunctions$$Lambda/0x000001adeab65000@737d3da1 and will not use per-vertex coloring
[04Aug2026 16:11:20.117] [Worker-ResourceReload-10/INFO] [Sodium/]: Block croptopia:cashew_crop had its color provider replaced with com.epherical.croptopia.client.ClientFunctions$$Lambda/0x000001adeab65000@737d3da1 and will not use per-vertex coloring
[04Aug2026 16:11:20.117] [Worker-ResourceReload-10/INFO] [Sodium/]: Block croptopia:cherry_crop had its color provider replaced with com.epherical.croptopia.client.ClientFunctions$$Lambda/0x000001adeab65000@737d3da1 and will not use per-vertex coloring
[04Aug2026 16:11:20.117] [Worker-ResourceReload-10/INFO] [Sodium/]: Block croptopia:coconut_crop had its color provider replaced with com.epherical.croptopia.client.ClientFunctions$$Lambda/0x000001adeab65000@737d3da1 and will not use per-vertex coloring
[04Aug2026 16:11:20.117] [Worker-ResourceReload-10/INFO] [Sodium/]: Block croptopia:date_crop had its color provider replaced with com.epherical.croptopia.client.ClientFunctions$$Lambda/0x000001adeab65000@737d3da1 and will not use per-vertex coloring
[04Aug2026 16:11:20.117] [Worker-ResourceReload-10/INFO] [Sodium/]: Block croptopia:dragonfruit_crop had its color provider replaced with com.epherical.croptopia.client.ClientFunctions$$Lambda/0x000001adeab65000@737d3da1 and will not use per-vertex coloring
[04Aug2026 16:11:20.117] [Worker-ResourceReload-10/INFO] [Sodium/]: Block croptopia:fig_crop had its color provider replaced with com.epherical.croptopia.client.ClientFunctions$$Lambda/0x000001adeab65000@737d3da1 and will not use per-vertex coloring
[04Aug2026 16:11:20.117] [Worker-ResourceReload-10/INFO] [Sodium/]: Block croptopia:grapefruit_crop had its color provider replaced with com.epherical.croptopia.client.ClientFunctions$$Lambda/0x000001adeab65000@737d3da1 and will not use per-vertex coloring
[04Aug2026 16:11:20.117] [Worker-ResourceReload-10/INFO] [Sodium/]: Block croptopia:kumquat_crop had its color provider replaced with com.epherical.croptopia.client.ClientFunctions$$Lambda/0x000001adeab65000@737d3da1 and will not use per-vertex coloring
[04Aug2026 16:11:20.117] [Worker-ResourceReload-10/INFO] [Sodium/]: Block croptopia:lemon_crop had its color provider replaced with com.epherical.croptopia.client.ClientFunctions$$Lambda/0x000001adeab65000@737d3da1 and will not use per-vertex coloring
[04Aug2026 16:11:20.117] [Worker-ResourceReload-10/INFO] [Sodium/]: Block croptopia:lime_crop had its color provider replaced with com.epherical.croptopia.client.ClientFunctions$$Lambda/0x000001adeab65000@737d3da1 and will not use per-vertex coloring
[04Aug2026 16:11:20.117] [Worker-ResourceReload-10/INFO] [Sodium/]: Block croptopia:mango_crop had its color provider replaced with com.epherical.croptopia.client.ClientFunctions$$Lambda/0x000001adeab65000@737d3da1 and will not use per-vertex coloring
[04Aug2026 16:11:20.117] [Worker-ResourceReload-10/INFO] [Sodium/]: Block croptopia:nectarine_crop had its color provider replaced with com.epherical.croptopia.client.ClientFunctions$$Lambda/0x000001adeab65000@737d3da1 and will not use per-vertex coloring
[04Aug2026 16:11:20.117] [Worker-ResourceReload-10/INFO] [Sodium/]: Block croptopia:nutmeg_crop had its color provider replaced with com.epherical.croptopia.client.ClientFunctions$$Lambda/0x000001adeab65000@737d3da1 and will not use per-vertex coloring
[04Aug2026 16:11:20.117] [Worker-ResourceReload-10/INFO] [Sodium/]: Block croptopia:orange_crop had its color provider replaced with com.epherical.croptopia.client.ClientFunctions$$Lambda/0x000001adeab65000@737d3da1 and will not use per-vertex coloring
[04Aug2026 16:11:20.117] [Worker-ResourceReload-10/INFO] [Sodium/]: Block croptopia:peach_crop had its color provider replaced with com.epherical.croptopia.client.ClientFunctions$$Lambda/0x000001adeab65000@737d3da1 and will not use per-vertex coloring
[04Aug2026 16:11:20.117] [Worker-ResourceReload-10/INFO] [Sodium/]: Block croptopia:pear_crop had its color provider replaced with com.epherical.croptopia.client.ClientFunctions$$Lambda/0x000001adeab65000@737d3da1 and will not use per-vertex coloring
[04Aug2026 16:11:20.117] [Worker-ResourceReload-10/INFO] [Sodium/]: Block croptopia:pecan_crop had its color provider replaced with com.epherical.croptopia.client.ClientFunctions$$Lambda/0x000001adeab65000@737d3da1 and will not use per-vertex coloring
[04Aug2026 16:11:20.118] [Worker-ResourceReload-10/INFO] [Sodium/]: Block croptopia:persimmon_crop had its color provider replaced with com.epherical.croptopia.client.ClientFunctions$$Lambda/0x000001adeab65000@737d3da1 and will not use per-vertex coloring
[04Aug2026 16:11:20.118] [Worker-ResourceReload-10/INFO] [Sodium/]: Block croptopia:plum_crop had its color provider replaced with com.epherical.croptopia.client.ClientFunctions$$Lambda/0x000001adeab65000@737d3da1 and will not use per-vertex coloring
[04Aug2026 16:11:20.118] [Worker-ResourceReload-10/INFO] [Sodium/]: Block croptopia:starfruit_crop had its color provider replaced with com.epherical.croptopia.client.ClientFunctions$$Lambda/0x000001adeab65000@737d3da1 and will not use per-vertex coloring
[04Aug2026 16:11:20.118] [Worker-ResourceReload-10/INFO] [Sodium/]: Block croptopia:walnut_crop had its color provider replaced with com.epherical.croptopia.client.ClientFunctions$$Lambda/0x000001adeab65000@737d3da1 and will not use per-vertex coloring
[04Aug2026 16:11:20.118] [Worker-ResourceReload-10/INFO] [Sodium/]: Block croptopia:cinnamon_leaves had its color provider replaced with com.epherical.croptopia.client.ClientFunctions$$Lambda/0x000001adeab65000@737d3da1 and will not use per-vertex coloring
[04Aug2026 16:11:20.135] [NeoForge Version Check/INFO] [net.neoforged.fml.VersionChecker/]: [immersiveposts] Found status: UP_TO_DATE Current: 4.3.1-16 Target: null
[04Aug2026 16:11:20.135] [NeoForge Version Check/INFO] [net.neoforged.fml.VersionChecker/]: [createaddoncompatibility] Starting version check at https://api.modrinth.com/updates/QgrK9rtJ/forge_updates.json
[04Aug2026 16:11:20.144] [Worker-ResourceReload-8/INFO] [WhiteNoise/]: Registering config screens for mod betterdays with 2 config(s)
[04Aug2026 16:11:20.149] [Worker-ResourceReload-8/INFO] [WhiteNoise/]: Registering config screens for mod whitenoise with 1 config(s)
[04Aug2026 16:11:20.153] [Worker-ResourceReload-0/INFO] [xaero.minimap.XaeroMinimap/]: Loading Xaero's Minimap - Stage 1/2
[04Aug2026 16:11:20.204] [Worker-ResourceReload-7/INFO] [xaero.map.WorldMap/]: Loading Xaero's World Map - Stage 1/2
[04Aug2026 16:11:20.211] [Worker-ResourceReload-5/INFO] [sodiumdynamiclights/]: [LambDynLights] Initializing SodiumDynamicLights...
[04Aug2026 16:11:20.212] [Worker-ResourceReload-5/ERROR] [ModernFix/]: A mod is calling registerReloadListener at the wrong time. This will cause random concurrency crashes when ModernFix is not installed. Please report this to them. If you are a modder, refer to https://github.com/embeddedt/ModernFix/wiki/registerReloadListener-called-on-wrong-thread for more information.
java.lang.Exception: registerReloadListener called on wrong thread
	at TRANSFORMER/minecraft@1.21.1/net.minecraft.server.packs.resources.ReloadableResourceManager.wrapMethod$zmn000$modernfix$checkCallingThread(ReloadableResourceManager.java:536) ~[client-1.21.1-20240808.144430-srg.jar%23365!/:?]
	at TRANSFORMER/minecraft@1.21.1/net.minecraft.server.packs.resources.ReloadableResourceManager.registerReloadListener(ReloadableResourceManager.java) ~[client-1.21.1-20240808.144430-srg.jar%23365!/:?]
	at TRANSFORMER/sodiumdynamiclights@1.0.9/toni.sodiumdynamiclights.SodiumDynamicLights.registerClient(SodiumDynamicLights.java:245) ~[sodiumdynamiclights-neoforge-1.0.10-1.21.1.jar%23521!/:?]
	at TRANSFORMER/sodiumdynamiclights@1.0.9/toni.sodiumdynamiclights.SodiumDynamicLights.registerReloadListener(SodiumDynamicLights.java:240) ~[sodiumdynamiclights-neoforge-1.0.10-1.21.1.jar%23521!/:?]
	at TRANSFORMER/sodiumdynamiclights@1.0.9/toni.sodiumdynamiclights.SodiumDynamicLights.onInitializeClient(SodiumDynamicLights.java:212) ~[sodiumdynamiclights-neoforge-1.0.10-1.21.1.jar%23521!/:?]
	at TRANSFORMER/sodiumdynamiclights@1.0.9/toni.sodiumdynamiclights.SodiumDynamicLights.clientSetup(SodiumDynamicLights.java:231) ~[sodiumdynamiclights-neoforge-1.0.10-1.21.1.jar%23521!/:?]
	at MC-BOOTSTRAP/net.neoforged.bus/net.neoforged.bus.ConsumerEventHandler.invoke(ConsumerEventHandler.java:27) ~[bus-8.0.5.jar%23110!/:?]
	at MC-BOOTSTRAP/net.neoforged.bus/net.neoforged.bus.EventBus.post(EventBus.java:360) ~[bus-8.0.5.jar%23110!/:?]
	at MC-BOOTSTRAP/net.neoforged.bus/net.neoforged.bus.EventBus.post(EventBus.java:328) ~[bus-8.0.5.jar%23110!/:?]
	at MC-BOOTSTRAP/fml_loader@4.0.42/net.neoforged.fml.ModContainer.acceptEvent(ModContainer.java:158) ~[loader-4.0.42.jar%23107!/:4.0]
	at MC-BOOTSTRAP/fml_loader@4.0.42/net.neoforged.fml.ModLoader.lambda$dispatchParallelEvent$4(ModLoader.java:172) ~[loader-4.0.42.jar%23107!/:4.0]
	at MC-BOOTSTRAP/fml_loader@4.0.42/net.neoforged.fml.ModLoader.lambda$dispatchParallelTask$7(ModLoader.java:231) ~[loader-4.0.42.jar%23107!/:4.0]
	at java.base/java.util.concurrent.CompletableFuture.uniHandle(Unknown Source) [?:?]
	at java.base/java.util.concurrent.CompletableFuture$UniHandle.tryFire(Unknown Source) [?:?]
	at java.base/java.util.concurrent.CompletableFuture$Completion.exec(Unknown Source) [?:?]
	at java.base/java.util.concurrent.ForkJoinTask.doExec(Unknown Source) [?:?]
	at java.base/java.util.concurrent.ForkJoinPool$WorkQueue.topLevelExec(Unknown Source) [?:?]
	at java.base/java.util.concurrent.ForkJoinPool.scan(Unknown Source) [?:?]
	at java.base/java.util.concurrent.ForkJoinPool.runWorker(Unknown Source) [?:?]
	at java.base/java.util.concurrent.ForkJoinWorkerThread.run(Unknown Source) [?:?]
[04Aug2026 16:11:20.220] [NeoForge Version Check/INFO] [net.neoforged.fml.VersionChecker/]: [createaddoncompatibility] Found status: BETA Current: 1.0.0 Target: null
[04Aug2026 16:11:20.274] [Worker-ResourceReload-8/INFO] [xaero.lib.XaeroLib/]: Loading XaeroLib client 1/2!
[04Aug2026 16:11:20.310] [Worker-ResourceReload-11/INFO] [voicechat/]: [voicechat] Initializing Opus
[04Aug2026 16:11:20.333] [Worker-ResourceReload-5/INFO] [DistantHorizons-DistantHorizons-com.seibel.distanthorizons.common.AbstractModInitializer_neoforge/]: Initializing Distant Horizons client, firing DhApiBeforeDhInitEvent...
[04Aug2026 16:11:20.351] [Worker-ResourceReload-11/INFO] [voicechat/]: [voicechat] Successfully initialized Opus
[04Aug2026 16:11:20.352] [Worker-ResourceReload-11/INFO] [voicechat/]: [voicechat] Initializing RNNoise
[04Aug2026 16:11:20.363] [Worker-ResourceReload-5/INFO] [DistantHorizons-DistantHorizons-com.seibel.distanthorizons.core.Initializer/]: Running library validation...
[04Aug2026 16:11:20.380] [Worker-ResourceReload-11/INFO] [voicechat/]: [voicechat] Successfully initialized RNNoise
[04Aug2026 16:11:20.388] [Worker-ResourceReload-11/INFO] [voicechat/]: [voicechat] Initializing Speex
[04Aug2026 16:11:20.399] [Worker-ResourceReload-2/WARN] [net.minecraft.client.renderer.texture.SpriteLoader/]: Texture tfmg:block/diagonal_cable_block with size 24x24 limits mip level from 4 to 3
[04Aug2026 16:11:20.399] [Worker-ResourceReload-2/WARN] [net.minecraft.client.renderer.texture.SpriteLoader/]: Texture scguns:item/aureous_slag with size 16x15 limits mip level from 3 to 0
[04Aug2026 16:11:20.410] [Worker-ResourceReload-11/INFO] [voicechat/]: [voicechat] Successfully initialized Speex
[04Aug2026 16:11:20.414] [Worker-ResourceReload-11/INFO] [voicechat/]: [voicechat] Initializing LAME
[04Aug2026 16:11:24.513] [Worker-ResourceReload-11/INFO] [voicechat/]: [voicechat] Successfully initialized LAME
[04Aug2026 16:11:24.536] [Worker-ResourceReload-11/INFO] [Sound Physics - General/]: Reloading reverb parameters
[04Aug2026 16:11:24.588] [ForkJoinPool.commonPool-worker-15/INFO] [Figura/]: Fetching backend resources...
[04Aug2026 16:11:24.613] [Worker-ResourceReload-11/INFO] [Sound Physics - General/]: Unknown sound in sound rate config: farmersdelight:block.cutting_board.knife
[04Aug2026 16:11:24.615] [Worker-ResourceReload-11/INFO] [Sound Physics - General/]: Unknown sound in sound rate config: farmersdelight:block.tomato_bush.pick_tomatoes
[04Aug2026 16:11:24.616] [Worker-ResourceReload-11/INFO] [Sound Physics - General/]: Unknown sound in sound rate config: create_sa:cogs_sound
[04Aug2026 16:11:24.616] [Worker-ResourceReload-11/INFO] [Sound Physics - General/]: Unknown sound in sound rate config: ntgl:effects.disintegrate
[04Aug2026 16:11:24.616] [Worker-ResourceReload-11/INFO] [Sound Physics - General/]: Unknown sound in sound rate config: ntgl:effects.gore
[04Aug2026 16:11:24.618] [Worker-ResourceReload-11/INFO] [Sound Physics - General/]: Unknown sound in sound rate config: ntgl:entity.stun_grenade.explosion
[04Aug2026 16:11:24.619] [Worker-ResourceReload-11/INFO] [Sound Physics - General/]: Unknown sound in sound rate config: ntgl:entity.stun_grenade.ring
[04Aug2026 16:11:24.620] [Worker-ResourceReload-11/INFO] [Sound Physics - General/]: Unknown sound in sound rate config: dndesires:fluid_hatch
[04Aug2026 16:11:24.620] [Worker-ResourceReload-11/INFO] [Sound Physics - General/]: Unknown sound in sound rate config: dndesires:fluid_hatch_compounded_1
[04Aug2026 16:11:24.620] [Worker-ResourceReload-11/INFO] [Sound Physics - General/]: Unknown sound in sound rate config: cgs:gun.flintlock.ammo_in
[04Aug2026 16:11:24.620] [Worker-ResourceReload-11/INFO] [Sound Physics - General/]: Unknown sound in sound rate config: cgs:gun.flintlock.cock
[04Aug2026 16:11:24.620] [Worker-ResourceReload-11/INFO] [Sound Physics - General/]: Unknown sound in sound rate config: cgs:gun.flintlock.fire
[04Aug2026 16:11:24.620] [Worker-ResourceReload-11/INFO] [Sound Physics - General/]: Unknown sound in sound rate config: cgs:gun.flintlock.ramrod
[04Aug2026 16:11:24.620] [Worker-ResourceReload-11/INFO] [Sound Physics - General/]: Unknown sound in sound rate config: cgs:gun.flintlock.reload
[04Aug2026 16:11:24.620] [Worker-ResourceReload-11/INFO] [Sound Physics - General/]: Unknown sound in sound rate config: cgs:gun.gatling.fire
[04Aug2026 16:11:24.620] [Worker-ResourceReload-11/INFO] [Sound Physics - General/]: Unknown sound in sound rate config: cgs:gun.gatling.reload_mag_in
[04Aug2026 16:11:24.620] [Worker-ResourceReload-11/INFO] [Sound Physics - General/]: Unknown sound in sound rate config: cgs:gun.gatling.reload_mag_out
[04Aug2026 16:11:24.620] [Worker-ResourceReload-11/INFO] [Sound Physics - General/]: Unknown sound in sound rate config: cgs:gun.grenade.pin
[04Aug2026 16:11:24.620] [Worker-ResourceReload-11/INFO] [Sound Physics - General/]: Unknown sound in sound rate config: cgs:gun.grenade.throw
[04Aug2026 16:11:24.620] [Worker-ResourceReload-11/INFO] [Sound Physics - General/]: Unknown sound in sound rate config: cgs:gun.hammer.boltclose
[04Aug2026 16:11:24.620] [Worker-ResourceReload-11/INFO] [Sound Physics - General/]: Unknown sound in sound rate config: cgs:gun.hammer.boltopen
[04Aug2026 16:11:24.620] [Worker-ResourceReload-11/INFO] [Sound Physics - General/]: Unknown sound in sound rate config: cgs:gun.hammer.equip
[04Aug2026 16:11:24.620] [Worker-ResourceReload-11/INFO] [Sound Physics - General/]: Unknown sound in sound rate config: cgs:gun.hammer.magin
[04Aug2026 16:11:24.620] [Worker-ResourceReload-11/INFO] [Sound Physics - General/]: Unknown sound in sound rate config: cgs:gun.hammer.magout
[04Aug2026 16:11:24.620] [Worker-ResourceReload-11/INFO] [Sound Physics - General/]: Unknown sound in sound rate config: cgs:gun.hammer.reload
[04Aug2026 16:11:24.620] [Worker-ResourceReload-11/INFO] [Sound Physics - General/]: Unknown sound in sound rate config: cgs:gun.hammer.shot
[04Aug2026 16:11:24.620] [Worker-ResourceReload-11/INFO] [Sound Physics - General/]: Unknown sound in sound rate config: cgs:gun.launcher.ballista_fire
[04Aug2026 16:11:24.620] [Worker-ResourceReload-11/INFO] [Sound Physics - General/]: Unknown sound in sound rate config: cgs:gun.launcher.boltopen
[04Aug2026 16:11:24.620] [Worker-ResourceReload-11/INFO] [Sound Physics - General/]: Unknown sound in sound rate config: cgs:gun.launcher.equip
[04Aug2026 16:11:24.620] [Worker-ResourceReload-11/INFO] [Sound Physics - General/]: Unknown sound in sound rate config: cgs:gun.launcher.fire
[04Aug2026 16:11:24.620] [Worker-ResourceReload-11/INFO] [Sound Physics - General/]: Unknown sound in sound rate config: cgs:gun.launcher.magin
[04Aug2026 16:11:24.620] [Worker-ResourceReload-11/INFO] [Sound Physics - General/]: Unknown sound in sound rate config: cgs:gun.launcher.magin_mini
[04Aug2026 16:11:24.620] [Worker-ResourceReload-11/INFO] [Sound Physics - General/]: Unknown sound in sound rate config: cgs:gun.launcher.magout
[04Aug2026 16:11:24.620] [Worker-ResourceReload-11/INFO] [Sound Physics - General/]: Unknown sound in sound rate config: cgs:gun.launcher.magout_mini
[04Aug2026 16:11:24.620] [Worker-ResourceReload-11/INFO] [Sound Physics - General/]: Unknown sound in sound rate config: cgs:gun.nailgun.fire
[04Aug2026 16:11:24.620] [Worker-ResourceReload-11/INFO] [Sound Physics - General/]: Unknown sound in sound rate config: cgs:gun.nailgun.fire_steam
[04Aug2026 16:11:24.621] [Worker-ResourceReload-11/INFO] [Sound Physics - General/]: Unknown sound in sound rate config: cgs:gun.nailgun.mag_in
[04Aug2026 16:11:24.621] [Worker-ResourceReload-11/INFO] [Sound Physics - General/]: Unknown sound in sound rate config: cgs:gun.nailgun.mag_out
[04Aug2026 16:11:24.621] [Worker-ResourceReload-11/INFO] [Sound Physics - General/]: Unknown sound in sound rate config: cgs:gun.revolver.chamber_close
[04Aug2026 16:11:24.621] [Worker-ResourceReload-11/INFO] [Sound Physics - General/]: Unknown sound in sound rate config: cgs:gun.revolver.chamber_open
[04Aug2026 16:11:24.621] [Worker-ResourceReload-11/INFO] [Sound Physics - General/]: Unknown sound in sound rate config: cgs:gun.revolver.fire
[04Aug2026 16:11:24.621] [Worker-ResourceReload-11/INFO] [Sound Physics - General/]: Unknown sound in sound rate config: cgs:gun.revolver.rounds_in
[04Aug2026 16:11:24.621] [Worker-ResourceReload-11/INFO] [Sound Physics - General/]: Unknown sound in sound rate config: cgs:gun.revolver.rounds_out
[04Aug2026 16:11:24.621] [Worker-ResourceReload-11/INFO] [Sound Physics - General/]: Unknown sound in sound rate config: cgs:gun.shotgun.close
[04Aug2026 16:11:24.621] [Worker-ResourceReload-11/INFO] [Sound Physics - General/]: Unknown sound in sound rate config: cgs:gun.shotgun.fire
[04Aug2026 16:11:24.621] [Worker-ResourceReload-11/INFO] [Sound Physics - General/]: Unknown sound in sound rate config: cgs:gun.shotgun.lever
[04Aug2026 16:11:24.621] [Worker-ResourceReload-11/INFO] [Sound Physics - General/]: Unknown sound in sound rate config: cgs:gun.shotgun.open
[04Aug2026 16:11:24.621] [Worker-ResourceReload-11/INFO] [Sound Physics - General/]: Unknown sound in sound rate config: cgs:gun.shotgun.round_in
[04Aug2026 16:11:24.621] [Worker-ResourceReload-11/INFO] [Sound Physics - General/]: Unknown sound in sound rate config: ntgl:item.assault_rifle.cock
[04Aug2026 16:11:24.621] [Worker-ResourceReload-11/INFO] [Sound Physics - General/]: Unknown sound in sound rate config: ntgl:item.assault_rifle.enchanted_fire
[04Aug2026 16:11:24.621] [Worker-ResourceReload-11/INFO] [Sound Physics - General/]: Unknown sound in sound rate config: ntgl:item.assault_rifle.fire
[04Aug2026 16:11:24.621] [Worker-ResourceReload-11/INFO] [Sound Physics - General/]: Unknown sound in sound rate config: ntgl:item.assault_rifle.silenced_fire
[04Aug2026 16:11:24.621] [Worker-ResourceReload-11/INFO] [Sound Physics - General/]: Unknown sound in sound rate config: ntgl:item.bazooka.fire
[04Aug2026 16:11:24.621] [Worker-ResourceReload-11/INFO] [Sound Physics - General/]: Unknown sound in sound rate config: ntgl:item.fatman.fire
[04Aug2026 16:11:24.621] [Worker-ResourceReload-11/INFO] [Sound Physics - General/]: Unknown sound in sound rate config: ntgl:item.fatman.reload
[04Aug2026 16:11:24.621] [Worker-ResourceReload-11/INFO] [Sound Physics - General/]: Unknown sound in sound rate config: ntgl:item.grenade.pin
[04Aug2026 16:11:24.621] [Worker-ResourceReload-11/INFO] [Sound Physics - General/]: Unknown sound in sound rate config: ntgl:item.grenade_launcher.fire
[04Aug2026 16:11:24.621] [Worker-ResourceReload-11/INFO] [Sound Physics - General/]: Unknown sound in sound rate config: ntgl:item.heavy_rifle.cock
[04Aug2026 16:11:24.621] [Worker-ResourceReload-11/INFO] [Sound Physics - General/]: Unknown sound in sound rate config: ntgl:item.heavy_rifle.enchanted_fire
[04Aug2026 16:11:24.621] [Worker-ResourceReload-11/INFO] [Sound Physics - General/]: Unknown sound in sound rate config: ntgl:item.heavy_rifle.fire
[04Aug2026 16:11:24.621] [Worker-ResourceReload-11/INFO] [Sound Physics - General/]: Unknown sound in sound rate config: ntgl:item.heavy_rifle.silenced_fire
[04Aug2026 16:11:24.621] [Worker-ResourceReload-11/INFO] [Sound Physics - General/]: Unknown sound in sound rate config: ntgl:item.machine_pistol.enchanted_fire
[04Aug2026 16:11:24.621] [Worker-ResourceReload-11/INFO] [Sound Physics - General/]: Unknown sound in sound rate config: ntgl:item.machine_pistol.fire
[04Aug2026 16:11:24.621] [Worker-ResourceReload-11/INFO] [Sound Physics - General/]: Unknown sound in sound rate config: ntgl:item.machine_pistol.silenced_fire
[04Aug2026 16:11:24.621] [Worker-ResourceReload-11/INFO] [Sound Physics - General/]: Unknown sound in sound rate config: ntgl:item.mini_gun.enchanted_fire
[04Aug2026 16:11:24.621] [Worker-ResourceReload-11/INFO] [Sound Physics - General/]: Unknown sound in sound rate config: ntgl:item.mini_gun.fire
[04Aug2026 16:11:24.621] [Worker-ResourceReload-11/INFO] [Sound Physics - General/]: Unknown sound in sound rate config: ntgl:item.minigun.fire
[04Aug2026 16:11:24.621] [Worker-ResourceReload-11/INFO] [Sound Physics - General/]: Unknown sound in sound rate config: ntgl:item.pistol.cock
[04Aug2026 16:11:24.621] [Worker-ResourceReload-11/INFO] [Sound Physics - General/]: Unknown sound in sound rate config: ntgl:item.pistol.enchanted_fire
[04Aug2026 16:11:24.621] [Worker-ResourceReload-11/INFO] [Sound Physics - General/]: Unknown sound in sound rate config: ntgl:item.pistol.fire
[04Aug2026 16:11:24.621] [Worker-ResourceReload-11/INFO] [Sound Physics - General/]: Unknown sound in sound rate config: ntgl:item.pistol.reload
[04Aug2026 16:11:24.621] [Worker-ResourceReload-11/INFO] [Sound Physics - General/]: Unknown sound in sound rate config: ntgl:item.pistol.silenced_fire
[04Aug2026 16:11:24.621] [Worker-ResourceReload-11/INFO] [Sound Physics - General/]: Unknown sound in sound rate config: ntgl:item.pistol10mm.cock
[04Aug2026 16:11:24.621] [Worker-ResourceReload-11/INFO] [Sound Physics - General/]: Unknown sound in sound rate config: ntgl:item.pistol10mm.enchanted_fire
[04Aug2026 16:11:24.621] [Worker-ResourceReload-11/INFO] [Sound Physics - General/]: Unknown sound in sound rate config: ntgl:item.pistol10mm.fire
[04Aug2026 16:11:24.621] [Worker-ResourceReload-11/INFO] [Sound Physics - General/]: Unknown sound in sound rate config: ntgl:item.pistol10mm.reload
[04Aug2026 16:11:24.621] [Worker-ResourceReload-11/INFO] [Sound Physics - General/]: Unknown sound in sound rate config: ntgl:item.pistol10mm.silenced_fire
[04Aug2026 16:11:24.621] [Worker-ResourceReload-11/INFO] [Sound Physics - General/]: Unknown sound in sound rate config: ntgl:item.pistol38mm.cock
[04Aug2026 16:11:24.622] [Worker-ResourceReload-11/INFO] [Sound Physics - General/]: Unknown sound in sound rate config: ntgl:item.pistol38mm.enchanted_fire
[04Aug2026 16:11:24.622] [Worker-ResourceReload-11/INFO] [Sound Physics - General/]: Unknown sound in sound rate config: ntgl:item.pistol38mm.fire
[04Aug2026 16:11:24.622] [Worker-ResourceReload-11/INFO] [Sound Physics - General/]: Unknown sound in sound rate config: ntgl:item.pistol38mm.reload
[04Aug2026 16:11:24.622] [Worker-ResourceReload-11/INFO] [Sound Physics - General/]: Unknown sound in sound rate config: ntgl:item.pistol38mm.silenced_fire
[04Aug2026 16:11:24.622] [Worker-ResourceReload-11/INFO] [Sound Physics - General/]: Unknown sound in sound rate config: ntgl:item.pistol45mm.cock
[04Aug2026 16:11:24.622] [Worker-ResourceReload-11/INFO] [Sound Physics - General/]: Unknown sound in sound rate config: ntgl:item.pistol45mm.enchanted_fire
[04Aug2026 16:11:24.622] [Worker-ResourceReload-11/INFO] [Sound Physics - General/]: Unknown sound in sound rate config: ntgl:item.pistol45mm.fire
[04Aug2026 16:11:24.622] [Worker-ResourceReload-11/INFO] [Sound Physics - General/]: Unknown sound in sound rate config: ntgl:item.pistol45mm.reload
[04Aug2026 16:11:24.622] [Worker-ResourceReload-11/INFO] [Sound Physics - General/]: Unknown sound in sound rate config: ntgl:item.pistol45mm.silenced_fire
[04Aug2026 16:11:24.622] [Worker-ResourceReload-11/INFO] [Sound Physics - General/]: Unknown sound in sound rate config: ntgl:item.rifle.cock
[04Aug2026 16:11:24.622] [Worker-ResourceReload-11/INFO] [Sound Physics - General/]: Unknown sound in sound rate config: ntgl:item.rifle.enchanted_fire
[04Aug2026 16:11:24.622] [Worker-ResourceReload-11/INFO] [Sound Physics - General/]: Unknown sound in sound rate config: ntgl:item.rifle.fire
[04Aug2026 16:11:24.622] [Worker-ResourceReload-11/INFO] [Sound Physics - General/]: Unknown sound in sound rate config: ntgl:item.rifle.silenced_fire
[04Aug2026 16:11:24.622] [Worker-ResourceReload-11/INFO] [Sound Physics - General/]: Unknown sound in sound rate config: ntgl:item.shotgun.cock
[04Aug2026 16:11:24.622] [Worker-ResourceReload-11/INFO] [Sound Physics - General/]: Unknown sound in sound rate config: ntgl:item.shotgun.enchanted_fire
[04Aug2026 16:11:24.622] [Worker-ResourceReload-11/INFO] [Sound Physics - General/]: Unknown sound in sound rate config: ntgl:item.shotgun.fire
[04Aug2026 16:11:24.622] [Worker-ResourceReload-11/INFO] [Sound Physics - General/]: Unknown sound in sound rate config: ntgl:item.shotgun.silenced_fire
[04Aug2026 16:11:24.623] [Worker-ResourceReload-11/INFO] [Sound Physics - General/]: Unknown sound in sound rate config: create_sa:steam_noise
[04Aug2026 16:11:24.623] [Worker-ResourceReload-11/INFO] [Sound Physics - General/]: Unknown sound in sound rate config: createpropulsion:thruster_loop
[04Aug2026 16:11:24.623] [Worker-ResourceReload-11/INFO] [Sound Physics - General/]: Unknown sound in sound rate config: ntgl:ui.weapon.attach
[04Aug2026 16:11:24.668] [Worker-ResourceReload-8/WARN] [xaero.lib.XaeroLib/]: io exception while checking patreon: Online mod data expired! Date: Sat Aug 01 22:54:46 PDT 2026
[04Aug2026 16:11:24.775] [Worker-ResourceReload-5/INFO] [DistantHorizons-DistantHorizons-com.seibel.distanthorizons.common.AbstractModInitializer_neoforge/]: Distant Horizons, Version: 3.1.2-b
[04Aug2026 16:11:24.796] [Worker-ResourceReload-5/INFO] [DistantHorizons-DistantHorizons-com.seibel.distanthorizons.common.AbstractModInitializer_neoforge/]: Skipping mod compatibility accessor for: [optifine]
[04Aug2026 16:11:24.797] [Worker-ResourceReload-5/INFO] [DistantHorizons-DistantHorizons-com.seibel.distanthorizons.core.dependencyInjection.ModAccessorInjector/]: Registered mod compatibility accessor for: [c2me].
[04Aug2026 16:11:24.800] [Worker-ResourceReload-5/INFO] [DistantHorizons-DistantHorizons-com.seibel.distanthorizons.common.AbstractModInitializer_neoforge/]: Skipping mod compatibility accessor for: [immersive_portals_core]
[04Aug2026 16:11:24.801] [Worker-ResourceReload-5/INFO] [DistantHorizons-DistantHorizons-com.seibel.distanthorizons.core.dependencyInjection.ModAccessorInjector/]: Registered mod compatibility accessor for: [iris].
[04Aug2026 16:11:24.853] [Worker-ResourceReload-5/INFO] [DistantHorizons-DistantHorizons-com.seibel.distanthorizons.core.config.ConfigHandler/]: Initialising config for [DistantHorizons]
[04Aug2026 16:11:25.045] [Worker-ResourceReload-5/INFO] [DistantHorizons-DistantHorizons-com.seibel.distanthorizons.core.config.ConfigHandler/]: [DistantHorizons] Config initialised
[04Aug2026 16:11:25.054] [Worker-ResourceReload-5/INFO] [DistantHorizons-DistantHorizons-com.seibel.distanthorizons.core.config.eventHandlers.IgnoredDimensionCsvHandler/]: Dimension ignoring disabled, DH will render all dimensions.
[04Aug2026 16:11:25.055] [Worker-ResourceReload-5/INFO] [com.seibel.distanthorizons.core.logging.DhLogger/]: Applying config to loggers
[04Aug2026 16:11:25.066] [Worker-ResourceReload-5/WARN] [DistantHorizons-DistantHorizons-com.seibel.distanthorizons.common.AbstractModInitializer_neoforge/]: Partially Incompatible Distant Horizons mod detected: [Alex's Caves] may require some config changes in order to render Distant Horizons correctly.
[04Aug2026 16:11:25.067] [Worker-ResourceReload-5/INFO] [DistantHorizons-DistantHorizons-com.seibel.distanthorizons.core.Initializer/]: Garbage collectors: [G1 Young Generation, G1 Concurrent GC, G1 Old Generation]
[04Aug2026 16:11:25.067] [Worker-ResourceReload-5/WARN] [DistantHorizons-DistantHorizons-com.seibel.distanthorizons.core.Initializer/]: Distant Horizons: G1 Garbage collector detected.
This can cause FPS stuttering. 
It's recommended to use a concurrent garbage collector 
like ZGC (Java 21+) or Shenandoah (Java 8 through 17) 
for a smoother experience.
[04Aug2026 16:11:25.067] [Worker-ResourceReload-5/INFO] [DistantHorizons-DistantHorizons-com.seibel.distanthorizons.common.AbstractModInitializer_neoforge/]: Distant Horizons client Initialized.
[04Aug2026 16:11:25.068] [Worker-ResourceReload-5/INFO] [DistantHorizons-DistantHorizons-com.seibel.distanthorizons.common.AbstractModInitializer_neoforge/]: Running Delayed setup...
[04Aug2026 16:11:25.068] [Worker-ResourceReload-5/INFO] [DistantHorizons-DistantHorizons-com.seibel.distanthorizons.common.AbstractModInitializer_neoforge/]: Delayed setup complete, firing DhApiAfterDhInitEvent event...
[04Aug2026 16:11:25.068] [Worker-ResourceReload-5/INFO] [Iris/]: DH Ready, binding Iris event handlers...
[04Aug2026 16:11:25.086] [Worker-ResourceReload-5/INFO] [Iris/]: DH Iris events bound.
[04Aug2026 16:11:25.086] [Render thread/INFO] [Iris/]: Shaders are disabled because enableShaders is set to false in iris.properties
[04Aug2026 16:11:25.087] [DH-PostClientInit Thread/INFO] [DistantHorizons-DistantHorizons-com.seibel.distanthorizons.common.wrappers.DependencySetup_neoforge/]: Setting DH Rendering API to: [OPEN_GL]...
[04Aug2026 16:11:25.103] [DH-PostClientInit Thread/INFO] [DistantHorizons-DistantHorizons-com.seibel.distanthorizons.common.wrappers.DependencySetup_neoforge/]: DH Rendering successfully bound to: [OpenGL]...
[04Aug2026 16:11:25.357] [Render thread/INFO] [xaero.map.WorldMap/]: Loading Xaero's World Map - Stage 2/2
[04Aug2026 16:11:25.361] [Render thread/INFO] [xaero.map.WorldMap/]: New world map region cache hash code: 2029314199
[04Aug2026 16:11:25.529] [Worker-ResourceReload-13/ERROR] [net.minecraft.client.resources.model.ModelManager/]: Failed to load model trackwork:models/block/wheels.json
com.google.gson.JsonSyntaxException: Missing axis, expected to find a string
	at TRANSFORMER/minecraft@1.21.1/net.minecraft.util.GsonHelper.getAsString(GsonHelper.java:128) ~[client-1.21.1-20240808.144430-srg.jar%23365!/:?]
	at TRANSFORMER/minecraft@1.21.1/net.minecraft.client.renderer.block.model.BlockElement$Deserializer.getAxis(BlockElement.java:122) ~[client-1.21.1-20240808.144430-srg.jar%23365!/:?]
	at TRANSFORMER/minecraft@1.21.1/net.minecraft.client.renderer.block.model.BlockElement$Deserializer.getRotation(BlockElement.java:103) ~[client-1.21.1-20240808.144430-srg.jar%23365!/:?]
	at TRANSFORMER/minecraft@1.21.1/net.minecraft.client.renderer.block.model.BlockElement$Deserializer.deserialize(BlockElement.java:84) ~[client-1.21.1-20240808.144430-srg.jar%23365!/:?]
	at TRANSFORMER/minecraft@1.21.1/net.minecraft.client.renderer.block.model.BlockElement$Deserializer.deserialize(BlockElement.java:76) ~[client-1.21.1-20240808.144430-srg.jar%23365!/:?]
	at MC-BOOTSTRAP/com.google.gson@2.10.1/com.google.gson.internal.bind.TreeTypeAdapter.read(TreeTypeAdapter.java:76) ~[gson-2.10.1.jar%23142!/:?]
	at MC-BOOTSTRAP/com.google.gson@2.10.1/com.google.gson.Gson.fromJson(Gson.java:1227) ~[gson-2.10.1.jar%23142!/:?]
	at MC-BOOTSTRAP/com.google.gson@2.10.1/com.google.gson.Gson.fromJson(Gson.java:1329) ~[gson-2.10.1.jar%23142!/:?]
	at MC-BOOTSTRAP/com.google.gson@2.10.1/com.google.gson.Gson.fromJson(Gson.java:1300) ~[gson-2.10.1.jar%23142!/:?]
	at MC-BOOTSTRAP/com.google.gson@2.10.1/com.google.gson.internal.bind.TreeTypeAdapter$GsonContextImpl.deserialize(TreeTypeAdapter.java:179) ~[gson-2.10.1.jar%23142!/:?]
	at TRANSFORMER/minecraft@1.21.1/net.minecraft.client.renderer.block.model.BlockModel$Deserializer.getElements(BlockModel.java:409) ~[client-1.21.1-20240808.144430-srg.jar%23365!/:?]
	at TRANSFORMER/minecraft@1.21.1/net.minecraft.client.renderer.block.model.BlockModel$Deserializer.deserialize(BlockModel.java:338) ~[client-1.21.1-20240808.144430-srg.jar%23365!/:?]
	at TRANSFORMER/neoforge@21.1.234/net.neoforged.neoforge.client.model.ExtendedBlockModelDeserializer.deserialize(ExtendedBlockModelDeserializer.java:51) ~[neoforge-21.1.234-universal.jar%23366!/:?]
	at TRANSFORMER/neoforge@21.1.234/net.neoforged.neoforge.client.model.ExtendedBlockModelDeserializer.deserialize(ExtendedBlockModelDeserializer.java:37) ~[neoforge-21.1.234-universal.jar%23366!/:?]
	at MC-BOOTSTRAP/com.google.gson@2.10.1/com.google.gson.internal.bind.TreeTypeAdapter.read(TreeTypeAdapter.java:76) ~[gson-2.10.1.jar%23142!/:?]
	at TRANSFORMER/minecraft@1.21.1/net.minecraft.util.GsonHelper.fromNullableJson(GsonHelper.java:525) ~[client-1.21.1-20240808.144430-srg.jar%23365!/:?]
	at TRANSFORMER/minecraft@1.21.1/net.minecraft.util.GsonHelper.fromJson(GsonHelper.java:532) ~[client-1.21.1-20240808.144430-srg.jar%23365!/:?]
	at TRANSFORMER/minecraft@1.21.1/net.minecraft.util.GsonHelper.fromJson(GsonHelper.java:582) ~[client-1.21.1-20240808.144430-srg.jar%23365!/:?]
	at TRANSFORMER/minecraft@1.21.1/net.minecraft.client.renderer.block.model.BlockModel.fromStream(BlockModel.java:83) ~[client-1.21.1-20240808.144430-srg.jar%23365!/:?]
	at TRANSFORMER/minecraft@1.21.1/net.minecraft.client.resources.model.ModelManager.lambda$loadBlockModels$8(ModelManager.java:144) ~[client-1.21.1-20240808.144430-srg.jar%23365!/:?]
	at java.base/java.util.concurrent.CompletableFuture$AsyncSupply.run(Unknown Source) [?:?]
	at java.base/java.util.concurrent.CompletableFuture$AsyncSupply.exec(Unknown Source) [?:?]
	at java.base/java.util.concurrent.ForkJoinTask.doExec(Unknown Source) [?:?]
	at java.base/java.util.concurrent.ForkJoinPool$WorkQueue.topLevelExec(Unknown Source) [?:?]
	at java.base/java.util.concurrent.ForkJoinPool.scan(Unknown Source) [?:?]
	at java.base/java.util.concurrent.ForkJoinPool.runWorker(Unknown Source) [?:?]
	at java.base/java.util.concurrent.ForkJoinWorkerThread.run(Unknown Source) [?:?]
[04Aug2026 16:11:25.982] [Render thread/ERROR] [xaero.map.WorldMap/]: io exception while checking versions: Online mod data expired! Date: Sat Aug 01 22:54:46 PDT 2026
[04Aug2026 16:11:25.984] [Render thread/INFO] [xaero.map.WorldMap/]: Registered player tracker system: map_synced
[04Aug2026 16:11:25.989] [Render thread/INFO] [xaero.map.WorldMap/]: Xaero's WorldMap Mod: Xaero's minimap found!
[04Aug2026 16:11:26.001] [Render thread/INFO] [xaero.map.WorldMap/]: Registered player tracker system: minimap_synced
[04Aug2026 16:11:26.001] [Render thread/INFO] [xaero.map.WorldMap/]: No Optifine!
[04Aug2026 16:11:26.001] [Render thread/INFO] [xaero.map.WorldMap/]: Xaero's World Map: No Vivecraft!
[04Aug2026 16:11:26.002] [Render thread/INFO] [xaero.map.WorldMap/]: Xaero's World Map: Framed Blocks found!
[04Aug2026 16:11:26.002] [Render thread/INFO] [xaero.map.WorldMap/]: Xaero's World Map: Iris found!
[04Aug2026 16:11:26.038] [Render thread/INFO] [xaero.minimap.XaeroMinimap/]: Loading Xaero's Minimap - Stage 2/2
[04Aug2026 16:11:26.813] [Render thread/WARN] [xaero.hud.minimap.MinimapLogs/]: io exception while checking versions: Online mod data expired! Date: Sat Aug 01 22:54:46 PDT 2026
[04Aug2026 16:11:26.814] [Render thread/INFO] [xaero.hud.minimap.MinimapLogs/]: Registered player tracker system: minimap_synced
[04Aug2026 16:11:26.814] [Render thread/INFO] [xaero.hud.minimap.MinimapLogs/]: Xaero's Minimap: World Map found!
[04Aug2026 16:11:26.814] [Render thread/INFO] [xaero.hud.minimap.MinimapLogs/]: No Optifine!
[04Aug2026 16:11:26.814] [Render thread/INFO] [xaero.hud.minimap.MinimapLogs/]: Xaero's Minimap: No Vivecraft!
[04Aug2026 16:11:26.815] [Render thread/INFO] [xaero.hud.minimap.MinimapLogs/]: Xaero's Minimap: Framed Blocks found!
[04Aug2026 16:11:26.815] [Render thread/INFO] [xaero.hud.minimap.MinimapLogs/]: Xaero's Minimap: Iris found!
[04Aug2026 16:11:26.829] [Render thread/INFO] [dev.rew1nd.sableschematicapi.SableSchematicApi/]: Registered Create blueprint tool client compatibility
[04Aug2026 16:11:26.873] [Render thread/INFO] [xaero.lib.XaeroLib/]: Loading XaeroLib common 2/2!
[04Aug2026 16:11:26.873] [Render thread/INFO] [xaero.lib.XaeroLib/]: Loading XaeroLib client 2/2!
[04Aug2026 16:11:30.795] [Worker-ResourceReload-11/WARN] [net.minecraft.client.resources.model.BlockStateModelLoader/]: Exception loading blockstate definition: 'dndecor:blockstates/text_plate.json' missing model for variant: 'dndecor:text_plate#extended=true,face=wall,facing=north,waterlogged=false'
[04Aug2026 16:11:30.795] [Worker-ResourceReload-11/WARN] [net.minecraft.client.resources.model.BlockStateModelLoader/]: Exception loading blockstate definition: 'dndecor:blockstates/text_plate.json' missing model for variant: 'dndecor:text_plate#extended=false,face=floor,facing=south,waterlogged=false'
[04Aug2026 16:11:30.795] [Worker-ResourceReload-11/WARN] [net.minecraft.client.resources.model.BlockStateModelLoader/]: Exception loading blockstate definition: 'dndecor:blockstates/text_plate.json' missing model for variant: 'dndecor:text_plate#extended=true,face=floor,facing=south,waterlogged=false'
[04Aug2026 16:11:30.795] [Worker-ResourceReload-11/WARN] [net.minecraft.client.resources.model.BlockStateModelLoader/]: Exception loading blockstate definition: 'dndecor:blockstates/text_plate.json' missing model for variant: 'dndecor:text_plate#extended=false,face=wall,facing=south,waterlogged=true'
[04Aug2026 16:11:30.795] [Worker-ResourceReload-11/WARN] [net.minecraft.client.resources.model.BlockStateModelLoader/]: Exception loading blockstate definition: 'dndecor:blockstates/text_plate.json' missing model for variant: 'dndecor:text_plate#extended=false,face=wall,facing=west,waterlogged=false'
[04Aug2026 16:11:30.795] [Worker-ResourceReload-11/WARN] [net.minecraft.client.resources.model.BlockStateModelLoader/]: Exception loading blockstate definition: 'dndecor:blockstates/text_plate.json' missing model for variant: 'dndecor:text_plate#extended=true,face=wall,facing=west,waterlogged=false'
[04Aug2026 16:11:30.795] [Worker-ResourceReload-11/WARN] [net.minecraft.client.resources.model.BlockStateModelLoader/]: Exception loading blockstate definition: 'dndecor:blockstates/text_plate.json' missing model for variant: 'dndecor:text_plate#extended=false,face=floor,facing=east,waterlogged=false'
[04Aug2026 16:11:30.795] [Worker-ResourceReload-11/WARN] [net.minecraft.client.resources.model.BlockStateModelLoader/]: Exception loading blockstate definition: 'dndecor:blockstates/text_plate.json' missing model for variant: 'dndecor:text_plate#extended=true,face=wall,facing=east,waterlogged=true'
[04Aug2026 16:11:30.795] [Worker-ResourceReload-11/WARN] [net.minecraft.client.resources.model.BlockStateModelLoader/]: Exception loading blockstate definition: 'dndecor:blockstates/text_plate.json' missing model for variant: 'dndecor:text_plate#extended=true,face=wall,facing=east,waterlogged=false'
[04Aug2026 16:11:30.795] [Worker-ResourceReload-11/WARN] [net.minecraft.client.resources.model.BlockStateModelLoader/]: Exception loading blockstate definition: 'dndecor:blockstates/text_plate.json' missing model for variant: 'dndecor:text_plate#extended=true,face=ceiling,facing=east,waterlogged=false'
[04Aug2026 16:11:30.795] [Worker-ResourceReload-11/WARN] [net.minecraft.client.resources.model.BlockStateModelLoader/]: Exception loading blockstate definition: 'dndecor:blockstates/text_plate.json' missing model for variant: 'dndecor:text_plate#extended=true,face=wall,facing=north,waterlogged=true'
[04Aug2026 16:11:30.795] [Worker-ResourceReload-11/WARN] [net.minecraft.client.resources.model.BlockStateModelLoader/]: Exception loading blockstate definition: 'dndecor:blockstates/text_plate.json' missing model for variant: 'dndecor:text_plate#extended=true,face=floor,facing=east,waterlogged=false'
[04Aug2026 16:11:30.795] [Worker-ResourceReload-11/WARN] [net.minecraft.client.resources.model.BlockStateModelLoader/]: Exception loading blockstate definition: 'dndecor:blockstates/text_plate.json' missing model for variant: 'dndecor:text_plate#extended=true,face=floor,facing=west,waterlogged=false'
[04Aug2026 16:11:30.795] [Worker-ResourceReload-11/WARN] [net.minecraft.client.resources.model.BlockStateModelLoader/]: Exception loading blockstate definition: 'dndecor:blockstates/text_plate.json' missing model for variant: 'dndecor:text_plate#extended=false,face=floor,facing=north,waterlogged=true'
[04Aug2026 16:11:30.795] [Worker-ResourceReload-11/WARN] [net.minecraft.client.resources.model.BlockStateModelLoader/]: Exception loading blockstate definition: 'dndecor:blockstates/text_plate.json' missing model for variant: 'dndecor:text_plate#extended=true,face=wall,facing=south,waterlogged=true'
[04Aug2026 16:11:30.795] [Worker-ResourceReload-11/WARN] [net.minecraft.client.resources.model.BlockStateModelLoader/]: Exception loading blockstate definition: 'dndecor:blockstates/text_plate.json' missing model for variant: 'dndecor:text_plate#extended=false,face=wall,facing=north,waterlogged=false'
[04Aug2026 16:11:30.795] [Worker-ResourceReload-11/WARN] [net.minecraft.client.resources.model.BlockStateModelLoader/]: Exception loading blockstate definition: 'dndecor:blockstates/text_plate.json' missing model for variant: 'dndecor:text_plate#extended=true,face=wall,facing=south,waterlogged=false'
[04Aug2026 16:11:30.795] [Worker-ResourceReload-11/WARN] [net.minecraft.client.resources.model.BlockStateModelLoader/]: Exception loading blockstate definition: 'dndecor:blockstates/text_plate.json' missing model for variant: 'dndecor:text_plate#extended=false,face=ceiling,facing=west,waterlogged=false'
[04Aug2026 16:11:30.795] [Worker-ResourceReload-11/WARN] [net.minecraft.client.resources.model.BlockStateModelLoader/]: Exception loading blockstate definition: 'dndecor:blockstates/text_plate.json' missing model for variant: 'dndecor:text_plate#extended=false,face=ceiling,facing=east,waterlogged=false'
[04Aug2026 16:11:30.795] [Worker-ResourceReload-11/WARN] [net.minecraft.client.resources.model.BlockStateModelLoader/]: Exception loading blockstate definition: 'dndecor:blockstates/text_plate.json' missing model for variant: 'dndecor:text_plate#extended=true,face=floor,facing=north,waterlogged=false'
[04Aug2026 16:11:30.795] [Worker-ResourceReload-11/WARN] [net.minecraft.client.resources.model.BlockStateModelLoader/]: Exception loading blockstate definition: 'dndecor:blockstates/text_plate.json' missing model for variant: 'dndecor:text_plate#extended=true,face=ceiling,facing=north,waterlogged=false'
[04Aug2026 16:11:30.795] [Worker-ResourceReload-11/WARN] [net.minecraft.client.resources.model.BlockStateModelLoader/]: Exception loading blockstate definition: 'dndecor:blockstates/text_plate.json' missing model for variant: 'dndecor:text_plate#extended=false,face=floor,facing=east,waterlogged=true'
[04Aug2026 16:11:30.795] [Worker-ResourceReload-11/WARN] [net.minecraft.client.resources.model.BlockStateModelLoader/]: Exception loading blockstate definition: 'dndecor:blockstates/text_plate.json' missing model for variant: 'dndecor:text_plate#extended=true,face=floor,facing=east,waterlogged=true'
[04Aug2026 16:11:30.795] [Worker-ResourceReload-11/WARN] [net.minecraft.client.resources.model.BlockStateModelLoader/]: Exception loading blockstate definition: 'dndecor:blockstates/text_plate.json' missing model for variant: 'dndecor:text_plate#extended=false,face=ceiling,facing=east,waterlogged=true'
[04Aug2026 16:11:30.795] [Worker-ResourceReload-11/WARN] [net.minecraft.client.resources.model.BlockStateModelLoader/]: Exception loading blockstate definition: 'dndecor:blockstates/text_plate.json' missing model for variant: 'dndecor:text_plate#extended=true,face=ceiling,facing=west,waterlogged=false'
[04Aug2026 16:11:30.795] [Worker-ResourceReload-11/WARN] [net.minecraft.client.resources.model.BlockStateModelLoader/]: Exception loading blockstate definition: 'dndecor:blockstates/text_plate.json' missing model for variant: 'dndecor:text_plate#extended=false,face=ceiling,facing=north,waterlogged=false'
[04Aug2026 16:11:30.795] [Worker-ResourceReload-11/WARN] [net.minecraft.client.resources.model.BlockStateModelLoader/]: Exception loading blockstate definition: 'dndecor:blockstates/text_plate.json' missing model for variant: 'dndecor:text_plate#extended=true,face=floor,facing=north,waterlogged=true'
[04Aug2026 16:11:30.795] [Worker-ResourceReload-11/WARN] [net.minecraft.client.resources.model.BlockStateModelLoader/]: Exception loading blockstate definition: 'dndecor:blockstates/text_plate.json' missing model for variant: 'dndecor:text_plate#extended=true,face=ceiling,facing=south,waterlogged=true'
[04Aug2026 16:11:30.795] [Worker-ResourceReload-11/WARN] [net.minecraft.client.resources.model.BlockStateModelLoader/]: Exception loading blockstate definition: 'dndecor:blockstates/text_plate.json' missing model for variant: 'dndecor:text_plate#extended=false,face=wall,facing=west,waterlogged=true'
[04Aug2026 16:11:30.795] [Worker-ResourceReload-11/WARN] [net.minecraft.client.resources.model.BlockStateModelLoader/]: Exception loading blockstate definition: 'dndecor:blockstates/text_plate.json' missing model for variant: 'dndecor:text_plate#extended=false,face=ceiling,facing=south,waterlogged=false'
[04Aug2026 16:11:30.795] [Worker-ResourceReload-11/WARN] [net.minecraft.client.resources.model.BlockStateModelLoader/]: Exception loading blockstate definition: 'dndecor:blockstates/text_plate.json' missing model for variant: 'dndecor:text_plate#extended=false,face=ceiling,facing=west,waterlogged=true'
[04Aug2026 16:11:30.795] [Worker-ResourceReload-11/WARN] [net.minecraft.client.resources.model.BlockStateModelLoader/]: Exception loading blockstate definition: 'dndecor:blockstates/text_plate.json' missing model for variant: 'dndecor:text_plate#extended=false,face=wall,facing=east,waterlogged=false'
[04Aug2026 16:11:30.795] [Worker-ResourceReload-11/WARN] [net.minecraft.client.resources.model.BlockStateModelLoader/]: Exception loading blockstate definition: 'dndecor:blockstates/text_plate.json' missing model for variant: 'dndecor:text_plate#extended=true,face=ceiling,facing=east,waterlogged=true'
[04Aug2026 16:11:30.795] [Worker-ResourceReload-11/WARN] [net.minecraft.client.resources.model.BlockStateModelLoader/]: Exception loading blockstate definition: 'dndecor:blockstates/text_plate.json' missing model for variant: 'dndecor:text_plate#extended=true,face=ceiling,facing=south,waterlogged=false'
[04Aug2026 16:11:30.795] [Worker-ResourceReload-11/WARN] [net.minecraft.client.resources.model.BlockStateModelLoader/]: Exception loading blockstate definition: 'dndecor:blockstates/text_plate.json' missing model for variant: 'dndecor:text_plate#extended=false,face=wall,facing=east,waterlogged=true'
[04Aug2026 16:11:30.795] [Worker-ResourceReload-11/WARN] [net.minecraft.client.resources.model.BlockStateModelLoader/]: Exception loading blockstate definition: 'dndecor:blockstates/text_plate.json' missing model for variant: 'dndecor:text_plate#extended=true,face=ceiling,facing=north,waterlogged=true'
[04Aug2026 16:11:30.795] [Worker-ResourceReload-11/WARN] [net.minecraft.client.resources.model.BlockStateModelLoader/]: Exception loading blockstate definition: 'dndecor:blockstates/text_plate.json' missing model for variant: 'dndecor:text_plate#extended=false,face=wall,facing=south,waterlogged=false'
[04Aug2026 16:11:30.795] [Worker-ResourceReload-11/WARN] [net.minecraft.client.resources.model.BlockStateModelLoader/]: Exception loading blockstate definition: 'dndecor:blockstates/text_plate.json' missing model for variant: 'dndecor:text_plate#extended=true,face=floor,facing=west,waterlogged=true'
[04Aug2026 16:11:30.795] [Worker-ResourceReload-11/WARN] [net.minecraft.client.resources.model.BlockStateModelLoader/]: Exception loading blockstate definition: 'dndecor:blockstates/text_plate.json' missing model for variant: 'dndecor:text_plate#extended=false,face=floor,facing=south,waterlogged=true'
[04Aug2026 16:11:30.795] [Worker-ResourceReload-11/WARN] [net.minecraft.client.resources.model.BlockStateModelLoader/]: Exception loading blockstate definition: 'dndecor:blockstates/text_plate.json' missing model for variant: 'dndecor:text_plate#extended=false,face=floor,facing=west,waterlogged=false'
[04Aug2026 16:11:30.795] [Worker-ResourceReload-11/WARN] [net.minecraft.client.resources.model.BlockStateModelLoader/]: Exception loading blockstate definition: 'dndecor:blockstates/text_plate.json' missing model for variant: 'dndecor:text_plate#extended=false,face=wall,facing=north,waterlogged=true'
[04Aug2026 16:11:30.795] [Worker-ResourceReload-11/WARN] [net.minecraft.client.resources.model.BlockStateModelLoader/]: Exception loading blockstate definition: 'dndecor:blockstates/text_plate.json' missing model for variant: 'dndecor:text_plate#extended=true,face=ceiling,facing=west,waterlogged=true'
[04Aug2026 16:11:30.795] [Worker-ResourceReload-11/WARN] [net.minecraft.client.resources.model.BlockStateModelLoader/]: Exception loading blockstate definition: 'dndecor:blockstates/text_plate.json' missing model for variant: 'dndecor:text_plate#extended=true,face=floor,facing=south,waterlogged=true'
[04Aug2026 16:11:30.795] [Worker-ResourceReload-11/WARN] [net.minecraft.client.resources.model.BlockStateModelLoader/]: Exception loading blockstate definition: 'dndecor:blockstates/text_plate.json' missing model for variant: 'dndecor:text_plate#extended=false,face=floor,facing=west,waterlogged=true'
[04Aug2026 16:11:30.795] [Worker-ResourceReload-11/WARN] [net.minecraft.client.resources.model.BlockStateModelLoader/]: Exception loading blockstate definition: 'dndecor:blockstates/text_plate.json' missing model for variant: 'dndecor:text_plate#extended=false,face=ceiling,facing=south,waterlogged=true'
[04Aug2026 16:11:30.795] [Worker-ResourceReload-11/WARN] [net.minecraft.client.resources.model.BlockStateModelLoader/]: Exception loading blockstate definition: 'dndecor:blockstates/text_plate.json' missing model for variant: 'dndecor:text_plate#extended=true,face=wall,facing=west,waterlogged=true'
[04Aug2026 16:11:30.795] [Worker-ResourceReload-11/WARN] [net.minecraft.client.resources.model.BlockStateModelLoader/]: Exception loading blockstate definition: 'dndecor:blockstates/text_plate.json' missing model for variant: 'dndecor:text_plate#extended=false,face=floor,facing=north,waterlogged=false'
[04Aug2026 16:11:30.795] [Worker-ResourceReload-11/WARN] [net.minecraft.client.resources.model.BlockStateModelLoader/]: Exception loading blockstate definition: 'dndecor:blockstates/text_plate.json' missing model for variant: 'dndecor:text_plate#extended=false,face=ceiling,facing=north,waterlogged=true'
[04Aug2026 16:11:30.996] [Worker-ResourceReload-11/WARN] [net.minecraft.client.resources.model.ModelBakery/]: Unable to load model: 'minecraft:block_block' referenced from: tfmg:block/electric_diode/block: java.io.FileNotFoundException: minecraft:models/block_block.json
[04Aug2026 16:11:31.747] [Worker-ResourceReload-11/WARN] [net.minecraft.client.resources.model.ModelBakery/]: Unable to load model: 'minecraft:grudbone' referenced from: born_in_chaos_v1:block/gnawed_bones: java.io.FileNotFoundException: minecraft:models/grudbone.json
[04Aug2026 16:11:31.748] [Worker-ResourceReload-11/WARN] [net.minecraft.client.resources.model.ModelBakery/]: Unable to load model: 'minecraft:puddleofintoxication' referenced from: born_in_chaos_v1:block/puddleofintoxication: java.io.FileNotFoundException: minecraft:models/puddleofintoxication.json
[04Aug2026 16:11:31.748] [Worker-ResourceReload-11/WARN] [net.minecraft.client.resources.model.ModelBakery/]: Unable to load model: 'minecraft:houndtrap' referenced from: born_in_chaos_v1:block/hound_trap: java.io.FileNotFoundException: minecraft:models/houndtrap.json
[04Aug2026 16:11:31.748] [Worker-ResourceReload-11/WARN] [net.minecraft.client.resources.model.ModelBakery/]: Unable to load model: 'minecraft:houndtrapserried' referenced from: born_in_chaos_v1:block/closed_hound_trap: java.io.FileNotFoundException: minecraft:models/houndtrapserried.json
[04Aug2026 16:11:31.748] [Worker-ResourceReload-11/WARN] [net.minecraft.client.resources.model.ModelBakery/]: Unable to load model: 'minecraft:shellspikes' referenced from: born_in_chaos_v1:block/spiny_shell_trap: java.io.FileNotFoundException: minecraft:models/shellspikes.json
[04Aug2026 16:11:31.748] [Worker-ResourceReload-11/WARN] [net.minecraft.client.resources.model.ModelBakery/]: Unable to load model: 'minecraft:puddleofstimulation' referenced from: born_in_chaos_v1:block/puddleof_stimulation: java.io.FileNotFoundException: minecraft:models/puddleofstimulation.json
[04Aug2026 16:11:31.748] [Worker-ResourceReload-11/WARN] [net.minecraft.client.resources.model.ModelBakery/]: Unable to load model: 'minecraft:tombstonedarktitan' referenced from: born_in_chaos_v1:block/tombstone_dark_titan_066: java.io.FileNotFoundException: minecraft:models/tombstonedarktitan.json
[04Aug2026 16:11:31.748] [Worker-ResourceReload-11/WARN] [net.minecraft.client.resources.model.ModelBakery/]: Unable to load model: 'minecraft:tombstonepetasi' referenced from: born_in_chaos_v1:block/tombstone_petasi: java.io.FileNotFoundException: minecraft:models/tombstonepetasi.json
[04Aug2026 16:11:31.748] [Worker-ResourceReload-11/WARN] [net.minecraft.client.resources.model.ModelBakery/]: Unable to load model: 'minecraft:tombstonewise' referenced from: born_in_chaos_v1:block/tombstone_2003wise: java.io.FileNotFoundException: minecraft:models/tombstonewise.json
[04Aug2026 16:11:31.748] [Worker-ResourceReload-11/WARN] [net.minecraft.client.resources.model.ModelBakery/]: Unable to load model: 'minecraft:tombstoneorion' referenced from: born_in_chaos_v1:block/tombstone_orion: java.io.FileNotFoundException: minecraft:models/tombstoneorion.json
[04Aug2026 16:11:31.748] [Worker-ResourceReload-11/WARN] [net.minecraft.client.resources.model.ModelBakery/]: Unable to load model: 'minecraft:cobwebcover' referenced from: born_in_chaos_v1:block/cobweb_cover: java.io.FileNotFoundException: minecraft:models/cobwebcover.json
[04Aug2026 16:11:31.748] [Worker-ResourceReload-11/WARN] [net.minecraft.client.resources.model.ModelBakery/]: Unable to load model: 'minecraft:lifestealerskull' referenced from: born_in_chaos_v1:block/lifestealer_skull: java.io.FileNotFoundException: minecraft:models/lifestealerskull.json
[04Aug2026 16:11:31.748] [Worker-ResourceReload-11/WARN] [net.minecraft.client.resources.model.ModelBakery/]: Unable to load model: 'minecraft:tombstonederivas' referenced from: born_in_chaos_v1:block/tombstone_derivas: java.io.FileNotFoundException: minecraft:models/tombstonederivas.json
[04Aug2026 16:11:31.748] [Worker-ResourceReload-11/WARN] [net.minecraft.client.resources.model.ModelBakery/]: Unable to load model: 'minecraft:tombstonefubukibanzai' referenced from: born_in_chaos_v1:block/tombstone_fubuki_banzai: java.io.FileNotFoundException: minecraft:models/tombstonefubukibanzai.json
[04Aug2026 16:11:31.748] [Worker-ResourceReload-11/WARN] [net.minecraft.client.resources.model.ModelBakery/]: Unable to load model: 'minecraft:rotteninfernalpumpkin' referenced from: born_in_chaos_v1:block/rotten_infernal_pumpkin: java.io.FileNotFoundException: minecraft:models/rotteninfernalpumpkin.json
[04Aug2026 16:11:31.748] [Worker-ResourceReload-11/WARN] [net.minecraft.client.resources.model.ModelBakery/]: Unable to load model: 'minecraft:creepysnowmanhead' referenced from: born_in_chaos_v1:block/spooky_snowman_head: java.io.FileNotFoundException: minecraft:models/creepysnowmanhead.json
[04Aug2026 16:11:31.748] [Worker-ResourceReload-11/WARN] [net.minecraft.client.resources.model.ModelBakery/]: Unable to load model: 'minecraft:nutcracker' referenced from: born_in_chaos_v1:block/creepy_nutcracker: java.io.FileNotFoundException: minecraft:models/nutcracker.json
[04Aug2026 16:11:31.748] [Worker-ResourceReload-11/WARN] [net.minecraft.client.resources.model.ModelBakery/]: Unable to load model: 'minecraft:tombstonesomfunambulist' referenced from: born_in_chaos_v1:block/tombstone_somfunambulist: java.io.FileNotFoundException: minecraft:models/tombstonesomfunambulist.json
[04Aug2026 16:11:31.748] [Worker-ResourceReload-11/WARN] [net.minecraft.client.resources.model.ModelBakery/]: Unable to load model: 'minecraft:tombstonememesus' referenced from: born_in_chaos_v1:block/tombstone_memesus: java.io.FileNotFoundException: minecraft:models/tombstonememesus.json
[04Aug2026 16:11:31.748] [Worker-ResourceReload-11/WARN] [net.minecraft.client.resources.model.ModelBakery/]: Unable to load model: 'minecraft:tombstonetem' referenced from: born_in_chaos_v1:block/tombstone_tem_187: java.io.FileNotFoundException: minecraft:models/tombstonetem.json
[04Aug2026 16:11:31.748] [Worker-ResourceReload-11/WARN] [net.minecraft.client.resources.model.ModelBakery/]: Unable to load model: 'minecraft:tombstonecarrion' referenced from: born_in_chaos_v1:block/tombstone_carrion: java.io.FileNotFoundException: minecraft:models/tombstonecarrion.json
[04Aug2026 16:11:31.749] [Worker-ResourceReload-11/WARN] [net.minecraft.client.resources.model.ModelBakery/]: Unable to load model: 'minecraft:tombstonedling' referenced from: born_in_chaos_v1:block/tombstone_2_dling: java.io.FileNotFoundException: minecraft:models/tombstonedling.json
[04Aug2026 16:11:31.749] [Worker-ResourceReload-11/WARN] [net.minecraft.client.resources.model.ModelBakery/]: Unable to load model: 'minecraft:tombstoneeuthymia' referenced from: born_in_chaos_v1:block/tombstone_euthymia: java.io.FileNotFoundException: minecraft:models/tombstoneeuthymia.json
[04Aug2026 16:11:31.749] [Worker-ResourceReload-11/WARN] [net.minecraft.client.resources.model.ModelBakery/]: Unable to load model: 'minecraft:tombstoneferal' referenced from: born_in_chaos_v1:block/tombstone_feral: java.io.FileNotFoundException: minecraft:models/tombstoneferal.json
[04Aug2026 16:11:31.749] [Worker-ResourceReload-11/WARN] [net.minecraft.client.resources.model.ModelBakery/]: Unable to load model: 'minecraft:tombstonemikerory' referenced from: born_in_chaos_v1:block/tombstone_mike_rory: java.io.FileNotFoundException: minecraft:models/tombstonemikerory.json
[04Aug2026 16:11:31.749] [Worker-ResourceReload-11/WARN] [net.minecraft.client.resources.model.ModelBakery/]: Unable to load model: 'minecraft:tombstoned4rkdevilx' referenced from: born_in_chaos_v1:block/tombstone_d_4rkdevilx: java.io.FileNotFoundException: minecraft:models/tombstoned4rkdevilx.json
[04Aug2026 16:11:31.749] [Worker-ResourceReload-11/WARN] [net.minecraft.client.resources.model.ModelBakery/]: Unable to load model: 'minecraft:tombstonerotborne' referenced from: born_in_chaos_v1:block/tombstone_rotborne: java.io.FileNotFoundException: minecraft:models/tombstonerotborne.json
[04Aug2026 16:11:31.749] [Worker-ResourceReload-11/WARN] [net.minecraft.client.resources.model.ModelBakery/]: Unable to load model: 'minecraft:tombstonethegentlemanfrog' referenced from: born_in_chaos_v1:block/tombstone_the_gentleman_frog: java.io.FileNotFoundException: minecraft:models/tombstonethegentlemanfrog.json
[04Aug2026 16:11:31.749] [Worker-ResourceReload-11/WARN] [net.minecraft.client.resources.model.ModelBakery/]: Unable to load model: 'minecraft:tombstoneplug' referenced from: born_in_chaos_v1:block/tombstone_plug: java.io.FileNotFoundException: minecraft:models/tombstoneplug.json
[04Aug2026 16:11:31.749] [Worker-ResourceReload-11/WARN] [net.minecraft.client.resources.model.ModelBakery/]: Unable to load model: 'minecraft:tombstonenino4416' referenced from: born_in_chaos_v1:block/tombstone_nino_4416: java.io.FileNotFoundException: minecraft:models/tombstonenino4416.json
[04Aug2026 16:11:32.116] [Worker-ResourceReload-11/WARN] [net.minecraft.client.resources.model.ModelBakery/]: Unable to load model: 'biomesoplenty:block/black_sandstone_bottom' referenced from: biomesoplenty:block/black_sandstone_bottom: java.io.FileNotFoundException: biomesoplenty:models/block/black_sandstone_bottom.json
[04Aug2026 16:11:32.116] [Worker-ResourceReload-11/WARN] [net.minecraft.client.resources.model.ModelBakery/]: Unable to load model: 'biomesoplenty:block/orange_sandstone_bottom' referenced from: biomesoplenty:block/orange_sandstone_bottom: java.io.FileNotFoundException: biomesoplenty:models/block/orange_sandstone_bottom.json
[04Aug2026 16:11:32.116] [Worker-ResourceReload-11/WARN] [net.minecraft.client.resources.model.ModelBakery/]: Unable to load model: 'biomesoplenty:block/white_sandstone_bottom' referenced from: biomesoplenty:block/white_sandstone_bottom: java.io.FileNotFoundException: biomesoplenty:models/block/white_sandstone_bottom.json
[04Aug2026 16:11:32.116] [Worker-ResourceReload-11/WARN] [net.minecraft.client.resources.model.ModelBakery/]: Unable to load model: 'dndecor:block/palettes/stone_types/cut/stone_cut' referenced from: dndecor:block/palettes/stone_types/cut/stone_cut: java.io.FileNotFoundException: dndecor:models/block/palettes/stone_types/cut/stone_cut.json
[04Aug2026 16:11:32.117] [Worker-ResourceReload-11/WARN] [net.minecraft.client.resources.model.ModelBakery/]: Unable to load model: 'dndecor:block/palettes/stone_types/polished/stone_cut_polished' referenced from: dndecor:block/palettes/stone_types/polished/stone_cut_polished: java.io.FileNotFoundException: dndecor:models/block/palettes/stone_types/polished/stone_cut_polished.json
[04Aug2026 16:11:35.776] [Worker-ResourceReload-11/WARN] [net.minecraft.client.resources.model.ModelBakery/]: Unable to load model: 'alexscaves:block/pewen/pewen_planks' referenced from: alexscaves:block/pewen/pewen_planks: java.io.FileNotFoundException: alexscaves:models/block/pewen/pewen_planks.json
[04Aug2026 16:11:35.776] [Worker-ResourceReload-11/WARN] [net.minecraft.client.resources.model.ModelBakery/]: Unable to load model: 'alexscaves:block/thornwood/thornwood_planks' referenced from: alexscaves:block/thornwood/thornwood_planks: java.io.FileNotFoundException: alexscaves:models/block/thornwood/thornwood_planks.json
[04Aug2026 16:11:35.776] [Worker-ResourceReload-11/WARN] [net.minecraft.client.resources.model.ModelBakery/]: Unable to load model: 'born_in_chaos_v1:block/opdosk' referenced from: born_in_chaos_v1:block/opdosk: java.io.FileNotFoundException: born_in_chaos_v1:models/block/opdosk.json
[04Aug2026 16:11:36.916] [Worker-ResourceReload-11/WARN] [net.minecraft.client.resources.model.ModelBakery/]: Unable to load model: 'galosphere:item/shrine_key' referenced from: galosphere:item/shrine_key: java.io.FileNotFoundException: galosphere:models/item/shrine_key.json
[04Aug2026 16:11:37.150] [Worker-ResourceReload-11/WARN] [net.minecraft.client.resources.model.ModelBakery/]: Unable to load model: 'createmoregirder:block/copycat_truss/segment_top' referenced from: createmoregirder:block/copycat_truss/segment_top: java.io.FileNotFoundException: createmoregirder:models/block/copycat_truss/segment_top.json
[04Aug2026 16:11:37.150] [Worker-ResourceReload-11/WARN] [net.minecraft.client.resources.model.ModelBakery/]: Unable to load model: 'createmoregirder:block/copycat_beam/segment_middle_alt' referenced from: createmoregirder:block/copycat_beam/segment_middle_alt: java.io.FileNotFoundException: createmoregirder:models/block/copycat_beam/segment_middle_alt.json
[04Aug2026 16:11:37.151] [Worker-ResourceReload-11/WARN] [net.minecraft.client.resources.model.ModelBakery/]: Unable to load model: 'bits_n_bobs:block/chain_pulley/chain_rope_half_magnet' referenced from: bits_n_bobs:block/chain_pulley/chain_rope_half_magnet: java.io.FileNotFoundException: bits_n_bobs:models/block/chain_pulley/chain_rope_half_magnet.json
[04Aug2026 16:11:37.153] [Worker-ResourceReload-11/WARN] [net.minecraft.client.resources.model.ModelBakery/]: Unable to load model: 'createmoregirder:block/copycat_truss/segment_middle' referenced from: createmoregirder:block/copycat_truss/segment_middle: java.io.FileNotFoundException: createmoregirder:models/block/copycat_truss/segment_middle.json
[04Aug2026 16:11:37.153] [Worker-ResourceReload-11/WARN] [net.minecraft.client.resources.model.ModelBakery/]: Unable to load model: 'createmoregirder:block/copycat_beam/segment_bottom' referenced from: createmoregirder:block/copycat_beam/segment_bottom: java.io.FileNotFoundException: createmoregirder:models/block/copycat_beam/segment_bottom.json
[04Aug2026 16:11:37.154] [Worker-ResourceReload-11/WARN] [net.minecraft.client.resources.model.ModelBakery/]: Unable to load model: 'createmoregirder:block/copycat_truss/segment_middle_alt' referenced from: createmoregirder:block/copycat_truss/segment_middle_alt: java.io.FileNotFoundException: createmoregirder:models/block/copycat_truss/segment_middle_alt.json
[04Aug2026 16:11:37.154] [Worker-ResourceReload-11/WARN] [net.minecraft.client.resources.model.ModelBakery/]: Unable to load model: 'createmoregirder:block/copycat_truss/segment_bottom' referenced from: createmoregirder:block/copycat_truss/segment_bottom: java.io.FileNotFoundException: createmoregirder:models/block/copycat_truss/segment_bottom.json
[04Aug2026 16:11:37.154] [Worker-ResourceReload-11/WARN] [net.minecraft.client.resources.model.ModelBakery/]: Unable to load model: 'createmoregirder:block/copycat_beam/segment_top' referenced from: createmoregirder:block/copycat_beam/segment_top: java.io.FileNotFoundException: createmoregirder:models/block/copycat_beam/segment_top.json
[04Aug2026 16:11:37.154] [Worker-ResourceReload-11/WARN] [net.minecraft.client.resources.model.ModelBakery/]: Unable to load model: 'irons_spellbooks:item/template_open_spell_book_model' referenced from: irons_spellbooks:item/template_open_spell_book_model: java.io.FileNotFoundException: irons_spellbooks:models/item/template_open_spell_book_model.json
[04Aug2026 16:11:37.155] [Worker-ResourceReload-11/WARN] [net.minecraft.client.resources.model.ModelBakery/]: Unable to load model: 'createmoregirder:block/copycat_beam/segment_middle' referenced from: createmoregirder:block/copycat_beam/segment_middle: java.io.FileNotFoundException: createmoregirder:models/block/copycat_beam/segment_middle.json
[04Aug2026 16:11:37.155] [Worker-ResourceReload-11/WARN] [net.minecraft.client.resources.model.ModelBakery/]: Unable to load model: 'create:block/belt' referenced from: tracks:block/track_link: java.io.FileNotFoundException: create:models/block/belt.json
[04Aug2026 16:11:37.683] [Worker-ResourceReload-11/WARN] [net.minecraft.client.resources.model.ModelBakery/]: Unable to load model: 'minecraft:shellmace' referenced from: born_in_chaos_v1:custom/shellmace: java.io.FileNotFoundException: minecraft:models/shellmace.json
[04Aug2026 16:11:37.706] [Worker-ResourceReload-11/WARN] [net.minecraft.client.resources.model.ModelBakery/]: Unable to load model: 'minecraft:executionersgreatax' referenced from: born_in_chaos_v1:custom/executionersgreatax: java.io.FileNotFoundException: minecraft:models/executionersgreatax.json
[04Aug2026 16:11:37.759] [Worker-ResourceReload-11/WARN] [net.minecraft.client.resources.model.ModelBakery/]: Unable to load model: 'minecraft:pitchfork' referenced from: born_in_chaos_v1:custom/pitchfork: java.io.FileNotFoundException: minecraft:models/pitchfork.json
[04Aug2026 16:11:38.164] [Worker-ResourceReload-11/WARN] [net.minecraft.client.resources.model.ModelBakery/]: Unable to load model: 'minecraft:greatdarksword' referenced from: born_in_chaos_v1:custom/greatdarksword: java.io.FileNotFoundException: minecraft:models/greatdarksword.json
[04Aug2026 16:11:38.233] [Worker-ResourceReload-11/WARN] [net.minecraft.client.resources.model.ModelBakery/]: Unable to load model: 'minecraft:frostbittenblade' referenced from: born_in_chaos_v1:custom/frostbittenblade: java.io.FileNotFoundException: minecraft:models/frostbittenblade.json
[04Aug2026 16:11:38.587] [Worker-ResourceReload-11/WARN] [net.minecraft.client.resources.model.ModelBakery/]: Unable to load model: 'minecraft:nightmarescythe' referenced from: born_in_chaos_v1:custom/nightmarescythe: java.io.FileNotFoundException: minecraft:models/nightmarescythe.json
[04Aug2026 16:11:38.600] [Worker-ResourceReload-11/WARN] [net.minecraft.client.resources.model.ModelBakery/]: Unable to load model: 'minecraft:spiderbite' referenced from: born_in_chaos_v1:custom/spiderbite: java.io.FileNotFoundException: minecraft:models/spiderbite.json
[04Aug2026 16:11:38.766] [Worker-ResourceReload-11/WARN] [net.minecraft.client.resources.model.ModelBakery/]: Unable to load model: 'minecraft:sweetness' referenced from: born_in_chaos_v1:custom/sweetness: java.io.FileNotFoundException: minecraft:models/sweetness.json
[04Aug2026 16:11:38.908] [Worker-ResourceReload-11/WARN] [net.minecraft.client.resources.model.ModelBakery/]: Unable to load model: 'minecraft:soulsaber' referenced from: born_in_chaos_v1:custom/soulsaber: java.io.FileNotFoundException: minecraft:models/soulsaber.json
[04Aug2026 16:11:38.913] [Worker-ResourceReload-11/WARN] [net.minecraft.client.resources.model.ModelBakery/]: Unable to load model: 'minecraft:skullbreaker' referenced from: born_in_chaos_v1:custom/skullbreaker: java.io.FileNotFoundException: minecraft:models/skullbreaker.json
[04Aug2026 16:11:38.918] [Worker-ResourceReload-11/WARN] [net.minecraft.client.resources.model.ModelBakery/]: Unable to load model: 'minecraft:nuthammer' referenced from: born_in_chaos_v1:custom/nuthammer: java.io.FileNotFoundException: minecraft:models/nuthammer.json
[04Aug2026 16:11:57.789] [Worker-ResourceReload-11/WARN] [net.minecraft.client.resources.model.ModelManager/]: Missing textures in model displaydelight:ctd_plated_mutton_sandwich#inventory:
    minecraft:textures/atlas/blocks.png:displaydelight:block/bowl
[04Aug2026 16:11:57.789] [Worker-ResourceReload-11/WARN] [net.minecraft.client.resources.model.ModelManager/]: Missing textures in model displaydelight:vegetable_noodles#facing=south,support=false:
    minecraft:textures/atlas/blocks.png:displaydelight:block/bowl
[04Aug2026 16:11:57.789] [Worker-ResourceReload-11/WARN] [net.minecraft.client.resources.model.ModelManager/]: Missing textures in model displaydelight:bnc_vegetable_omelet#facing=east,support=false:
    minecraft:textures/atlas/blocks.png:displaydelight:block/bowl
[04Aug2026 16:11:57.789] [Worker-ResourceReload-11/WARN] [net.minecraft.client.resources.model.ModelManager/]: Missing textures in model displaydelight:mushroom_rice#facing=west,support=true:
    minecraft:textures/atlas/blocks.png:displaydelight:block/bowl
[04Aug2026 16:11:57.789] [Worker-ResourceReload-11/WARN] [net.minecraft.client.resources.model.ModelManager/]: Missing textures in model displaydelight:edd_dragon_meat_stew#facing=north,support=false:
    minecraft:textures/atlas/blocks.png:displaydelight:block/bowl
[04Aug2026 16:11:57.789] [Worker-ResourceReload-11/WARN] [net.minecraft.client.resources.model.ModelManager/]: Missing textures in model displaydelight:crd_plated_shrimp_skewer#inventory:
    minecraft:textures/atlas/blocks.png:displaydelight:block/bowl
[04Aug2026 16:11:57.789] [Worker-ResourceReload-11/WARN] [net.minecraft.client.resources.model.ModelManager/]: Missing textures in model displaydelight:ctd_plated_pufferfish_roll#inventory:
    minecraft:textures/atlas/blocks.png:displaydelight:block/bowl
[04Aug2026 16:11:57.789] [Worker-ResourceReload-11/WARN] [net.minecraft.client.resources.model.ModelManager/]: Missing textures in model displaydelight:abd_small_plated_vanilla_cake_slice#facing=east,plate_hidden=false,support=true:
    minecraft:textures/atlas/blocks.png:displaydelight:block/bowl
[04Aug2026 16:11:57.789] [Worker-ResourceReload-11/WARN] [net.minecraft.client.resources.model.ModelManager/]: Missing textures in model displaydelight:abd_small_plated_adzuki_cake_slice#facing=west,plate_hidden=true,support=false:
    minecraft:textures/atlas/blocks.png:displaydelight:block/bowl
[04Aug2026 16:11:57.789] [Worker-ResourceReload-11/WARN] [net.minecraft.client.resources.model.ModelManager/]: Missing textures in model displaydelight:plated_egg_sandwich#inventory:
    minecraft:textures/atlas/blocks.png:displaydelight:block/bowl
[04Aug2026 16:11:57.789] [Worker-ResourceReload-11/WARN] [net.minecraft.client.resources.model.ModelManager/]: Missing textures in model displaydelight:pasta_with_meatballs#inventory:
    minecraft:textures/atlas/blocks.png:displaydelight:block/bowl
[04Aug2026 16:11:57.789] [Worker-ResourceReload-11/WARN] [net.minecraft.client.resources.model.ModelManager/]: Missing textures in model displaydelight:ctd_plated_pufferfish_roll#facing=north,plate_hidden=false,stacks=3,support=false:
    minecraft:textures/atlas/blocks.png:displaydelight:block/bowl
[04Aug2026 16:11:57.789] [Worker-ResourceReload-11/WARN] [net.minecraft.client.resources.model.ModelManager/]: Missing textures in model displaydelight:acd_tuna_spaghetti#facing=east,support=false:
    minecraft:textures/atlas/blocks.png:displaydelight:block/bowl
[04Aug2026 16:11:57.789] [Worker-ResourceReload-11/WARN] [net.minecraft.client.resources.model.ModelManager/]: Missing textures in model displaydelight:abd_small_plated_banana_cake_slice#facing=north,plate_hidden=true,support=false:
    minecraft:textures/atlas/blocks.png:displaydelight:block/bowl
[04Aug2026 16:11:57.789] [Worker-ResourceReload-11/WARN] [net.minecraft.client.resources.model.ModelManager/]: Missing textures in model displaydelight:od_plated_elder_guardian_roll#inventory:
    minecraft:textures/atlas/blocks.png:displaydelight:block/bowl
[04Aug2026 16:11:57.789] [Worker-ResourceReload-11/WARN] [net.minecraft.client.resources.model.ModelManager/]: Missing textures in model displaydelight:plated_dumplings#inventory:
    minecraft:textures/atlas/blocks.png:displaydelight:block/bowl
[04Aug2026 16:11:57.789] [Worker-ResourceReload-11/WARN] [net.minecraft.client.resources.model.ModelManager/]: Missing textures in model displaydelight:lm_mushroom_pot_pie#inventory:
    minecraft:textures/atlas/blocks.png:displaydelight:block/bowl
[04Aug2026 16:11:57.789] [Worker-ResourceReload-11/WARN] [net.minecraft.client.resources.model.ModelManager/]: Missing textures in model displaydelight:pd_small_plated_pineapple_cake_slice#inventory:
    minecraft:textures/atlas/blocks.png:displaydelight:block/bowl
[04Aug2026 16:11:57.789] [Worker-ResourceReload-11/WARN] [net.minecraft.client.resources.model.ModelManager/]: Missing textures in model displaydelight:plated_mutton_wrap#facing=west,plate_hidden=false,stacks=4,support=false:
    minecraft:textures/atlas/blocks.png:displaydelight:block/bowl
[04Aug2026 16:11:57.789] [Worker-ResourceReload-11/WARN] [net.minecraft.client.resources.model.ModelManager/]: Missing textures in model displaydelight:mnd_giant_takoyaki#facing=east,support=true:
    minecraft:textures/atlas/blocks.png:displaydelight:block/bowl
[04Aug2026 16:11:57.789] [Worker-ResourceReload-11/WARN] [net.minecraft.client.resources.model.ModelManager/]: Missing textures in model displaydelight:plated_cabbage_rolls#facing=north,plate_hidden=false,stacks=1,support=true:
    minecraft:textures/atlas/blocks.png:displaydelight:block/bowl
[04Aug2026 16:11:57.789] [Worker-ResourceReload-11/WARN] [net.minecraft.client.resources.model.ModelManager/]: Missing textures in model sable_schematic_api:blueprint_cannon#facing=east:
    minecraft:textures/atlas/blocks.png:minecraft:block/dispenser_front_horizontal
[04Aug2026 16:11:57.789] [Worker-ResourceReload-11/WARN] [net.minecraft.client.resources.model.ModelManager/]: Missing textures in model displaydelight:mnd_plated_chilidog#facing=east,plate_hidden=false,stacks=1,support=false:
    minecraft:textures/atlas/blocks.png:mynethersdelight:item/chilidog
[04Aug2026 16:11:57.789] [Worker-ResourceReload-11/WARN] [net.minecraft.client.resources.model.ModelManager/]: Missing textures in model displaydelight:abd_small_plated_mint_cake_slice#facing=north,plate_hidden=false,support=false:
    minecraft:textures/atlas/blocks.png:displaydelight:block/bowl
[04Aug2026 16:11:57.789] [Worker-ResourceReload-11/WARN] [net.minecraft.client.resources.model.ModelManager/]: Missing textures in model displaydelight:ed_peperonata#facing=north,support=true:
    minecraft:textures/atlas/blocks.png:displaydelight:block/bowl
[04Aug2026 16:11:57.789] [Worker-ResourceReload-11/WARN] [net.minecraft.client.resources.model.ModelManager/]: Missing textures in model displaydelight:plated_cod_roll#facing=west,plate_hidden=true,stacks=5,support=true:
    minecraft:textures/atlas/blocks.png:displaydelight:block/bowl
[04Aug2026 16:11:57.789] [Worker-ResourceReload-11/WARN] [net.minecraft.client.resources.model.ModelManager/]: Missing textures in model displaydelight:ratatouille#inventory:
    minecraft:textures/atlas/blocks.png:displaydelight:block/bowl
[04Aug2026 16:11:57.789] [Worker-ResourceReload-11/WARN] [net.minecraft.client.resources.model.ModelManager/]: Missing textures in model displaydelight:ctd_small_plated_midori_roll_slice#inventory:
    minecraft:textures/atlas/blocks.png:displaydelight:block/bowl
[04Aug2026 16:11:57.789] [Worker-ResourceReload-11/WARN] [net.minecraft.client.resources.model.ModelManager/]: Missing textures in model displaydelight:plated_barbecue_stick#inventory:
    minecraft:textures/atlas/blocks.png:displaydelight:block/bowl
[04Aug2026 16:11:57.789] [Worker-ResourceReload-11/WARN] [net.minecraft.client.resources.model.ModelManager/]: Missing textures in model displaydelight:ed_cranberry_chicken#inventory:
    minecraft:textures/atlas/blocks.png:displaydelight:block/bowl
[04Aug2026 16:11:57.789] [Worker-ResourceReload-11/WARN] [net.minecraft.client.resources.model.ModelManager/]: Missing textures in model displaydelight:abd_small_plated_yucca_gateau_slice#inventory:
    minecraft:textures/atlas/blocks.png:displaydelight:block/bowl
[04Aug2026 16:11:57.789] [Worker-ResourceReload-11/WARN] [net.minecraft.client.resources.model.ModelManager/]: Missing textures in model displaydelight:plated_melon_popsicle#inventory:
    minecraft:textures/atlas/blocks.png:displaydelight:block/bowl
[04Aug2026 16:11:57.789] [Worker-ResourceReload-11/WARN] [net.minecraft.client.resources.model.ModelManager/]: Missing textures in model displaydelight:lm_mushroom_pot_pie#facing=north,support=false:
    minecraft:textures/atlas/blocks.png:displaydelight:block/bowl
[04Aug2026 16:11:57.789] [Worker-ResourceReload-11/WARN] [net.minecraft.client.resources.model.ModelManager/]: Missing textures in model displaydelight:pasta_with_meatballs#facing=west,support=true:
    minecraft:textures/atlas/blocks.png:displaydelight:block/bowl
[04Aug2026 16:11:57.789] [Worker-ResourceReload-11/WARN] [net.minecraft.client.resources.model.ModelManager/]: Missing textures in model displaydelight:mushroom_rice#inventory:
    minecraft:textures/atlas/blocks.png:displaydelight:block/bowl
[04Aug2026 16:11:57.789] [Worker-ResourceReload-11/WARN] [net.minecraft.client.resources.model.ModelManager/]: Missing textures in model create_connected:fan_soul_stripping_catalyst#inventory:
    minecraft:textures/atlas/blocks.png:createnetherindustry:block/soul_stripping_block
[04Aug2026 16:11:57.789] [Worker-ResourceReload-11/WARN] [net.minecraft.client.resources.model.ModelManager/]: Missing textures in model displaydelight:ctd_small_plated_midori_roll_slice#facing=east,plate_hidden=true,support=false:
    minecraft:textures/atlas/blocks.png:displaydelight:block/bowl
[04Aug2026 16:11:57.789] [Worker-ResourceReload-11/WARN] [net.minecraft.client.resources.model.ModelManager/]: Missing textures in model displaydelight:abd_small_plated_chocolate_cake_slice#facing=east,plate_hidden=true,support=true:
    minecraft:textures/atlas/blocks.png:displaydelight:block/bowl
[04Aug2026 16:11:57.789] [Worker-ResourceReload-11/WARN] [net.minecraft.client.resources.model.ModelManager/]: Missing textures in model displaydelight:ctd_plated_tropical_roll#facing=east,plate_hidden=true,stacks=3,support=true:
    minecraft:textures/atlas/blocks.png:displaydelight:block/bowl
[04Aug2026 16:11:57.789] [Worker-ResourceReload-11/WARN] [net.minecraft.client.resources.model.ModelManager/]: Missing textures in model displaydelight:ed_plated_cranberry_goat_cheese_toast#inventory:
    minecraft:textures/atlas/blocks.png:displaydelight:block/bowl
[04Aug2026 16:11:57.789] [Worker-ResourceReload-11/WARN] [net.minecraft.client.resources.model.ModelManager/]: Missing textures in model displaydelight:plated_egg_sandwich#facing=west,plate_hidden=true,stacks=1,support=true:
    minecraft:textures/atlas/blocks.png:displaydelight:block/bowl
[04Aug2026 16:11:57.789] [Worker-ResourceReload-11/WARN] [net.minecraft.client.resources.model.ModelManager/]: Missing textures in model displaydelight:small_plated_cabbage_rolls#inventory:
    minecraft:textures/atlas/blocks.png:displaydelight:block/bowl
[04Aug2026 16:11:57.789] [Worker-ResourceReload-11/WARN] [net.minecraft.client.resources.model.ModelManager/]: Missing textures in model displaydelight:plated_stuffed_potato#facing=west,plate_hidden=true,stacks=6,support=false:
    minecraft:textures/atlas/blocks.png:displaydelight:block/bowl
[04Aug2026 16:11:57.789] [Worker-ResourceReload-11/WARN] [net.minecraft.client.resources.model.ModelManager/]: Missing textures in model displaydelight:ed_plated_cranberry_goat_cheese_toast#facing=north,plate_hidden=true,stacks=5,support=true:
    minecraft:textures/atlas/blocks.png:displaydelight:block/bowl
[04Aug2026 16:11:57.789] [Worker-ResourceReload-11/WARN] [net.minecraft.client.resources.model.ModelManager/]: Missing textures in model create_connected:fan_glooming_catalyst#:
    minecraft:textures/atlas/blocks.png:twilightforest:block/deadrock
    minecraft:textures/atlas/blocks.png:create_shimmer:block/ominous_campfire_fire
[04Aug2026 16:11:57.789] [Worker-ResourceReload-11/WARN] [net.minecraft.client.resources.model.ModelManager/]: Missing textures in model displaydelight:ratatouille#facing=south,support=false:
    minecraft:textures/atlas/blocks.png:displaydelight:block/bowl
[04Aug2026 16:11:57.789] [Worker-ResourceReload-11/WARN] [net.minecraft.client.resources.model.ModelManager/]: Missing textures in model displaydelight:bnc_horror_lasagna#inventory:
    minecraft:textures/atlas/blocks.png:brewinandchewin:item/horror_lasagna
[04Aug2026 16:11:57.789] [Worker-ResourceReload-11/WARN] [net.minecraft.client.resources.model.ModelManager/]: Missing textures in model displaydelight:bnc_horror_lasagna#facing=south,support=false:
    minecraft:textures/atlas/blocks.png:brewinandchewin:item/horror_lasagna
[04Aug2026 16:11:57.789] [Worker-ResourceReload-11/WARN] [net.minecraft.client.resources.model.ModelManager/]: Missing textures in model displaydelight:ctd_plated_egg_roll#inventory:
    minecraft:textures/atlas/blocks.png:displaydelight:block/bowl
[04Aug2026 16:11:57.789] [Worker-ResourceReload-11/WARN] [net.minecraft.client.resources.model.ModelManager/]: Missing textures in model create_connected:fan_transmutation_catalyst#:
    minecraft:textures/atlas/blocks.png:create_shimmer:fluid/shimmer_flow
[04Aug2026 16:11:57.789] [Worker-ResourceReload-11/WARN] [net.minecraft.client.resources.model.ModelManager/]: Missing textures in model displaydelight:mnd_plated_chilidog#inventory:
    minecraft:textures/atlas/blocks.png:mynethersdelight:item/chilidog
[04Aug2026 16:11:57.789] [Worker-ResourceReload-11/WARN] [net.minecraft.client.resources.model.ModelManager/]: Missing textures in model displaydelight:acd_buckling#facing=north,support=false:
    minecraft:textures/atlas/blocks.png:displaydelight:block/bowl
[04Aug2026 16:11:57.789] [Worker-ResourceReload-11/WARN] [net.minecraft.client.resources.model.ModelManager/]: Missing textures in model displaydelight:acd_buckling#inventory:
    minecraft:textures/atlas/blocks.png:displaydelight:block/bowl
[04Aug2026 16:11:57.789] [Worker-ResourceReload-11/WARN] [net.minecraft.client.resources.model.ModelManager/]: Missing textures in model displaydelight:ed_cranberry_chicken#facing=south,support=false:
    minecraft:textures/atlas/blocks.png:displaydelight:block/bowl
[04Aug2026 16:11:57.789] [Worker-ResourceReload-11/WARN] [net.minecraft.client.resources.model.ModelManager/]: Missing textures in model displaydelight:fr_small_plated_coffee_cake_slice#inventory:
    minecraft:textures/atlas/blocks.png:displaydelight:block/bowl
[04Aug2026 16:11:57.789] [Worker-ResourceReload-11/WARN] [net.minecraft.client.resources.model.ModelManager/]: Missing textures in model displaydelight:plated_stuffed_potato#inventory:
    minecraft:textures/atlas/blocks.png:displaydelight:block/bowl
[04Aug2026 16:11:57.790] [Worker-ResourceReload-11/WARN] [net.minecraft.client.resources.model.ModelManager/]: Missing textures in model displaydelight:ed_asparagus_and_bacon_cheesy#facing=west,support=true:
    minecraft:textures/atlas/blocks.png:displaydelight:block/bowl
[04Aug2026 16:11:57.790] [Worker-ResourceReload-11/WARN] [net.minecraft.client.resources.model.ModelManager/]: Missing textures in model scguns:special/pyroclastic_flow/main#standalone:
    minecraft:textures/atlas/blocks.png:scguns:animated/gun/pyroclastic_flow
[04Aug2026 16:11:57.790] [Worker-ResourceReload-11/WARN] [net.minecraft.client.resources.model.ModelManager/]: Missing textures in model create_connected:fan_ending_catalyst_dragons_breath#inventory:
    minecraft:textures/atlas/blocks.png:create_dragons_plus:fluid/dragon_breath_flow
[04Aug2026 16:11:57.790] [Worker-ResourceReload-11/WARN] [net.minecraft.client.resources.model.ModelManager/]: Missing textures in model displaydelight:small_food_plate#support=true:
    minecraft:textures/atlas/blocks.png:displaydelight:block/bowl
[04Aug2026 16:11:57.790] [Worker-ResourceReload-11/WARN] [net.minecraft.client.resources.model.ModelManager/]: Missing textures in model displaydelight:vegetable_noodles#inventory:
    minecraft:textures/atlas/blocks.png:displaydelight:block/bowl
[04Aug2026 16:11:57.790] [Worker-ResourceReload-11/WARN] [net.minecraft.client.resources.model.ModelManager/]: Missing textures in model sable_schematic_api:blueprint_cannon#facing=north:
    minecraft:textures/atlas/blocks.png:minecraft:block/dispenser_front_horizontal
[04Aug2026 16:11:57.790] [Worker-ResourceReload-11/WARN] [net.minecraft.client.resources.model.ModelManager/]: Missing textures in model tfmg:constantan_truss#inventory:
    minecraft:textures/atlas/blocks.png:tfmg:block/constantan_truss_truss
[04Aug2026 16:11:57.790] [Worker-ResourceReload-11/WARN] [net.minecraft.client.resources.model.ModelManager/]: Missing textures in model displaydelight:plated_cabbage_rolls#inventory:
    minecraft:textures/atlas/blocks.png:displaydelight:block/bowl
[04Aug2026 16:11:57.790] [Worker-ResourceReload-11/WARN] [net.minecraft.client.resources.model.ModelManager/]: Missing textures in model displaydelight:acd_plated_catfish_barbecue#inventory:
    minecraft:textures/atlas/blocks.png:displaydelight:block/bowl
[04Aug2026 16:11:57.790] [Worker-ResourceReload-11/WARN] [net.minecraft.client.resources.model.ModelManager/]: Missing textures in model displaydelight:small_plated_kelp_roll_slice#facing=north,plate_hidden=false,support=false:
    minecraft:textures/atlas/blocks.png:displaydelight:block/bowl
[04Aug2026 16:11:57.790] [Worker-ResourceReload-11/WARN] [net.minecraft.client.resources.model.ModelManager/]: Missing textures in model displaydelight:crd_clam_bake#inventory:
    minecraft:textures/atlas/blocks.png:displaydelight:block/bowl
[04Aug2026 16:11:57.790] [Worker-ResourceReload-11/WARN] [net.minecraft.client.resources.model.ModelManager/]: Missing textures in model supplementaries:special_models/plants/root#standalone:
    minecraft:textures/atlas/blocks.png:quark:block/root
[04Aug2026 16:11:57.790] [Worker-ResourceReload-11/WARN] [net.minecraft.client.resources.model.ModelManager/]: Missing textures in model supplementaries:tater_in_a_jar#inventory:
    minecraft:textures/atlas/blocks.png:quark:model/tiny_potato/default
[04Aug2026 16:11:57.790] [Worker-ResourceReload-11/WARN] [net.minecraft.client.resources.model.ModelManager/]: Missing textures in model displaydelight:abd_small_plated_adzuki_cake_slice#inventory:
    minecraft:textures/atlas/blocks.png:displaydelight:block/bowl
[04Aug2026 16:11:57.790] [Worker-ResourceReload-11/WARN] [net.minecraft.client.resources.model.ModelManager/]: Missing textures in model displaydelight:abd_small_plated_strawberry_cake_slice#facing=east,plate_hidden=true,support=true:
    minecraft:textures/atlas/blocks.png:displaydelight:block/bowl
[04Aug2026 16:11:57.790] [Worker-ResourceReload-11/WARN] [net.minecraft.client.resources.model.ModelManager/]: Missing textures in model displaydelight:fr_small_plated_coffee_cake_slice#facing=north,plate_hidden=true,support=false:
    minecraft:textures/atlas/blocks.png:displaydelight:block/bowl
[04Aug2026 16:11:57.790] [Worker-ResourceReload-11/WARN] [net.minecraft.client.resources.model.ModelManager/]: Missing textures in model displaydelight:mnd_small_plated_magma_cake_slice#inventory:
    minecraft:textures/atlas/blocks.png:displaydelight:block/bowl
[04Aug2026 16:11:57.790] [Worker-ResourceReload-11/WARN] [net.minecraft.client.resources.model.ModelManager/]: Missing textures in model create_connected:fan_ending_catalyst_dragons_breath#:
    minecraft:textures/atlas/blocks.png:create_dragons_plus:fluid/dragon_breath_flow
[04Aug2026 16:11:57.790] [Worker-ResourceReload-11/WARN] [net.minecraft.client.resources.model.ModelManager/]: Missing textures in model displaydelight:edd_dragon_meat_stew#inventory:
    minecraft:textures/atlas/blocks.png:displaydelight:block/bowl
[04Aug2026 16:11:57.790] [Worker-ResourceReload-11/WARN] [net.minecraft.client.resources.model.ModelManager/]: Missing textures in model displaydelight:crd_clam_bake#facing=west,support=false:
    minecraft:textures/atlas/blocks.png:displaydelight:block/bowl
[04Aug2026 16:11:57.790] [Worker-ResourceReload-11/WARN] [net.minecraft.client.resources.model.ModelManager/]: Missing textures in model displaydelight:crd_plated_stuffed_nautilus_shell#facing=north,plate_hidden=false,stacks=6,support=true:
    minecraft:textures/atlas/blocks.png:displaydelight:block/bowl
[04Aug2026 16:11:57.790] [Worker-ResourceReload-11/WARN] [net.minecraft.client.resources.model.ModelManager/]: Missing textures in model displaydelight:plated_barbecue_stick#facing=east,plate_hidden=true,stacks=5,support=true:
    minecraft:textures/atlas/blocks.png:displaydelight:block/bowl
[04Aug2026 16:11:57.790] [Worker-ResourceReload-11/WARN] [net.minecraft.client.resources.model.ModelManager/]: Missing textures in model sable_schematic_api:blueprint_cannon#facing=south:
    minecraft:textures/atlas/blocks.png:minecraft:block/dispenser_front_horizontal
[04Aug2026 16:11:57.790] [Worker-ResourceReload-11/WARN] [net.minecraft.client.resources.model.ModelManager/]: Missing textures in model displaydelight:pd_small_plated_pineapple_cake_slice#facing=north,plate_hidden=false,support=false:
    minecraft:textures/atlas/blocks.png:displaydelight:block/bowl
[04Aug2026 16:11:57.790] [Worker-ResourceReload-11/WARN] [net.minecraft.client.resources.model.ModelManager/]: Missing textures in model sable_schematic_api:blueprint_cannon#inventory:
    minecraft:textures/atlas/blocks.png:minecraft:block/dispenser_front_horizontal
[04Aug2026 16:11:57.790] [Worker-ResourceReload-11/WARN] [net.minecraft.client.resources.model.ModelManager/]: Missing textures in model displaydelight:ctd_plated_mutton_sandwich#facing=west,plate_hidden=true,stacks=2,support=false:
    minecraft:textures/atlas/blocks.png:displaydelight:block/bowl
[04Aug2026 16:11:57.790] [Worker-ResourceReload-11/WARN] [net.minecraft.client.resources.model.ModelManager/]: Missing textures in model displaydelight:erd_steak_fries#facing=west,support=true:
    minecraft:textures/atlas/blocks.png:displaydelight:block/bowl
[04Aug2026 16:11:57.790] [Worker-ResourceReload-11/WARN] [net.minecraft.client.resources.model.ModelManager/]: Missing textures in model displaydelight:ctd_plated_calamari_roll#inventory:
    minecraft:textures/atlas/blocks.png:displaydelight:block/bowl
[04Aug2026 16:11:57.790] [Worker-ResourceReload-11/WARN] [net.minecraft.client.resources.model.ModelManager/]: Missing textures in model displaydelight:acd_jellyfish_jelly#facing=north,support=false:
    minecraft:textures/atlas/blocks.png:displaydelight:block/bowl
[04Aug2026 16:11:57.790] [Worker-ResourceReload-11/WARN] [net.minecraft.client.resources.model.ModelManager/]: Missing textures in model displaydelight:ctd_plated_egg_roll#facing=west,plate_hidden=false,stacks=6,support=true:
    minecraft:textures/atlas/blocks.png:displaydelight:block/bowl
[04Aug2026 16:11:57.790] [Worker-ResourceReload-11/WARN] [net.minecraft.client.resources.model.ModelManager/]: Missing textures in model displaydelight:roasted_mutton_chops#facing=north,support=false:
    minecraft:textures/atlas/blocks.png:displaydelight:block/bowl
[04Aug2026 16:11:57.790] [Worker-ResourceReload-11/WARN] [net.minecraft.client.resources.model.ModelManager/]: Missing textures in model displaydelight:abd_small_plated_banana_cake_slice#inventory:
    minecraft:textures/atlas/blocks.png:displaydelight:block/bowl
[04Aug2026 16:11:57.790] [Worker-ResourceReload-11/WARN] [net.minecraft.client.resources.model.ModelManager/]: Missing textures in model displaydelight:small_plated_stuffed_potato#facing=west,plate_hidden=true,support=false:
    minecraft:textures/atlas/blocks.png:displaydelight:block/bowl
[04Aug2026 16:11:57.790] [Worker-ResourceReload-11/WARN] [net.minecraft.client.resources.model.ModelManager/]: Missing textures in model pipeorgans:haunted_whistle#inventory:
    minecraft:textures/atlas/blocks.png:pipeorgans:block/haunted_whistle_particle
[04Aug2026 16:11:57.790] [Worker-ResourceReload-11/WARN] [net.minecraft.client.resources.model.ModelManager/]: Missing textures in model displaydelight:abd_small_plated_vanilla_cake_slice#inventory:
    minecraft:textures/atlas/blocks.png:displaydelight:block/bowl
[04Aug2026 16:11:57.790] [Worker-ResourceReload-11/WARN] [net.minecraft.client.resources.model.ModelManager/]: Missing textures in model sable_schematic_api:blueprint_cannon#facing=west:
    minecraft:textures/atlas/blocks.png:minecraft:block/dispenser_front_horizontal
[04Aug2026 16:11:57.790] [Worker-ResourceReload-11/WARN] [net.minecraft.client.resources.model.ModelManager/]: Missing textures in model displaydelight:ctd_plated_calamari_roll#facing=west,plate_hidden=true,stacks=6,support=false:
    minecraft:textures/atlas/blocks.png:displaydelight:block/bowl
[04Aug2026 16:11:57.790] [Worker-ResourceReload-11/WARN] [net.minecraft.client.resources.model.ModelManager/]: Missing textures in model displaydelight:acd_tuna_spaghetti#inventory:
    minecraft:textures/atlas/blocks.png:displaydelight:block/bowl
[04Aug2026 16:11:57.790] [Worker-ResourceReload-11/WARN] [net.minecraft.client.resources.model.ModelManager/]: Missing textures in model create_connected:fan_glooming_catalyst#inventory:
    minecraft:textures/atlas/blocks.png:twilightforest:block/deadrock
    minecraft:textures/atlas/blocks.png:create_shimmer:block/ominous_campfire_fire
[04Aug2026 16:11:57.790] [Worker-ResourceReload-11/WARN] [net.minecraft.client.resources.model.ModelManager/]: Missing textures in model displaydelight:edd_plated_end_barbecue_stick#facing=west,plate_hidden=false,stacks=1,support=true:
    minecraft:textures/atlas/blocks.png:displaydelight:block/bowl
[04Aug2026 16:11:57.790] [Worker-ResourceReload-11/WARN] [net.minecraft.client.resources.model.ModelManager/]: Missing textures in model displaydelight:plated_melon_popsicle#facing=south,plate_hidden=false,stacks=3,support=false:
    minecraft:textures/atlas/blocks.png:displaydelight:block/bowl
[04Aug2026 16:11:57.790] [Worker-ResourceReload-11/WARN] [net.minecraft.client.resources.model.ModelManager/]: Missing textures in model displaydelight:ctd_plated_avocado_toast#facing=west,plate_hidden=false,stacks=1,support=true:
    minecraft:textures/atlas/blocks.png:displaydelight:block/bowl
[04Aug2026 16:11:57.790] [Worker-ResourceReload-11/WARN] [net.minecraft.client.resources.model.ModelManager/]: Missing textures in model displaydelight:small_plated_cake_slice#facing=north,plate_hidden=false,support=false:
    minecraft:textures/atlas/blocks.png:displaydelight:block/bowl
[04Aug2026 16:11:57.790] [Worker-ResourceReload-11/WARN] [net.minecraft.client.resources.model.ModelManager/]: Missing textures in model tfmg:block/fuse_block/fuse#standalone:
    minecraft:textures/atlas/blocks.png:tfmg:block/fuse_block
[04Aug2026 16:11:57.790] [Worker-ResourceReload-11/WARN] [net.minecraft.client.resources.model.ModelManager/]: Missing textures in model displaydelight:mnd_plate_of_stuffed_hoglin_ham#inventory:
    minecraft:textures/atlas/blocks.png:displaydelight:block/bowl
[04Aug2026 16:11:57.790] [Worker-ResourceReload-11/WARN] [net.minecraft.client.resources.model.ModelManager/]: Missing textures in model create_connected:fan_enriched_catalyst#:
    minecraft:textures/atlas/blocks.png:createnuclear:block/enriched_soul_soil
    minecraft:textures/atlas/blocks.png:createnuclear:block/enriching/campfire/enriching_flame
[04Aug2026 16:11:57.790] [Worker-ResourceReload-11/WARN] [net.minecraft.client.resources.model.ModelManager/]: Missing textures in model displaydelight:od_plated_cooked_stuffed_cod#inventory:
    minecraft:textures/atlas/blocks.png:displaydelight:block/bowl
[04Aug2026 16:11:57.790] [Worker-ResourceReload-11/WARN] [net.minecraft.client.resources.model.ModelManager/]: Missing textures in model tfmg:constantan_truss#axis=y,waterlogged=true:
    minecraft:textures/atlas/blocks.png:tfmg:block/constantan_truss_truss
[04Aug2026 16:11:57.790] [Worker-ResourceReload-11/WARN] [net.minecraft.client.resources.model.ModelManager/]: Missing textures in model displaydelight:crd_plated_fish_stick#inventory:
    minecraft:textures/atlas/blocks.png:displaydelight:block/bowl
[04Aug2026 16:11:57.790] [Worker-ResourceReload-11/WARN] [net.minecraft.client.resources.model.ModelManager/]: Missing textures in model displaydelight:bnc_vegetable_omelet#inventory:
    minecraft:textures/atlas/blocks.png:displaydelight:block/bowl
[04Aug2026 16:11:57.790] [Worker-ResourceReload-11/WARN] [net.minecraft.client.resources.model.ModelManager/]: Missing textures in model displaydelight:small_plated_cake_slice#inventory:
    minecraft:textures/atlas/blocks.png:displaydelight:block/bowl
[04Aug2026 16:11:57.790] [Worker-ResourceReload-11/WARN] [net.minecraft.client.resources.model.ModelManager/]: Missing textures in model create_connected:fan_enriched_catalyst#inventory:
    minecraft:textures/atlas/blocks.png:createnuclear:block/enriched_soul_soil
    minecraft:textures/atlas/blocks.png:createnuclear:block/enriching/campfire/enriching_flame
[04Aug2026 16:11:57.790] [Worker-ResourceReload-11/WARN] [net.minecraft.client.resources.model.ModelManager/]: Missing textures in model displaydelight:crd_plated_stuffed_nautilus_shell#inventory:
    minecraft:textures/atlas/blocks.png:displaydelight:block/bowl
[04Aug2026 16:11:57.790] [Worker-ResourceReload-11/WARN] [net.minecraft.client.resources.model.ModelManager/]: Missing textures in model create_connected:fan_soul_stripping_catalyst#:
    minecraft:textures/atlas/blocks.png:createnetherindustry:block/soul_stripping_block
[04Aug2026 16:11:57.790] [Worker-ResourceReload-11/WARN] [net.minecraft.client.resources.model.ModelManager/]: Missing textures in model displaydelight:ed_sweet_potato_salad#inventory:
    minecraft:textures/atlas/blocks.png:displaydelight:block/bowl
[04Aug2026 16:11:57.790] [Worker-ResourceReload-11/WARN] [net.minecraft.client.resources.model.ModelManager/]: Missing textures in model displaydelight:abd_small_plated_yucca_gateau_slice#facing=east,plate_hidden=true,support=false:
    minecraft:textures/atlas/blocks.png:displaydelight:block/bowl
[04Aug2026 16:11:57.790] [Worker-ResourceReload-11/WARN] [net.minecraft.client.resources.model.ModelManager/]: Missing textures in model displaydelight:ed_small_plated_cheese_slice#facing=north,plate_hidden=false,support=false:
    minecraft:textures/atlas/blocks.png:displaydelight:block/bowl
[04Aug2026 16:11:57.790] [Worker-ResourceReload-11/WARN] [net.minecraft.client.resources.model.ModelManager/]: Missing textures in model create_connected:fan_transmutation_catalyst#inventory:
    minecraft:textures/atlas/blocks.png:create_shimmer:fluid/shimmer_flow
[04Aug2026 16:11:57.790] [Worker-ResourceReload-11/WARN] [net.minecraft.client.resources.model.ModelManager/]: Missing textures in model displaydelight:plated_dumplings#facing=west,plate_hidden=false,stacks=6,support=false:
    minecraft:textures/atlas/blocks.png:displaydelight:block/bowl
[04Aug2026 16:11:57.790] [Worker-ResourceReload-11/WARN] [net.minecraft.client.resources.model.ModelManager/]: Missing textures in model displaydelight:grilled_salmon#inventory:
    minecraft:textures/atlas/blocks.png:displaydelight:block/bowl
[04Aug2026 16:11:57.790] [Worker-ResourceReload-11/WARN] [net.minecraft.client.resources.model.ModelManager/]: Missing textures in model scguns:special/krauser/light_stock#standalone:
    minecraft:textures/atlas/blocks.png:scguns:item/krauser_stocks
[04Aug2026 16:11:57.790] [Worker-ResourceReload-11/WARN] [net.minecraft.client.resources.model.ModelManager/]: Missing textures in model displaydelight:crd_plated_shrimp_skewer#facing=north,plate_hidden=false,stacks=2,support=false:
    minecraft:textures/atlas/blocks.png:displaydelight:block/bowl
[04Aug2026 16:11:57.790] [Worker-ResourceReload-11/WARN] [net.minecraft.client.resources.model.ModelManager/]: Missing textures in model displaydelight:od_plated_baked_tentacle_on_a_stick#inventory:
    minecraft:textures/atlas/blocks.png:displaydelight:block/bowl
[04Aug2026 16:11:57.790] [Worker-ResourceReload-11/WARN] [net.minecraft.client.resources.model.ModelManager/]: Missing textures in model displaydelight:abd_small_plated_strawberry_cake_slice#inventory:
    minecraft:textures/atlas/blocks.png:displaydelight:block/bowl
[04Aug2026 16:11:57.790] [Worker-ResourceReload-11/WARN] [net.minecraft.client.resources.model.ModelManager/]: Missing textures in model displaydelight:small_plated_stuffed_potato#inventory:
    minecraft:textures/atlas/blocks.png:displaydelight:block/bowl
[04Aug2026 16:11:57.790] [Worker-ResourceReload-11/WARN] [net.minecraft.client.resources.model.ModelManager/]: Missing textures in model displaydelight:grilled_salmon#facing=north,support=true:
    minecraft:textures/atlas/blocks.png:displaydelight:block/bowl
[04Aug2026 16:11:57.790] [Worker-ResourceReload-11/WARN] [net.minecraft.client.resources.model.ModelManager/]: Missing textures in model displaydelight:steak_and_potatoes#inventory:
    minecraft:textures/atlas/blocks.png:displaydelight:block/bowl
[04Aug2026 16:11:57.790] [Worker-ResourceReload-11/WARN] [net.minecraft.client.resources.model.ModelManager/]: Missing textures in model displaydelight:mnd_giant_takoyaki#inventory:
    minecraft:textures/atlas/blocks.png:displaydelight:block/bowl
[04Aug2026 16:11:57.790] [Worker-ResourceReload-11/WARN] [net.minecraft.client.resources.model.ModelManager/]: Missing textures in model displaydelight:steak_and_potatoes#facing=north,support=false:
    minecraft:textures/atlas/blocks.png:displaydelight:block/bowl
[04Aug2026 16:11:57.790] [Worker-ResourceReload-11/WARN] [net.minecraft.client.resources.model.ModelManager/]: Missing textures in model displaydelight:ed_small_plated_cheese_slice#inventory:
    minecraft:textures/atlas/blocks.png:displaydelight:block/bowl
[04Aug2026 16:11:57.790] [Worker-ResourceReload-11/WARN] [net.minecraft.client.resources.model.ModelManager/]: Missing textures in model displaydelight:plated_salmon_roll#inventory:
    minecraft:textures/atlas/blocks.png:displaydelight:block/bowl
[04Aug2026 16:11:57.790] [Worker-ResourceReload-11/WARN] [net.minecraft.client.resources.model.ModelManager/]: Missing textures in model displaydelight:edd_plated_end_barbecue_stick#inventory:
    minecraft:textures/atlas/blocks.png:displaydelight:block/bowl
[04Aug2026 16:11:57.790] [Worker-ResourceReload-11/WARN] [net.minecraft.client.resources.model.ModelManager/]: Missing textures in model displaydelight:small_plated_kelp_roll_slice#inventory:
    minecraft:textures/atlas/blocks.png:displaydelight:block/bowl
[04Aug2026 16:11:57.790] [Worker-ResourceReload-11/WARN] [net.minecraft.client.resources.model.ModelManager/]: Missing textures in model displaydelight:plated_mutton_wrap#inventory:
    minecraft:textures/atlas/blocks.png:displaydelight:block/bowl
[04Aug2026 16:11:57.790] [Worker-ResourceReload-11/WARN] [net.minecraft.client.resources.model.ModelManager/]: Missing textures in model tfmg:constantan_truss#axis=x,waterlogged=false:
    minecraft:textures/atlas/blocks.png:tfmg:block/constantan_truss_truss
[04Aug2026 16:11:57.790] [Worker-ResourceReload-11/WARN] [net.minecraft.client.resources.model.ModelManager/]: Missing textures in model displaydelight:nd_plate_of_stuffed_hoglin_ham#facing=north,support=false:
    minecraft:textures/atlas/blocks.png:displaydelight:block/bowl
[04Aug2026 16:11:57.791] [Worker-ResourceReload-11/WARN] [net.minecraft.client.resources.model.ModelManager/]: Missing textures in model displaydelight:nd_plate_of_stuffed_hoglin_ham#inventory:
    minecraft:textures/atlas/blocks.png:displaydelight:block/bowl
[04Aug2026 16:11:57.791] [Worker-ResourceReload-11/WARN] [net.minecraft.client.resources.model.ModelManager/]: Missing textures in model displaydelight:plated_chicken_sandwich#inventory:
    minecraft:textures/atlas/blocks.png:displaydelight:block/bowl
[04Aug2026 16:11:57.791] [Worker-ResourceReload-11/WARN] [net.minecraft.client.resources.model.ModelManager/]: Missing textures in model displaydelight:plated_cod_roll#inventory:
    minecraft:textures/atlas/blocks.png:displaydelight:block/bowl
[04Aug2026 16:11:57.791] [Worker-ResourceReload-11/WARN] [net.minecraft.client.resources.model.ModelManager/]: Missing textures in model displaydelight:od_plated_elder_guardian_roll#facing=west,plate_hidden=true,stacks=2,support=false:
    minecraft:textures/atlas/blocks.png:displaydelight:block/bowl
[04Aug2026 16:11:57.791] [Worker-ResourceReload-11/WARN] [net.minecraft.client.resources.model.ModelManager/]: Missing textures in model displaydelight:mnd_small_plated_magma_cake_slice#facing=north,plate_hidden=false,support=false:
    minecraft:textures/atlas/blocks.png:displaydelight:block/bowl
[04Aug2026 16:11:57.791] [Worker-ResourceReload-11/WARN] [net.minecraft.client.resources.model.ModelManager/]: Missing textures in model displaydelight:plated_salmon_roll#facing=east,plate_hidden=true,stacks=4,support=true:
    minecraft:textures/atlas/blocks.png:displaydelight:block/bowl
[04Aug2026 16:11:57.791] [Worker-ResourceReload-11/WARN] [net.minecraft.client.resources.model.ModelManager/]: Missing textures in model displaydelight:od_plated_fugu_roll#inventory:
    minecraft:textures/atlas/blocks.png:displaydelight:block/bowl
[04Aug2026 16:11:57.791] [Worker-ResourceReload-11/WARN] [net.minecraft.client.resources.model.ModelManager/]: Missing textures in model displaydelight:crd_plated_fish_stick#facing=west,plate_hidden=true,stacks=5,support=false:
    minecraft:textures/atlas/blocks.png:displaydelight:block/bowl
[04Aug2026 16:11:57.791] [Worker-ResourceReload-11/WARN] [net.minecraft.client.resources.model.ModelManager/]: Missing textures in model displaydelight:ctd_plated_avocado_toast#inventory:
    minecraft:textures/atlas/blocks.png:displaydelight:block/bowl
[04Aug2026 16:11:57.791] [Worker-ResourceReload-11/WARN] [net.minecraft.client.resources.model.ModelManager/]: Missing textures in model displaydelight:ed_sweet_potato_salad#facing=east,support=true:
    minecraft:textures/atlas/blocks.png:displaydelight:block/bowl
[04Aug2026 16:11:57.791] [Worker-ResourceReload-11/WARN] [net.minecraft.client.resources.model.ModelManager/]: Missing textures in model displaydelight:acd_jellyfish_jelly#inventory:
    minecraft:textures/atlas/blocks.png:displaydelight:block/bowl
[04Aug2026 16:11:57.791] [Worker-ResourceReload-11/WARN] [net.minecraft.client.resources.model.ModelManager/]: Missing textures in model tfmg:constantan_truss#axis=z,waterlogged=true:
    minecraft:textures/atlas/blocks.png:tfmg:block/constantan_truss_truss
[04Aug2026 16:11:57.791] [Worker-ResourceReload-11/WARN] [net.minecraft.client.resources.model.ModelManager/]: Missing textures in model displaydelight:abd_small_plated_mint_cake_slice#inventory:
    minecraft:textures/atlas/blocks.png:displaydelight:block/bowl
[04Aug2026 16:11:57.791] [Worker-ResourceReload-11/WARN] [net.minecraft.client.resources.model.ModelManager/]: Missing textures in model displaydelight:plated_chicken_sandwich#facing=north,plate_hidden=true,stacks=3,support=true:
    minecraft:textures/atlas/blocks.png:displaydelight:block/bowl
[04Aug2026 16:11:57.791] [Worker-ResourceReload-11/WARN] [net.minecraft.client.resources.model.ModelManager/]: Missing textures in model displaydelight:acd_halibut_with_tartar_sauce#facing=north,support=true:
    minecraft:textures/atlas/blocks.png:displaydelight:block/bowl
[04Aug2026 16:11:57.791] [Worker-ResourceReload-11/WARN] [net.minecraft.client.resources.model.ModelManager/]: Missing textures in model displaydelight:acd_halibut_with_tartar_sauce#inventory:
    minecraft:textures/atlas/blocks.png:displaydelight:block/bowl
[04Aug2026 16:11:57.791] [Worker-ResourceReload-11/WARN] [net.minecraft.client.resources.model.ModelManager/]: Missing textures in model displaydelight:ed_peperonata#inventory:
    minecraft:textures/atlas/blocks.png:displaydelight:block/bowl
[04Aug2026 16:11:57.791] [Worker-ResourceReload-11/WARN] [net.minecraft.client.resources.model.ModelManager/]: Missing textures in model displaydelight:erd_steak_fries#inventory:
    minecraft:textures/atlas/blocks.png:displaydelight:block/bowl
[04Aug2026 16:11:57.791] [Worker-ResourceReload-11/WARN] [net.minecraft.client.resources.model.ModelManager/]: Missing textures in model displaydelight:ed_asparagus_and_bacon_cheesy#inventory:
    minecraft:textures/atlas/blocks.png:displaydelight:block/bowl
[04Aug2026 16:11:57.791] [Worker-ResourceReload-11/WARN] [net.minecraft.client.resources.model.ModelManager/]: Missing textures in model displaydelight:roasted_mutton_chops#inventory:
    minecraft:textures/atlas/blocks.png:displaydelight:block/bowl
[04Aug2026 16:11:57.791] [Worker-ResourceReload-11/WARN] [net.minecraft.client.resources.model.ModelManager/]: Missing textures in model displaydelight:small_plated_cabbage_rolls#facing=east,plate_hidden=true,support=true:
    minecraft:textures/atlas/blocks.png:displaydelight:block/bowl
[04Aug2026 16:11:57.791] [Worker-ResourceReload-11/WARN] [net.minecraft.client.resources.model.ModelManager/]: Missing textures in model displaydelight:od_plated_baked_tentacle_on_a_stick#facing=south,plate_hidden=true,stacks=5,support=false:
    minecraft:textures/atlas/blocks.png:displaydelight:block/bowl
[04Aug2026 16:11:57.791] [Worker-ResourceReload-11/WARN] [net.minecraft.client.resources.model.ModelManager/]: Missing textures in model displaydelight:od_plated_fugu_roll#facing=south,plate_hidden=false,stacks=2,support=true:
    minecraft:textures/atlas/blocks.png:displaydelight:block/bowl
[04Aug2026 16:11:57.791] [Worker-ResourceReload-11/WARN] [net.minecraft.client.resources.model.ModelManager/]: Missing textures in model displaydelight:acd_plated_catfish_barbecue#facing=west,plate_hidden=false,stacks=2,support=false:
    minecraft:textures/atlas/blocks.png:displaydelight:block/bowl
[04Aug2026 16:11:57.791] [Worker-ResourceReload-11/WARN] [net.minecraft.client.resources.model.ModelManager/]: Missing textures in model displaydelight:od_plated_cooked_stuffed_cod#facing=west,plate_hidden=true,stacks=6,support=false:
    minecraft:textures/atlas/blocks.png:displaydelight:block/bowl
[04Aug2026 16:11:57.791] [Worker-ResourceReload-11/WARN] [net.minecraft.client.resources.model.ModelManager/]: Missing textures in model displaydelight:ctd_plated_tropical_roll#inventory:
    minecraft:textures/atlas/blocks.png:displaydelight:block/bowl
[04Aug2026 16:11:57.791] [Worker-ResourceReload-11/WARN] [net.minecraft.client.resources.model.ModelManager/]: Missing textures in model displaydelight:abd_small_plated_chocolate_cake_slice#inventory:
    minecraft:textures/atlas/blocks.png:displaydelight:block/bowl
[04Aug2026 16:11:58.926] [Worker-ResourceReload-11/INFO] [com.github.alexmodguy.alexscaves.AlexsCaves/]: Loaded emissive block models in 563 ms
[04Aug2026 16:12:01.015] [Render thread/INFO] [Veil/]: Loaded 0 shader modifications
[04Aug2026 16:12:01.124] [Render thread/INFO] [Veil/]: Loaded 30 shaders from: pinwheel/shaders/program
[04Aug2026 16:12:01.128] [Worker-ResourceReload-4/INFO] [io.redspace.ironsspellbooks.IronsSpellbooks/]: Got IMC []
[04Aug2026 16:12:01.144] [Worker-ResourceReload-7/INFO] [com.mrh0.createaddition.CreateAddition/]: Create Crafts & Additions Initialized!
[04Aug2026 16:12:01.156] [Worker-ResourceReload-6/INFO] [quark/]: added [item.quark.moss_paste] to CompostManager with chance 0.5
[04Aug2026 16:12:01.174] [Worker-ResourceReload-11/INFO] [snownee.jade.Jade/]: Start loading plugin from net.blay09.mods.balm.neoforge.compat.hudinfo.NeoForgeJadeModCompat
[04Aug2026 16:12:01.183] [Worker-ResourceReload-11/INFO] [snownee.jade.Jade/]: Start loading plugin from net.mehvahdjukaar.supplementaries.integration.JadeCompat
[04Aug2026 16:12:01.184] [Worker-ResourceReload-11/INFO] [snownee.jade.Jade/]: Start loading plugin from de.maxhenkel.corpse.integration.waila.PluginCorpse
[04Aug2026 16:12:01.184] [Worker-ResourceReload-11/INFO] [snownee.jade.Jade/]: Start loading plugin from noobanidus.mods.lootr.common.integration.jade.LootrWailaPlugin
[04Aug2026 16:12:01.184] [Worker-ResourceReload-11/INFO] [snownee.jade.Jade/]: Start loading plugin from ht.treechop.compat.Jade
[04Aug2026 16:12:01.185] [Worker-ResourceReload-11/INFO] [snownee.jade.Jade/]: Start loading plugin from quek.undergarden.compat.jade.UndergardenJadeCompat
[04Aug2026 16:12:01.187] [Worker-ResourceReload-11/INFO] [snownee.jade.Jade/]: Start loading plugin from net.p3pp3rf1y.sophisticatedstorage.compat.jade.StorageJadePlugin
[04Aug2026 16:12:01.188] [Worker-ResourceReload-11/INFO] [snownee.jade.Jade/]: Start loading plugin from xfacthd.framedblocks.common.compat.jade.FramedJadePlugin
[04Aug2026 16:12:01.196] [Worker-ResourceReload-11/INFO] [snownee.jade.Jade/]: Start loading plugin from blusunrize.immersiveengineering.common.util.compat.jade.IEWailaPlugin
[04Aug2026 16:12:01.197] [Worker-ResourceReload-11/INFO] [snownee.jade.Jade/]: Start loading plugin from snownee.jade.addon.vanilla.VanillaPlugin
[04Aug2026 16:12:01.213] [Worker-ResourceReload-11/INFO] [snownee.jade.Jade/]: Start loading plugin from snownee.jade.addon.universal.UniversalPlugin
[04Aug2026 16:12:01.216] [Worker-ResourceReload-11/INFO] [snownee.jade.Jade/]: Start loading plugin from snownee.jade.addon.debug.DebugPlugin
[04Aug2026 16:12:01.217] [Worker-ResourceReload-11/INFO] [snownee.jade.Jade/]: Start loading plugin from snownee.jade.addon.core.CorePlugin
[04Aug2026 16:12:01.220] [Worker-ResourceReload-11/INFO] [snownee.jade.Jade/]: Start loading plugin from snownee.jade.addon.access.AccessibilityPlugin
[04Aug2026 16:12:01.222] [Worker-ResourceReload-11/INFO] [snownee.jade.Jade/]: Start loading plugin from com.mao.barbequesdelight.compat.jade.JadeCompat
[04Aug2026 16:12:01.244] [Worker-ResourceReload-8/INFO] [PonderIndex/]: Registering Ponder Scenes took 100.1 ms
[04Aug2026 16:12:01.249] [Worker-ResourceReload-8/INFO] [PonderIndex/]: Registering Ponder Tags took 4.801 ms
[04Aug2026 16:12:01.347] [Render thread/INFO] [net.pinkcats.createlazytick.CreateLazyTick/]: [CreateLazyTick][Network] registering CLT payload handlers
[04Aug2026 16:12:01.402] [Render thread/INFO] [Railways/]: Registering Railways network payloads...
[04Aug2026 16:12:01.403] [Render thread/INFO] [Railways/]: Railways network payloads registered successfully
[04Aug2026 16:12:01.625] [Render thread/WARN] [net.minecraft.client.sounds.SoundEngine/]: Missing sound for event: minecraft:item.goat_horn.play
[04Aug2026 16:12:01.625] [Render thread/WARN] [net.minecraft.client.sounds.SoundEngine/]: Missing sound for event: minecraft:entity.goat.screaming.horn_break
[04Aug2026 16:12:01.625] [Render thread/WARN] [net.minecraft.client.sounds.SoundEngine/]: Missing sound for event: supplementaries:entity.plunderer.cannon_use
[04Aug2026 16:12:01.626] [Render thread/WARN] [net.minecraft.client.sounds.SoundEngine/]: Missing sound for event: galosphere:entity.spectre.bottle.empty
[04Aug2026 16:12:01.626] [Render thread/WARN] [net.minecraft.client.sounds.SoundEngine/]: Missing sound for event: galosphere:entity.spectre.bottle.fill
[04Aug2026 16:12:01.626] [Render thread/WARN] [net.minecraft.client.sounds.SoundEngine/]: Missing sound for event: galosphere:block.pink_salt_chamber.summon
[04Aug2026 16:12:01.626] [Render thread/WARN] [net.minecraft.client.sounds.SoundEngine/]: Missing sound for event: galosphere:block.lichen_cordyceps_bulb.break
[04Aug2026 16:12:01.626] [Render thread/WARN] [net.minecraft.client.sounds.SoundEngine/]: Missing sound for event: galosphere:block.lichen_cordyceps_bulb.step
[04Aug2026 16:12:01.626] [Render thread/WARN] [net.minecraft.client.sounds.SoundEngine/]: Missing sound for event: galosphere:block.lichen_cordyceps_bulb.place
[04Aug2026 16:12:01.626] [Render thread/WARN] [net.minecraft.client.sounds.SoundEngine/]: Missing sound for event: galosphere:block.lichen_cordyceps_bulb.hit
[04Aug2026 16:12:01.626] [Render thread/WARN] [net.minecraft.client.sounds.SoundEngine/]: Missing sound for event: galosphere:block.lichen_cordyceps_bulb.fall
[04Aug2026 16:12:01.626] [Render thread/WARN] [net.minecraft.client.sounds.SoundEngine/]: Missing sound for event: irons_spellbooks:entity.generic.swing_weird
[04Aug2026 16:12:01.626] [Render thread/WARN] [net.minecraft.client.sounds.SoundEngine/]: Missing sound for event: irons_spellbooks:entity.dead_king.music.drum_loop
[04Aug2026 16:12:01.659] [Render thread/INFO] [com.mojang.blaze3d.audio.Library/]: OpenAL initialized on device OpenAL Soft on Voicemeeter AUX Input (VB-Audio Voicemeeter VAIO)
[04Aug2026 16:12:01.659] [Render thread/INFO] [Sound Physics - General/]: Initializing Sound Physics
[04Aug2026 16:12:01.659] [Render thread/INFO] [Sound Physics - General/]: EFX Extension recognized
[04Aug2026 16:12:01.659] [Render thread/INFO] [Sound Physics - General/]: Max auxiliary sends: 4
[04Aug2026 16:12:01.660] [Render thread/INFO] [Sound Physics - General/]: Aux slot 1 created
[04Aug2026 16:12:01.661] [Render thread/INFO] [Sound Physics - General/]: Aux slot 2 created
[04Aug2026 16:12:01.661] [Render thread/INFO] [Sound Physics - General/]: Aux slot 3 created
[04Aug2026 16:12:01.661] [Render thread/INFO] [Sound Physics - General/]: Aux slot 4 created
[04Aug2026 16:12:01.663] [Render thread/INFO] [Sound Physics - General/]: EFX ready
[04Aug2026 16:12:01.664] [Render thread/INFO] [net.minecraft.client.sounds.SoundEngine/SOUNDS]: Sound engine started
[04Aug2026 16:12:01.765] [Render thread/INFO] [com.teamabnormals.blueprint.core.Blueprint/]: Endimation Loader has loaded 1 endimations
[04Aug2026 16:12:01.766] [Render thread/INFO] [net.minecraft.client.renderer.texture.TextureAtlas/]: Created: 8192x8192x4 minecraft:textures/atlas/blocks.png-atlas
[04Aug2026 16:12:02.053] [Render thread/INFO] [net.minecraft.client.renderer.texture.TextureAtlas/]: Created: 512x512x4 minecraft:textures/atlas/signs.png-atlas
[04Aug2026 16:12:02.055] [Render thread/INFO] [net.minecraft.client.renderer.texture.TextureAtlas/]: Created: 1024x512x4 minecraft:textures/atlas/shield_patterns.png-atlas
[04Aug2026 16:12:02.057] [Render thread/INFO] [net.minecraft.client.renderer.texture.TextureAtlas/]: Created: 1024x512x4 minecraft:textures/atlas/banner_patterns.png-atlas
[04Aug2026 16:12:02.059] [Render thread/INFO] [net.minecraft.client.renderer.texture.TextureAtlas/]: Created: 2048x2048x4 minecraft:textures/atlas/armor_trims.png-atlas
[04Aug2026 16:12:02.070] [Render thread/INFO] [net.minecraft.client.renderer.texture.TextureAtlas/]: Created: 2048x2048x4 minecraft:textures/atlas/chest.png-atlas
[04Aug2026 16:12:02.081] [Render thread/INFO] [net.minecraft.client.renderer.texture.TextureAtlas/]: Created: 128x128x4 minecraft:textures/atlas/decorated_pot.png-atlas
[04Aug2026 16:12:02.082] [Render thread/INFO] [net.minecraft.client.renderer.texture.TextureAtlas/]: Created: 512x256x4 minecraft:textures/atlas/shulker_boxes.png-atlas
[04Aug2026 16:12:02.083] [Render thread/INFO] [net.minecraft.client.renderer.texture.TextureAtlas/]: Created: 512x256x4 minecraft:textures/atlas/beds.png-atlas
[04Aug2026 16:12:02.357] [Render thread/WARN] [com.github.alexmodguy.alexscaves.AlexsCaves/]: Could not apply radiation glow layer to minecraft:creeper, has custom renderer that is not LivingEntityRenderer.
[04Aug2026 16:12:02.357] [Render thread/WARN] [com.github.alexmodguy.alexscaves.AlexsCaves/]: Could not apply radiation glow layer to galosphere:spectator_vision, has custom renderer that is not LivingEntityRenderer.
[04Aug2026 16:12:02.357] [Render thread/WARN] [com.github.alexmodguy.alexscaves.AlexsCaves/]: Could not apply radiation glow layer to create:package, has custom renderer that is not LivingEntityRenderer.
[04Aug2026 16:12:02.357] [Render thread/WARN] [com.github.alexmodguy.alexscaves.AlexsCaves/]: Could not apply radiation glow layer to alexscaves:ferrouslime, has custom renderer that is not LivingEntityRenderer.
[04Aug2026 16:12:02.357] [Render thread/WARN] [com.github.alexmodguy.alexscaves.AlexsCaves/]: Could not apply radiation glow layer to born_in_chaos_v1:decrepit_skeleton, has custom renderer that is not LivingEntityRenderer.
[04Aug2026 16:12:02.357] [Render thread/WARN] [com.github.alexmodguy.alexscaves.AlexsCaves/]: Could not apply radiation glow layer to born_in_chaos_v1:skeleton_demoman, has custom renderer that is not LivingEntityRenderer.
[04Aug2026 16:12:02.357] [Render thread/WARN] [com.github.alexmodguy.alexscaves.AlexsCaves/]: Could not apply radiation glow layer to born_in_chaos_v1:decaying_zombie, has custom renderer that is not LivingEntityRenderer.
[04Aug2026 16:12:02.357] [Render thread/WARN] [com.github.alexmodguy.alexscaves.AlexsCaves/]: Could not apply radiation glow layer to born_in_chaos_v1:baby_skeleton, has custom renderer that is not LivingEntityRenderer.
[04Aug2026 16:12:02.357] [Render thread/WARN] [com.github.alexmodguy.alexscaves.AlexsCaves/]: Could not apply radiation glow layer to born_in_chaos_v1:baby_skeleton_minion, has custom renderer that is not LivingEntityRenderer.
[04Aug2026 16:12:02.357] [Render thread/WARN] [com.github.alexmodguy.alexscaves.AlexsCaves/]: Could not apply radiation glow layer to born_in_chaos_v1:controlled_baby_skeleton, has custom renderer that is not LivingEntityRenderer.
[04Aug2026 16:12:02.357] [Render thread/WARN] [com.github.alexmodguy.alexscaves.AlexsCaves/]: Could not apply radiation glow layer to born_in_chaos_v1:barrel_zombie, has custom renderer that is not LivingEntityRenderer.
[04Aug2026 16:12:02.358] [Render thread/WARN] [com.github.alexmodguy.alexscaves.AlexsCaves/]: Could not apply radiation glow layer to born_in_chaos_v1:phantom_creeper, has custom renderer that is not LivingEntityRenderer.
[04Aug2026 16:12:02.358] [Render thread/WARN] [com.github.alexmodguy.alexscaves.AlexsCaves/]: Could not apply radiation glow layer to born_in_chaos_v1:phantom_creeper_copy, has custom renderer that is not LivingEntityRenderer.
[04Aug2026 16:12:02.358] [Render thread/WARN] [com.github.alexmodguy.alexscaves.AlexsCaves/]: Could not apply radiation glow layer to born_in_chaos_v1:door_knight, has custom renderer that is not LivingEntityRenderer.
[04Aug2026 16:12:02.358] [Render thread/WARN] [com.github.alexmodguy.alexscaves.AlexsCaves/]: Could not apply radiation glow layer to born_in_chaos_v1:restless_spirit, has custom renderer that is not LivingEntityRenderer.
[04Aug2026 16:12:02.358] [Render thread/WARN] [com.github.alexmodguy.alexscaves.AlexsCaves/]: Could not apply radiation glow layer to born_in_chaos_v1:skeleton_thrasher, has custom renderer that is not LivingEntityRenderer.
[04Aug2026 16:12:02.358] [Render thread/WARN] [com.github.alexmodguy.alexscaves.AlexsCaves/]: Could not apply radiation glow layer to born_in_chaos_v1:pumpkin_spirit, has custom renderer that is not LivingEntityRenderer.
[04Aug2026 16:12:02.358] [Render thread/WARN] [com.github.alexmodguy.alexscaves.AlexsCaves/]: Could not apply radiation glow layer to born_in_chaos_v1:seared_spirit, has custom renderer that is not LivingEntityRenderer.
[04Aug2026 16:12:02.358] [Render thread/WARN] [com.github.alexmodguy.alexscaves.AlexsCaves/]: Could not apply radiation glow layer to born_in_chaos_v1:firelight, has custom renderer that is not LivingEntityRenderer.
[04Aug2026 16:12:02.358] [Render thread/WARN] [com.github.alexmodguy.alexscaves.AlexsCaves/]: Could not apply radiation glow layer to born_in_chaos_v1:diamond_termite, has custom renderer that is not LivingEntityRenderer.
[04Aug2026 16:12:02.358] [Render thread/WARN] [com.github.alexmodguy.alexscaves.AlexsCaves/]: Could not apply radiation glow layer to born_in_chaos_v1:bonescaller, has custom renderer that is not LivingEntityRenderer.
[04Aug2026 16:12:02.358] [Render thread/WARN] [com.github.alexmodguy.alexscaves.AlexsCaves/]: Could not apply radiation glow layer to born_in_chaos_v1:bone_imp, has custom renderer that is not LivingEntityRenderer.
[04Aug2026 16:12:02.358] [Render thread/WARN] [com.github.alexmodguy.alexscaves.AlexsCaves/]: Could not apply radiation glow layer to born_in_chaos_v1:bone_imp_minion, has custom renderer that is not LivingEntityRenderer.
[04Aug2026 16:12:02.358] [Render thread/WARN] [com.github.alexmodguy.alexscaves.AlexsCaves/]: Could not apply radiation glow layer to born_in_chaos_v1:supreme_bonescaller, has custom renderer that is not LivingEntityRenderer.
[04Aug2026 16:12:02.358] [Render thread/WARN] [com.github.alexmodguy.alexscaves.AlexsCaves/]: Could not apply radiation glow layer to born_in_chaos_v1:supreme_bonescaller_stage_2, has custom renderer that is not LivingEntityRenderer.
[04Aug2026 16:12:02.358] [Render thread/WARN] [com.github.alexmodguy.alexscaves.AlexsCaves/]: Could not apply radiation glow layer to born_in_chaos_v1:dark_vortex, has custom renderer that is not LivingEntityRenderer.
[04Aug2026 16:12:02.358] [Render thread/WARN] [com.github.alexmodguy.alexscaves.AlexsCaves/]: Could not apply radiation glow layer to born_in_chaos_v1:dread_hound, has custom renderer that is not LivingEntityRenderer.
[04Aug2026 16:12:02.358] [Render thread/WARN] [com.github.alexmodguy.alexscaves.AlexsCaves/]: Could not apply radiation glow layer to born_in_chaos_v1:fallen_chaos_knight, has custom renderer that is not LivingEntityRenderer.
[04Aug2026 16:12:02.358] [Render thread/WARN] [com.github.alexmodguy.alexscaves.AlexsCaves/]: Could not apply radiation glow layer to born_in_chaos_v1:scarlet_persecutor, has custom renderer that is not LivingEntityRenderer.
[04Aug2026 16:12:02.358] [Render thread/WARN] [com.github.alexmodguy.alexscaves.AlexsCaves/]: Could not apply radiation glow layer to born_in_chaos_v1:spirit_guide, has custom renderer that is not LivingEntityRenderer.
[04Aug2026 16:12:02.358] [Render thread/WARN] [com.github.alexmodguy.alexscaves.AlexsCaves/]: Could not apply radiation glow layer to born_in_chaos_v1:spirit_guide_assistant, has custom renderer that is not LivingEntityRenderer.
[04Aug2026 16:12:02.358] [Render thread/WARN] [com.github.alexmodguy.alexscaves.AlexsCaves/]: Could not apply radiation glow layer to born_in_chaos_v1:zombie_clown, has custom renderer that is not LivingEntityRenderer.
[04Aug2026 16:12:02.358] [Render thread/WARN] [com.github.alexmodguy.alexscaves.AlexsCaves/]: Could not apply radiation glow layer to born_in_chaos_v1:mr_pumpkin, has custom renderer that is not LivingEntityRenderer.
[04Aug2026 16:12:02.358] [Render thread/WARN] [com.github.alexmodguy.alexscaves.AlexsCaves/]: Could not apply radiation glow layer to born_in_chaos_v1:mr_pumpkin_controlled, has custom renderer that is not LivingEntityRenderer.
[04Aug2026 16:12:02.358] [Render thread/WARN] [com.github.alexmodguy.alexscaves.AlexsCaves/]: Could not apply radiation glow layer to born_in_chaos_v1:sir_pumpkinhead, has custom renderer that is not LivingEntityRenderer.
[04Aug2026 16:12:02.358] [Render thread/WARN] [com.github.alexmodguy.alexscaves.AlexsCaves/]: Could not apply radiation glow layer to born_in_chaos_v1:felsteed, has custom renderer that is not LivingEntityRenderer.
[04Aug2026 16:12:02.358] [Render thread/WARN] [com.github.alexmodguy.alexscaves.AlexsCaves/]: Could not apply radiation glow layer to born_in_chaos_v1:sir_pumpkinhead_without_horse, has custom renderer that is not LivingEntityRenderer.
[04Aug2026 16:12:02.358] [Render thread/WARN] [com.github.alexmodguy.alexscaves.AlexsCaves/]: Could not apply radiation glow layer to born_in_chaos_v1:sir_the_headless, has custom renderer that is not LivingEntityRenderer.
[04Aug2026 16:12:02.358] [Render thread/WARN] [com.github.alexmodguy.alexscaves.AlexsCaves/]: Could not apply radiation glow layer to born_in_chaos_v1:pumpkinhead, has custom renderer that is not LivingEntityRenderer.
[04Aug2026 16:12:02.358] [Render thread/WARN] [com.github.alexmodguy.alexscaves.AlexsCaves/]: Could not apply radiation glow layer to born_in_chaos_v1:riding_felsteed, has custom renderer that is not LivingEntityRenderer.
[04Aug2026 16:12:02.358] [Render thread/WARN] [com.github.alexmodguy.alexscaves.AlexsCaves/]: Could not apply radiation glow layer to born_in_chaos_v1:decaying_zombie_not_despawn, has custom renderer that is not LivingEntityRenderer.
[04Aug2026 16:12:02.358] [Render thread/WARN] [com.github.alexmodguy.alexscaves.AlexsCaves/]: Could not apply radiation glow layer to born_in_chaos_v1:door_knight_not_despawn, has custom renderer that is not LivingEntityRenderer.
[04Aug2026 16:12:02.359] [Render thread/WARN] [com.github.alexmodguy.alexscaves.AlexsCaves/]: Could not apply radiation glow layer to born_in_chaos_v1:bonescaller_not_despawn, has custom renderer that is not LivingEntityRenderer.
[04Aug2026 16:12:02.359] [Render thread/WARN] [com.github.alexmodguy.alexscaves.AlexsCaves/]: Could not apply radiation glow layer to born_in_chaos_v1:supreme_bonescaller_not_despawn, has custom renderer that is not LivingEntityRenderer.
[04Aug2026 16:12:02.359] [Render thread/WARN] [com.github.alexmodguy.alexscaves.AlexsCaves/]: Could not apply radiation glow layer to born_in_chaos_v1:skeleton_thrasher_not_despawn, has custom renderer that is not LivingEntityRenderer.
[04Aug2026 16:12:02.359] [Render thread/WARN] [com.github.alexmodguy.alexscaves.AlexsCaves/]: Could not apply radiation glow layer to born_in_chaos_v1:dread_hound_not_despawn, has custom renderer that is not LivingEntityRenderer.
[04Aug2026 16:12:02.359] [Render thread/WARN] [com.github.alexmodguy.alexscaves.AlexsCaves/]: Could not apply radiation glow layer to born_in_chaos_v1:firelight_not_despawn, has custom renderer that is not LivingEntityRenderer.
[04Aug2026 16:12:02.359] [Render thread/WARN] [com.github.alexmodguy.alexscaves.AlexsCaves/]: Could not apply radiation glow layer to born_in_chaos_v1:zombie_clown_not_despawn, has custom renderer that is not LivingEntityRenderer.
[04Aug2026 16:12:02.359] [Render thread/WARN] [com.github.alexmodguy.alexscaves.AlexsCaves/]: Could not apply radiation glow layer to born_in_chaos_v1:seared_spirit_not_despawn, has custom renderer that is not LivingEntityRenderer.
[04Aug2026 16:12:02.359] [Render thread/WARN] [com.github.alexmodguy.alexscaves.AlexsCaves/]: Could not apply radiation glow layer to born_in_chaos_v1:dire_hound_leader, has custom renderer that is not LivingEntityRenderer.
[04Aug2026 16:12:02.359] [Render thread/WARN] [com.github.alexmodguy.alexscaves.AlexsCaves/]: Could not apply radiation glow layer to born_in_chaos_v1:maggot, has custom renderer that is not LivingEntityRenderer.
[04Aug2026 16:12:02.359] [Render thread/WARN] [com.github.alexmodguy.alexscaves.AlexsCaves/]: Could not apply radiation glow layer to born_in_chaos_v1:corpse_fly, has custom renderer that is not LivingEntityRenderer.
[04Aug2026 16:12:02.359] [Render thread/WARN] [com.github.alexmodguy.alexscaves.AlexsCaves/]: Could not apply radiation glow layer to born_in_chaos_v1:bloody_gadfly, has custom renderer that is not LivingEntityRenderer.
[04Aug2026 16:12:02.359] [Render thread/WARN] [com.github.alexmodguy.alexscaves.AlexsCaves/]: Could not apply radiation glow layer to born_in_chaos_v1:corpse_fish, has custom renderer that is not LivingEntityRenderer.
[04Aug2026 16:12:02.359] [Render thread/WARN] [com.github.alexmodguy.alexscaves.AlexsCaves/]: Could not apply radiation glow layer to born_in_chaos_v1:zombie_fisherman, has custom renderer that is not LivingEntityRenderer.
[04Aug2026 16:12:02.359] [Render thread/WARN] [com.github.alexmodguy.alexscaves.AlexsCaves/]: Could not apply radiation glow layer to born_in_chaos_v1:swarmer, has custom renderer that is not LivingEntityRenderer.
[04Aug2026 16:12:02.359] [Render thread/WARN] [com.github.alexmodguy.alexscaves.AlexsCaves/]: Could not apply radiation glow layer to born_in_chaos_v1:thornshell_crab, has custom renderer that is not LivingEntityRenderer.
[04Aug2026 16:12:02.359] [Render thread/WARN] [com.github.alexmodguy.alexscaves.AlexsCaves/]: Could not apply radiation glow layer to born_in_chaos_v1:glutton_fish, has custom renderer that is not LivingEntityRenderer.
[04Aug2026 16:12:02.359] [Render thread/WARN] [com.github.alexmodguy.alexscaves.AlexsCaves/]: Could not apply radiation glow layer to born_in_chaos_v1:zombie_bruiser, has custom renderer that is not LivingEntityRenderer.
[04Aug2026 16:12:02.359] [Render thread/WARN] [com.github.alexmodguy.alexscaves.AlexsCaves/]: Could not apply radiation glow layer to born_in_chaos_v1:pumpkin_bomb, has custom renderer that is not LivingEntityRenderer.
[04Aug2026 16:12:02.359] [Render thread/WARN] [com.github.alexmodguy.alexscaves.AlexsCaves/]: Could not apply radiation glow layer to born_in_chaos_v1:senor_pumpkin, has custom renderer that is not LivingEntityRenderer.
[04Aug2026 16:12:02.359] [Render thread/WARN] [com.github.alexmodguy.alexscaves.AlexsCaves/]: Could not apply radiation glow layer to born_in_chaos_v1:lord_pumpkinhead, has custom renderer that is not LivingEntityRenderer.
[04Aug2026 16:12:02.359] [Render thread/WARN] [com.github.alexmodguy.alexscaves.AlexsCaves/]: Could not apply radiation glow layer to born_in_chaos_v1:lords_felsteed, has custom renderer that is not LivingEntityRenderer.
[04Aug2026 16:12:02.359] [Render thread/WARN] [com.github.alexmodguy.alexscaves.AlexsCaves/]: Could not apply radiation glow layer to born_in_chaos_v1:lord_pumpkinhead_withouta_horse, has custom renderer that is not LivingEntityRenderer.
[04Aug2026 16:12:02.359] [Render thread/WARN] [com.github.alexmodguy.alexscaves.AlexsCaves/]: Could not apply radiation glow layer to born_in_chaos_v1:lord_the_headless, has custom renderer that is not LivingEntityRenderer.
[04Aug2026 16:12:02.359] [Render thread/WARN] [com.github.alexmodguy.alexscaves.AlexsCaves/]: Could not apply radiation glow layer to born_in_chaos_v1:lord_pumpkinhead_head, has custom renderer that is not LivingEntityRenderer.
[04Aug2026 16:12:02.359] [Render thread/WARN] [com.github.alexmodguy.alexscaves.AlexsCaves/]: Could not apply radiation glow layer to born_in_chaos_v1:infernal_spirit, has custom renderer that is not LivingEntityRenderer.
[04Aug2026 16:12:02.359] [Render thread/WARN] [com.github.alexmodguy.alexscaves.AlexsCaves/]: Could not apply radiation glow layer to born_in_chaos_v1:riding_lords_felsteed, has custom renderer that is not LivingEntityRenderer.
[04Aug2026 16:12:02.359] [Render thread/WARN] [com.github.alexmodguy.alexscaves.AlexsCaves/]: Could not apply radiation glow layer to born_in_chaos_v1:zombie_lumberjack, has custom renderer that is not LivingEntityRenderer.
[04Aug2026 16:12:02.359] [Render thread/WARN] [com.github.alexmodguy.alexscaves.AlexsCaves/]: Could not apply radiation glow layer to born_in_chaos_v1:siamese_skeletons, has custom renderer that is not LivingEntityRenderer.
[04Aug2026 16:12:02.359] [Render thread/WARN] [com.github.alexmodguy.alexscaves.AlexsCaves/]: Could not apply radiation glow layer to born_in_chaos_v1:siamese_skeletonsleft, has custom renderer that is not LivingEntityRenderer.
[04Aug2026 16:12:02.359] [Render thread/WARN] [com.github.alexmodguy.alexscaves.AlexsCaves/]: Could not apply radiation glow layer to born_in_chaos_v1:siamese_skeletonsright, has custom renderer that is not LivingEntityRenderer.
[04Aug2026 16:12:02.359] [Render thread/WARN] [com.github.alexmodguy.alexscaves.AlexsCaves/]: Could not apply radiation glow layer to born_in_chaos_v1:missioner, has custom renderer that is not LivingEntityRenderer.
[04Aug2026 16:12:02.359] [Render thread/WARN] [com.github.alexmodguy.alexscaves.AlexsCaves/]: Could not apply radiation glow layer to born_in_chaos_v1:controlled_spiritual_assistant, has custom renderer that is not LivingEntityRenderer.
[04Aug2026 16:12:02.360] [Render thread/WARN] [com.github.alexmodguy.alexscaves.AlexsCaves/]: Could not apply radiation glow layer to born_in_chaos_v1:spiritof_chaos, has custom renderer that is not LivingEntityRenderer.
[04Aug2026 16:12:02.360] [Render thread/WARN] [com.github.alexmodguy.alexscaves.AlexsCaves/]: Could not apply radiation glow layer to born_in_chaos_v1:lifestealer, has custom renderer that is not LivingEntityRenderer.
[04Aug2026 16:12:02.360] [Render thread/WARN] [com.github.alexmodguy.alexscaves.AlexsCaves/]: Could not apply radiation glow layer to born_in_chaos_v1:lifestealer_true_form, has custom renderer that is not LivingEntityRenderer.
[04Aug2026 16:12:02.360] [Render thread/WARN] [com.github.alexmodguy.alexscaves.AlexsCaves/]: Could not apply radiation glow layer to born_in_chaos_v1:baby_spider, has custom renderer that is not LivingEntityRenderer.
[04Aug2026 16:12:02.360] [Render thread/WARN] [com.github.alexmodguy.alexscaves.AlexsCaves/]: Could not apply radiation glow layer to born_in_chaos_v1:mother_spider, has custom renderer that is not LivingEntityRenderer.
[04Aug2026 16:12:02.360] [Render thread/WARN] [com.github.alexmodguy.alexscaves.AlexsCaves/]: Could not apply radiation glow layer to born_in_chaos_v1:baby_spider_controlled, has custom renderer that is not LivingEntityRenderer.
[04Aug2026 16:12:02.360] [Render thread/WARN] [com.github.alexmodguy.alexscaves.AlexsCaves/]: Could not apply radiation glow layer to born_in_chaos_v1:nightmare_stalker, has custom renderer that is not LivingEntityRenderer.
[04Aug2026 16:12:02.360] [Render thread/WARN] [com.github.alexmodguy.alexscaves.AlexsCaves/]: Could not apply radiation glow layer to born_in_chaos_v1:pumpkin_dunce, has custom renderer that is not LivingEntityRenderer.
[04Aug2026 16:12:02.360] [Render thread/WARN] [com.github.alexmodguy.alexscaves.AlexsCaves/]: Could not apply radiation glow layer to born_in_chaos_v1:mrs_pumpkin, has custom renderer that is not LivingEntityRenderer.
[04Aug2026 16:12:02.360] [Render thread/WARN] [com.github.alexmodguy.alexscaves.AlexsCaves/]: Could not apply radiation glow layer to born_in_chaos_v1:pumpkin_bruiser, has custom renderer that is not LivingEntityRenderer.
[04Aug2026 16:12:02.360] [Render thread/WARN] [com.github.alexmodguy.alexscaves.AlexsCaves/]: Could not apply radiation glow layer to born_in_chaos_v1:krampus, has custom renderer that is not LivingEntityRenderer.
[04Aug2026 16:12:02.360] [Render thread/WARN] [com.github.alexmodguy.alexscaves.AlexsCaves/]: Could not apply radiation glow layer to born_in_chaos_v1:krampus_henchman, has custom renderer that is not LivingEntityRenderer.
[04Aug2026 16:12:02.360] [Render thread/WARN] [com.github.alexmodguy.alexscaves.AlexsCaves/]: Could not apply radiation glow layer to born_in_chaos_v1:missionary_raider, has custom renderer that is not LivingEntityRenderer.
[04Aug2026 16:12:02.360] [Render thread/WARN] [com.github.alexmodguy.alexscaves.AlexsCaves/]: Could not apply radiation glow layer to irons_spellbooks:wisp, has custom renderer that is not LivingEntityRenderer.
[04Aug2026 16:12:02.360] [Render thread/WARN] [com.github.alexmodguy.alexscaves.AlexsCaves/]: Could not apply radiation glow layer to irons_spellbooks:spectral_hammer, has custom renderer that is not LivingEntityRenderer.
[04Aug2026 16:12:02.360] [Render thread/WARN] [com.github.alexmodguy.alexscaves.AlexsCaves/]: Could not apply radiation glow layer to irons_spellbooks:debug_wizard, has custom renderer that is not LivingEntityRenderer.
[04Aug2026 16:12:02.360] [Render thread/WARN] [com.github.alexmodguy.alexscaves.AlexsCaves/]: Could not apply radiation glow layer to irons_spellbooks:pyromancer, has custom renderer that is not LivingEntityRenderer.
[04Aug2026 16:12:02.360] [Render thread/WARN] [com.github.alexmodguy.alexscaves.AlexsCaves/]: Could not apply radiation glow layer to irons_spellbooks:cryomancer, has custom renderer that is not LivingEntityRenderer.
[04Aug2026 16:12:02.360] [Render thread/WARN] [com.github.alexmodguy.alexscaves.AlexsCaves/]: Could not apply radiation glow layer to irons_spellbooks:necromancer, has custom renderer that is not LivingEntityRenderer.
[04Aug2026 16:12:02.360] [Render thread/WARN] [com.github.alexmodguy.alexscaves.AlexsCaves/]: Could not apply radiation glow layer to irons_spellbooks:summoned_zombie, has custom renderer that is not LivingEntityRenderer.
[04Aug2026 16:12:02.360] [Render thread/WARN] [com.github.alexmodguy.alexscaves.AlexsCaves/]: Could not apply radiation glow layer to irons_spellbooks:summoned_skeleton, has custom renderer that is not LivingEntityRenderer.
[04Aug2026 16:12:02.360] [Render thread/WARN] [com.github.alexmodguy.alexscaves.AlexsCaves/]: Could not apply radiation glow layer to irons_spellbooks:dead_king, has custom renderer that is not LivingEntityRenderer.
[04Aug2026 16:12:02.360] [Render thread/WARN] [com.github.alexmodguy.alexscaves.AlexsCaves/]: Could not apply radiation glow layer to irons_spellbooks:dead_king_corpse, has custom renderer that is not LivingEntityRenderer.
[04Aug2026 16:12:02.360] [Render thread/WARN] [com.github.alexmodguy.alexscaves.AlexsCaves/]: Could not apply radiation glow layer to irons_spellbooks:archevoker, has custom renderer that is not LivingEntityRenderer.
[04Aug2026 16:12:02.360] [Render thread/WARN] [com.github.alexmodguy.alexscaves.AlexsCaves/]: Could not apply radiation glow layer to irons_spellbooks:citadel_keeper, has custom renderer that is not LivingEntityRenderer.
[04Aug2026 16:12:02.360] [Render thread/WARN] [com.github.alexmodguy.alexscaves.AlexsCaves/]: Could not apply radiation glow layer to irons_spellbooks:fire_boss, has custom renderer that is not LivingEntityRenderer.
[04Aug2026 16:12:02.360] [Render thread/WARN] [com.github.alexmodguy.alexscaves.AlexsCaves/]: Could not apply radiation glow layer to irons_spellbooks:sculk_tentacle, has custom renderer that is not LivingEntityRenderer.
[04Aug2026 16:12:02.360] [Render thread/WARN] [com.github.alexmodguy.alexscaves.AlexsCaves/]: Could not apply radiation glow layer to irons_spellbooks:root, has custom renderer that is not LivingEntityRenderer.
[04Aug2026 16:12:02.360] [Render thread/WARN] [com.github.alexmodguy.alexscaves.AlexsCaves/]: Could not apply radiation glow layer to irons_spellbooks:priest, has custom renderer that is not LivingEntityRenderer.
[04Aug2026 16:12:02.360] [Render thread/WARN] [com.github.alexmodguy.alexscaves.AlexsCaves/]: Could not apply radiation glow layer to irons_spellbooks:firefly_swarm, has custom renderer that is not LivingEntityRenderer.
[04Aug2026 16:12:02.360] [Render thread/WARN] [com.github.alexmodguy.alexscaves.AlexsCaves/]: Could not apply radiation glow layer to irons_spellbooks:apothecarist, has custom renderer that is not LivingEntityRenderer.
[04Aug2026 16:12:02.360] [Render thread/WARN] [com.github.alexmodguy.alexscaves.AlexsCaves/]: Could not apply radiation glow layer to irons_spellbooks:cultist, has custom renderer that is not LivingEntityRenderer.
[04Aug2026 16:12:02.360] [Render thread/WARN] [com.github.alexmodguy.alexscaves.AlexsCaves/]: Could not apply radiation glow layer to irons_spellbooks:cursed_armor_stand, has custom renderer that is not LivingEntityRenderer.
[04Aug2026 16:12:02.360] [Render thread/WARN] [com.github.alexmodguy.alexscaves.AlexsCaves/]: Could not apply radiation glow layer to irons_spellbooks:summoned_sword, has custom renderer that is not LivingEntityRenderer.
[04Aug2026 16:12:02.360] [Render thread/WARN] [com.github.alexmodguy.alexscaves.AlexsCaves/]: Could not apply radiation glow layer to irons_spellbooks:summoned_claymore, has custom renderer that is not LivingEntityRenderer.
[04Aug2026 16:12:02.360] [Render thread/WARN] [com.github.alexmodguy.alexscaves.AlexsCaves/]: Could not apply radiation glow layer to irons_spellbooks:summoned_rapier, has custom renderer that is not LivingEntityRenderer.
[04Aug2026 16:12:02.360] [Render thread/WARN] [com.github.alexmodguy.alexscaves.AlexsCaves/]: Could not apply radiation glow layer to irons_spellbooks:ice_spider, has custom renderer that is not LivingEntityRenderer.
[04Aug2026 16:12:02.361] [Render thread/WARN] [com.github.alexmodguy.alexscaves.AlexsCaves/]: Could not apply radiation glow layer to creeperoverhaul:jungle_creeper, has custom renderer that is not LivingEntityRenderer.
[04Aug2026 16:12:02.361] [Render thread/WARN] [com.github.alexmodguy.alexscaves.AlexsCaves/]: Could not apply radiation glow layer to creeperoverhaul:bamboo_creeper, has custom renderer that is not LivingEntityRenderer.
[04Aug2026 16:12:02.361] [Render thread/WARN] [com.github.alexmodguy.alexscaves.AlexsCaves/]: Could not apply radiation glow layer to creeperoverhaul:desert_creeper, has custom renderer that is not LivingEntityRenderer.
[04Aug2026 16:12:02.361] [Render thread/WARN] [com.github.alexmodguy.alexscaves.AlexsCaves/]: Could not apply radiation glow layer to creeperoverhaul:badlands_creeper, has custom renderer that is not LivingEntityRenderer.
[04Aug2026 16:12:02.361] [Render thread/WARN] [com.github.alexmodguy.alexscaves.AlexsCaves/]: Could not apply radiation glow layer to creeperoverhaul:hills_creeper, has custom renderer that is not LivingEntityRenderer.
[04Aug2026 16:12:02.361] [Render thread/WARN] [com.github.alexmodguy.alexscaves.AlexsCaves/]: Could not apply radiation glow layer to creeperoverhaul:savannah_creeper, has custom renderer that is not LivingEntityRenderer.
[04Aug2026 16:12:02.361] [Render thread/WARN] [com.github.alexmodguy.alexscaves.AlexsCaves/]: Could not apply radiation glow layer to creeperoverhaul:mushroom_creeper, has custom renderer that is not LivingEntityRenderer.
[04Aug2026 16:12:02.361] [Render thread/WARN] [com.github.alexmodguy.alexscaves.AlexsCaves/]: Could not apply radiation glow layer to creeperoverhaul:swamp_creeper, has custom renderer that is not LivingEntityRenderer.
[04Aug2026 16:12:02.361] [Render thread/WARN] [com.github.alexmodguy.alexscaves.AlexsCaves/]: Could not apply radiation glow layer to creeperoverhaul:dripstone_creeper, has custom renderer that is not LivingEntityRenderer.
[04Aug2026 16:12:02.361] [Render thread/WARN] [com.github.alexmodguy.alexscaves.AlexsCaves/]: Could not apply radiation glow layer to creeperoverhaul:cave_creeper, has custom renderer that is not LivingEntityRenderer.
[04Aug2026 16:12:02.361] [Render thread/WARN] [com.github.alexmodguy.alexscaves.AlexsCaves/]: Could not apply radiation glow layer to creeperoverhaul:dark_oak_creeper, has custom renderer that is not LivingEntityRenderer.
[04Aug2026 16:12:02.361] [Render thread/WARN] [com.github.alexmodguy.alexscaves.AlexsCaves/]: Could not apply radiation glow layer to creeperoverhaul:spruce_creeper, has custom renderer that is not LivingEntityRenderer.
[04Aug2026 16:12:02.361] [Render thread/WARN] [com.github.alexmodguy.alexscaves.AlexsCaves/]: Could not apply radiation glow layer to creeperoverhaul:beach_creeper, has custom renderer that is not LivingEntityRenderer.
[04Aug2026 16:12:02.361] [Render thread/WARN] [com.github.alexmodguy.alexscaves.AlexsCaves/]: Could not apply radiation glow layer to creeperoverhaul:snowy_creeper, has custom renderer that is not LivingEntityRenderer.
[04Aug2026 16:12:02.361] [Render thread/WARN] [com.github.alexmodguy.alexscaves.AlexsCaves/]: Could not apply radiation glow layer to creeperoverhaul:ocean_creeper, has custom renderer that is not LivingEntityRenderer.
[04Aug2026 16:12:02.361] [Render thread/WARN] [com.github.alexmodguy.alexscaves.AlexsCaves/]: Could not apply radiation glow layer to creeperoverhaul:birch_creeper, has custom renderer that is not LivingEntityRenderer.
[04Aug2026 16:12:02.363] [Render thread/INFO] [net.minecraft.client.renderer.texture.TextureAtlas/]: Created: 2048x2048x0 minecraft:textures/atlas/particles.png-atlas
[04Aug2026 16:12:02.372] [Render thread/INFO] [net.minecraft.client.renderer.texture.TextureAtlas/]: Created: 1024x512x0 minecraft:textures/atlas/paintings.png-atlas
[04Aug2026 16:12:02.373] [Render thread/INFO] [net.minecraft.client.renderer.texture.TextureAtlas/]: Created: 512x512x0 minecraft:textures/atlas/mob_effects.png-atlas
[04Aug2026 16:12:02.375] [Render thread/INFO] [net.minecraft.client.renderer.texture.TextureAtlas/]: Created: 256x256x0 minecraft:textures/atlas/map_decorations.png-atlas
[04Aug2026 16:12:02.375] [Render thread/INFO] [net.minecraft.client.renderer.texture.TextureAtlas/]: Created: 2048x1024x0 minecraft:textures/atlas/gui.png-atlas
[04Aug2026 16:12:02.420] [Render thread/WARN] [net.minecraft.client.renderer.ShaderInstance/]: Shader rendertype_entity_translucent_emissive could not find sampler named Sampler2 in the specified shader program.
[04Aug2026 16:12:02.532] [Render thread/WARN] [net.minecraft.client.renderer.ShaderInstance/]: Shader ldlib2:graph_wire could not find uniform named iTime in the specified shader program.
[04Aug2026 16:12:02.575] [Render thread/INFO] [com.github.alexmodguy.alexscaves.AlexsCaves/]: registered internal shaders
[04Aug2026 16:12:02.646] [Render thread/INFO] [net.neoforged.neoforge.client.entity.animation.json.AnimationLoader/]: Loaded 0 entity animations
[04Aug2026 16:12:02.646] [Render thread/INFO] [Veil/]: Loaded 3 framebuffers
[04Aug2026 16:12:02.658] [Render thread/INFO] [Veil/]: Loaded 6 post pipelines
[04Aug2026 16:12:02.661] [Render thread/INFO] [Veil/]: Loaded 5 render types
[04Aug2026 16:12:02.661] [Render thread/INFO] [Veil/]: Enabled bloom pipeline
[04Aug2026 16:12:02.661] [Render thread/INFO] [Veil/]: Loaded 0 quasar particles
[04Aug2026 16:12:02.662] [Render thread/INFO] [Veil/]: Loaded 0 templates
[04Aug2026 16:12:02.662] [Render thread/INFO] [Veil/]: Loaded 0 modules
[04Aug2026 16:12:02.693] [Render thread/INFO] [flywheel/backend/shaders/]: Loaded 82 shader sources in 12.941 ms
[04Aug2026 16:12:02.831] [Render thread/INFO] [euphoria_patcher/]: EuphoriaPatcher: Added Euphoria Patches defines to Iris
[04Aug2026 16:12:04.114] [Render thread/INFO] [xaero.lib.XaeroLib/]: Successfully reloaded the XaeroLib shaders!
[04Aug2026 16:12:04.119] [Render thread/INFO] [com.simibubi.create.Create/]: Loaded 59 train hat configurations.
[04Aug2026 16:12:04.119] [Render thread/INFO] [com.teamabnormals.blueprint.core.Blueprint/]: Blueprint Splash Manager has loaded 0 splashes
[04Aug2026 16:12:04.119] [Render thread/INFO] [net.minecraft.client.renderer.texture.TextureAtlas/]: Created: 256x256x0 jei:textures/atlas/gui.png-atlas
[04Aug2026 16:12:04.137] [Render thread/WARN] [flywheel/]: Flywheel backend fell back from 'irisflw:iris_instancing' to 'flywheel:indirect'
[04Aug2026 16:12:04.159] [Render thread/INFO] [rechiseled/]: 1 chiseling plugins were registered: [rechiseled:datapacks]
[04Aug2026 16:12:04.185] [Render thread/INFO] [DistantHorizons-DistantHorizons-com.seibel.distanthorizons.core.jar.updater.SelfUpdater/]: Distant Horizons auto update disabled.
[04Aug2026 16:12:04.219] [Render thread/INFO] [Sodium/]: Block minecraft:large_fern had its color provider replaced with org.violetmoon.quark.content.client.module.GreenerGrassModule$Client$$Lambda/0x000001adeb878238@2a36052 and will not use per-vertex coloring
[04Aug2026 16:12:04.219] [Render thread/INFO] [Sodium/]: Block minecraft:tall_grass had its color provider replaced with org.violetmoon.quark.content.client.module.GreenerGrassModule$Client$$Lambda/0x000001adeb878238@7b319178 and will not use per-vertex coloring
[04Aug2026 16:12:04.219] [Render thread/INFO] [Sodium/]: Block minecraft:grass_block had its color provider replaced with org.violetmoon.quark.content.client.module.GreenerGrassModule$Client$$Lambda/0x000001adeb878238@4abea1a6 and will not use per-vertex coloring
[04Aug2026 16:12:04.219] [Render thread/INFO] [Sodium/]: Block minecraft:fern had its color provider replaced with org.violetmoon.quark.content.client.module.GreenerGrassModule$Client$$Lambda/0x000001adeb878238@5616e954 and will not use per-vertex coloring
[04Aug2026 16:12:04.219] [Render thread/INFO] [Sodium/]: Block minecraft:short_grass had its color provider replaced with org.violetmoon.quark.content.client.module.GreenerGrassModule$Client$$Lambda/0x000001adeb878238@4faea234 and will not use per-vertex coloring
[04Aug2026 16:12:04.219] [Render thread/INFO] [Sodium/]: Block minecraft:potted_fern had its color provider replaced with org.violetmoon.quark.content.client.module.GreenerGrassModule$Client$$Lambda/0x000001adeb878238@38e350e8 and will not use per-vertex coloring
[04Aug2026 16:12:04.219] [Render thread/INFO] [Sodium/]: Block minecraft:sugar_cane had its color provider replaced with org.violetmoon.quark.content.client.module.GreenerGrassModule$Client$$Lambda/0x000001adeb878238@7ef75c3 and will not use per-vertex coloring
[04Aug2026 16:12:04.219] [Render thread/INFO] [Sodium/]: Block minecraft:spruce_leaves had its color provider replaced with org.violetmoon.quark.content.client.module.GreenerGrassModule$Client$$Lambda/0x000001adeb878238@5cd7d1cf and will not use per-vertex coloring
[04Aug2026 16:12:04.219] [Render thread/INFO] [Sodium/]: Block minecraft:birch_leaves had its color provider replaced with org.violetmoon.quark.content.client.module.GreenerGrassModule$Client$$Lambda/0x000001adeb878238@7e91aead and will not use per-vertex coloring
[04Aug2026 16:12:04.219] [Render thread/INFO] [Sodium/]: Block minecraft:oak_leaves had its color provider replaced with org.violetmoon.quark.content.client.module.GreenerGrassModule$Client$$Lambda/0x000001adeb878238@22c8dd1 and will not use per-vertex coloring
[04Aug2026 16:12:04.219] [Render thread/INFO] [Sodium/]: Block minecraft:jungle_leaves had its color provider replaced with org.violetmoon.quark.content.client.module.GreenerGrassModule$Client$$Lambda/0x000001adeb878238@770aa6df and will not use per-vertex coloring
[04Aug2026 16:12:04.219] [Render thread/INFO] [Sodium/]: Block minecraft:acacia_leaves had its color provider replaced with org.violetmoon.quark.content.client.module.GreenerGrassModule$Client$$Lambda/0x000001adeb878238@15b14858 and will not use per-vertex coloring
[04Aug2026 16:12:04.219] [Render thread/INFO] [Sodium/]: Block minecraft:dark_oak_leaves had its color provider replaced with org.violetmoon.quark.content.client.module.GreenerGrassModule$Client$$Lambda/0x000001adeb878238@66a66885 and will not use per-vertex coloring
[04Aug2026 16:12:04.219] [Render thread/INFO] [Sodium/]: Block autumnity:maple_leaves had its color provider replaced with org.violetmoon.quark.content.client.module.GreenerGrassModule$Client$$Lambda/0x000001adeb878238@23385 and will not use per-vertex coloring
[04Aug2026 16:12:04.219] [Render thread/INFO] [Sodium/]: Block minecraft:vine had its color provider replaced with org.violetmoon.quark.content.client.module.GreenerGrassModule$Client$$Lambda/0x000001adeb878238@229c5104 and will not use per-vertex coloring
[04Aug2026 16:12:04.294] [Render thread/INFO] [ambientsounds/]: Loaded AmbientEngine 'basic' v3.2.5. 11 dimension(s), 11 features, 11 blockgroups, 2 sound collections, 38 regions, 60 sounds, 12 sound categories, 6 solids and 2 biome types
[04Aug2026 16:12:06.195] [Render thread/WARN] [ModernFix/]: Game took 77.677 seconds to start
[04Aug2026 16:12:08.802] [Render thread/INFO] [com.cupboard.Cupboard/]: Loaded config for: connectivity.json
[04Aug2026 16:12:16.147] [Render thread/INFO] [com.cupboard.Cupboard/]: Loaded config for: smoothchunk.json
[04Aug2026 16:12:16.153] [Render thread/INFO] [Iris/]: Creating pipeline for dimension minecraft:overworld
[04Aug2026 16:12:19.054] [Render thread/INFO] [net.minecraft.client.Minecraft/]: Stopping!
[04Aug2026 16:12:19.060] [CullThread/INFO] [STDOUT/]: [dev.tr7zw.entityculling.CullTask:run:89]: Shutting down culling task!
[04Aug2026 16:12:19.170] [Thread-16/INFO] [com.finchy.pipeorgans.PipeOrgans/]: Closing selected MIDI device...
